season,week,generated_at_utc,code_version,group,entity_id,espn_id,name,position,team,opponent,kickoff_utc,pred_model,pred_baseline,espn_projection,espn_injury_status,on_my_roster,my_slot,pred_q10,pred_q90
2026,3,2026-09-23T03:17:34.693593+0000,df8ea05,offense,00-0023459,8439,Aaron Rodgers,QB,PIT,CIN,2026-09-27T17:00:00.000000+0000,14.318349917308312,11.428,14.15,ACTIVE,false,,,
2026,3,2026-09-23T03:17:34.693593+0000,df8ea05,offense,00-0026158,11252,Joe Flacco,QB,CIN,PIT,2026-09-27T17:00:00.000000+0000,2.5350193250007895,4.200000000000001,0.0,ACTIVE,false,,,
2026,3,2026-09-23T03:17:34.693593+0000,df8ea05,offense,00-0026498,12483,Matthew Stafford,QB,LA,DEN,2026-09-28T00:20:00.000000+0000,17.46181351738963,20.276,15.72,ACTIVE,false,,,
2026,3,2026-09-23T03:17:34.693593+0000,df8ea05,offense,00-0027973,14012,Andy Dalton,QB,PHI,CHI,2026-09-29T00:15:00.000000+0000,3.5066044058092456,1.908,0.0,ACTIVE,false,,,
2026,3,2026-09-23T03:17:34.693593+0000,df8ea05,offense,00-0028118,14163,Tyrod Taylor,QB,GB,ATL,2026-09-25T00:15:00.000000+0000,8.196308729238078,10.224,0.0,ACTIVE,false,,,
2026,3,2026-09-23T03:17:34.693593+0000,df8ea05,offense,00-0028986,15168,Case Keenum,QB,CHI,PHI,2026-09-29T00:15:00.000000+0000,5.740647034195887,4.87,0.0,ACTIVE,false,,,
2026,3,2026-09-23T03:17:34.693593+0000,df8ea05,offense,00-0029604,14880,Kirk Cousins,QB,LV,NO,2026-09-27T20:25:00.000000+0000,14.752254216089048,13.988,13.0,ACTIVE,false,,,
2026,3,2026-09-23T03:17:34.693593+0000,df8ea05,offense,00-0029892,16002,Kyle Juszczyk,RB,SF,ARI,2026-09-27T20:05:00.000000+0000,2.5684827569894417,7.425130276711768,2.61,ACTIVE,false,,,
2026,3,2026-09-23T03:17:34.693593+0000,df8ea05,offense,00-0030279,15818,Keenan Allen,WR,IND,HOU,2026-09-27T17:00:00.000000+0000,8.104912733935986,6.6800000000000015,9.53,ACTIVE,false,,,
2026,3,2026-09-23T03:17:34.693593+0000,df8ea05,offense,00-0030506,15847,Travis Kelce,TE,KC,MIA,2026-09-27T17:00:00.000000+0000,12.505746403210184,9.919999999999998,12.68,ACTIVE,true,BE,,
2026,3,2026-09-23T03:17:34.693593+0000,df8ea05,offense,00-0030565,15864,Geno Smith,QB,NYJ,DET,2026-09-27T17:00:00.000000+0000,13.47589504148519,11.02,15.07,ACTIVE,false,,,
2026,3,2026-09-23T03:17:34.693593+0000,df8ea05,offense,00-0031235,16733,Odell Beckham Jr.,WR,NYG,TEN,2026-09-27T17:00:00.000000+0000,1.4304644583769022,0.6,0.58,ACTIVE,false,,,
2026,3,2026-09-23T03:17:34.693593+0000,df8ea05,offense,00-0031381,16800,Davante Adams,WR,LA,DEN,2026-09-28T00:20:00.000000+0000,15.539930754969394,16.98,13.82,ACTIVE,false,,,
2026,3,2026-09-23T03:17:34.693593+0000,df8ea05,offense,00-0031408,16737,Mike Evans,WR,SF,ARI,2026-09-27T20:05:00.000000+0000,11.40833265138646,11.379999999999999,12.48,QUESTIONABLE,false,,,
2026,3,2026-09-23T03:17:34.693593+0000,df8ea05,offense,00-0031484,2531358,Chris Manhertz,TE,NYG,TEN,2026-09-27T17:00:00.000000+0000,1.1228847660720946,0.0,0.0,ACTIVE,false,,,
2026,3,2026-09-23T03:17:34.693593+0000,df8ea05,offense,00-0031503,2969939,Jameis Winston,QB,NYG,TEN,2026-09-27T17:00:00.000000+0000,11.391233885850113,9.092,14.68,ACTIVE,false,,,
2026,3,2026-09-23T03:17:34.693593+0000,df8ea05,offense,00-0031588,2976212,Stefon Diggs,WR,WAS,SEA,2026-09-27T17:00:00.000000+0000,12.228589735066237,17.880000000000003,10.83,ACTIVE,false,,,
2026,3,2026-09-23T03:17:34.693593+0000,df8ea05,offense,00-0031595,2515270,Michael Burton,RB,CLE,CAR,2026-09-27T17:00:00.000000+0000,2.5884500441408314,7.425130276711768,0.62,ACTIVE,false,,,
2026,3,2026-09-23T03:17:34.693593+0000,df8ea05,offense,00-0031610,2576925,Darren Waller,TE,CAR,CLE,2026-09-27T17:00:00.000000+0000,6.403639676609638,11.34,5.56,ACTIVE,false,,,
2026,3,2026-09-23T03:17:34.693593+0000,df8ea05,offense,00-0032104,2576336,Ameer Abdullah,RB,JAX,NE,2026-09-27T17:00:00.000000+0000,3.491227525194633,2.7600000000000002,1.85,ACTIVE,false,,,
2026,3,2026-09-23T03:17:34.693593+0000,df8ea05,offense,00-0032268,2576980,Marcus Mariota,QB,WAS,SEA,2026-09-27T17:00:00.000000+0000,10.833792331180149,9.667999999999997,15.32,ACTIVE,false,,,
2026,3,2026-09-23T03:17:34.693593+0000,df8ea05,offense,00-0032392,3043275,Austin Hooper,TE,ATL,GB,2026-09-25T00:15:00.000000+0000,2.735192419064402,3.999999999999999,1.56,ACTIVE,false,,,
2026,3,2026-09-23T03:17:34.693593+0000,df8ea05,offense,00-0032398,2576581,Chris Moore,WR,BAL,DAL,2026-09-27T20:25:00.000000+0000,3.7616356134930635,2.08,5.54,ACTIVE,false,,,
2026,3,2026-09-23T03:17:34.693593+0000,df8ea05,offense,00-0032464,2973405,Kalif Raymond,WR,CHI,PHI,2026-09-29T00:15:00.000000+0000,8.377388411169783,10.26,7.44,ACTIVE,false,,,
2026,3,2026-09-23T03:17:34.693593+0000,df8ea05,offense,00-0032764,3043078,Derrick Henry,RB,BAL,DAL,2026-09-27T20:25:00.000000+0000,20.753648104244437,26.8,17.77,ACTIVE,false,,,
2026,3,2026-09-23T03:17:34.693593+0000,df8ea05,offense,00-0032775,3043116,Demarcus Robinson,WR,SF,ARI,2026-09-27T20:05:00.000000+0000,6.8126239098479315,8.02,0.0,OUT,false,,,
2026,3,2026-09-23T03:17:34.693593+0000,df8ea05,offense,00-0032950,2573079,Carson Wentz,QB,MIN,TB,2026-09-27T20:05:00.000000+0000,13.413576811138347,11.872,0.0,ACTIVE,false,,,
2026,3,2026-09-23T03:17:34.693593+0000,df8ea05,offense,00-0032951,3051889,Laquon Treadwell,WR,IND,HOU,2026-09-27T17:00:00.000000+0000,2.816970832394048,1.8200000000000003,6.27,ACTIVE,false,,,
2026,3,2026-09-23T03:17:34.693593+0000,df8ea05,offense,00-0033077,2577417,Dak Prescott,QB,DAL,BAL,2026-09-27T20:25:00.000000+0000,18.786547723225027,17.34,17.11,ACTIVE,false,,,
2026,3,2026-09-23T03:17:34.693593+0000,df8ea05,offense,00-0033090,3046439,Hunter Henry,TE,NE,JAX,2026-09-27T17:00:00.000000+0000,8.763508778560457,10.52,10.06,ACTIVE,false,,,
2026,3,2026-09-23T03:17:34.693593+0000,df8ea05,offense,00-0033106,3046779,Jared Goff,QB,DET,NYJ,2026-09-27T17:00:00.000000+0000,20.54682792545136,18.0,16.62,ACTIVE,false,,,
2026,3,2026-09-23T03:17:34.693593+0000,df8ea05,offense,00-0033110,2573401,Tyler Higbee,TE,LA,DEN,2026-09-28T00:20:00.000000+0000,3.4262915707147767,6.180000000000001,1.06,ACTIVE,false,,,
2026,3,2026-09-23T03:17:34.693593+0000,df8ea05,offense,00-0033119,2578570,Jacoby Brissett,QB,ARI,SF,2026-09-27T20:05:00.000000+0000,14.459310691814489,13.14,13.65,ACTIVE,false,,,
2026,3,2026-09-23T03:17:34.693593+0000,df8ea05,offense,00-0033217,2998565,Mo Alie-Cox,TE,IND,HOU,2026-09-27T17:00:00.000000+0000,1.7114542635807326,3.96,0.53,ACTIVE,false,,,
2026,3,2026-09-23T03:17:34.693593+0000,df8ea05,offense,00-0033246,3052096,Johnny Mundt,TE,PHI,CHI,2026-09-29T00:15:00.000000+0000,2.043751897169472,1.08,3.91,ACTIVE,false,,,
2026,3,2026-09-23T03:17:34.693593+0000,df8ea05,offense,00-0033280,3117251,Christian McCaffrey,RB,SF,ARI,2026-09-27T20:05:00.000000+0000,21.016124948792097,21.76,20.9,ACTIVE,false,,,
2026,3,2026-09-23T03:17:34.693593+0000,df8ea05,offense,00-0033288,3040151,George Kittle,TE,SF,ARI,2026-09-27T20:05:00.000000+0000,11.087088490618996,15.280000000000001,12.67,ACTIVE,false,,,
2026,3,2026-09-23T03:17:34.693593+0000,df8ea05,offense,00-0033293,3042519,Aaron Jones,RB,MIN,TB,2026-09-27T20:05:00.000000+0000,11.283856021383684,11.320000000000002,13.65,ACTIVE,false,,,
2026,3,2026-09-23T03:17:34.693593+0000,df8ea05,offense,00-0033307,3045523,Kendrick Bourne,WR,ARI,SF,2026-09-27T20:05:00.000000+0000,6.523996223197349,5.5600000000000005,6.71,ACTIVE,false,,,
2026,3,2026-09-23T03:17:34.693593+0000,df8ea05,offense,00-0033376,2975417,Patrick Ricard,RB,NYG,TEN,2026-09-27T17:00:00.000000+0000,1.094809834781231,0.36,0.43,ACTIVE,false,,,
2026,3,2026-09-23T03:17:34.693593+0000,df8ea05,offense,00-0033526,3116389,Samaje Perine,RB,CIN,PIT,2026-09-27T17:00:00.000000+0000,5.938167082124928,7.960000000000001,4.63,ACTIVE,false,,,
2026,3,2026-09-23T03:17:34.693593+0000,df8ea05,offense,00-0033537,3122840,Deshaun Watson,QB,CLE,CAR,2026-09-27T17:00:00.000000+0000,13.347379133540274,11.132,15.4,ACTIVE,false,,,
2026,3,2026-09-23T03:17:34.693593+0000,df8ea05,offense,00-0033555,2991662,Mack Hollins,WR,NE,JAX,2026-09-27T17:00:00.000000+0000,8.533353619279172,8.040000000000001,8.79,ACTIVE,false,,,
2026,3,2026-09-23T03:17:34.693593+0000,df8ea05,offense,00-0033576,2975863,Eric Saubert,TE,SEA,WAS,2026-09-27T17:00:00.000000+0000,1.2753113302308974,1.0,1.53,ACTIVE,false,,,
2026,3,2026-09-23T03:17:34.693593+0000,df8ea05,offense,00-0033662,2972515,Cooper Rush,QB,ATL,GB,2026-09-25T00:15:00.000000+0000,7.603963422474157,1.456,0.0,ACTIVE,false,,,
2026,3,2026-09-23T03:17:34.693593+0000,df8ea05,offense,00-0033757,2975674,Robert Tonyan,TE,PIT,CIN,2026-09-27T17:00:00.000000+0000,0.9027491797109776,0.0,0.0,ACTIVE,false,,,
2026,3,2026-09-23T03:17:34.693593+0000,df8ea05,offense,00-0033858,3054212,Jonnu Smith,TE,GB,ATL,2026-09-25T00:15:00.000000+0000,3.480526545584619,3.78,3.38,ACTIVE,false,,,
2026,3,2026-09-23T03:17:34.693593+0000,df8ea05,offense,00-0033869,3039707,Mitchell Trubisky,QB,TEN,NYG,2026-09-27T17:00:00.000000+0000,6.605349609916957,8.072,0.0,ACTIVE,false,,,
2026,3,2026-09-23T03:17:34.693593+0000,df8ea05,offense,00-0033873,3139477,Patrick Mahomes,QB,KC,MIA,2026-09-27T17:00:00.000000+0000,21.334947546969996,19.888,19.63,ACTIVE,false,,,
2026,3,2026-09-23T03:17:34.693593+0000,df8ea05,offense,00-0033881,3051876,Evan Engram,TE,DEN,LA,2026-09-28T00:20:00.000000+0000,5.818097879160809,7.239999999999999,6.14,ACTIVE,false,,,
2026,3,2026-09-23T03:17:34.693593+0000,df8ea05,offense,00-0033885,3123076,David Njoku,TE,LAC,BUF,2026-09-27T17:00:00.000000+0000,4.9743711298947355,4.4399999999999995,0.0,OUT,false,,,
2026,3,2026-09-23T03:17:34.693593+0000,df8ea05,offense,00-0033906,3054850,Alvin Kamara,RB,NO,LV,2026-09-27T20:25:00.000000+0000,8.734005125122072,6.480000000000001,9.58,ACTIVE,false,,,
2026,3,2026-09-23T03:17:34.693593+0000,df8ea05,offense,00-0033908,2977187,Cooper Kupp,WR,SEA,WAS,2026-09-27T17:00:00.000000+0000,5.486309112590157,4.58,5.87,ACTIVE,false,,,
2026,3,2026-09-23T03:17:34.693593+0000,df8ea05,offense,00-0033921,3116165,Chris Godwin Jr.,WR,TB,MIN,2026-09-27T20:05:00.000000+0000,8.230338145095798,10.14,8.8,ACTIVE,false,,,
2026,3,2026-09-23T03:17:34.693593+0000,df8ea05,offense,00-0033949,3044720,Joshua Dobbs,QB,DET,NYJ,2026-09-27T17:00:00.000000+0000,2.6011899928949203,4.968,0.0,ACTIVE,false,,,
2026,3,2026-09-23T03:17:34.693593+0000,df8ea05,offense,00-0034270,3915486,Tyler Conklin,TE,DET,NYJ,2026-09-27T17:00:00.000000+0000,0.9059320895738484,0.76,0.0,ACTIVE,false,,,
2026,3,2026-09-23T03:17:34.693593+0000,df8ea05,offense,00-0034348,3128429,Courtland Sutton,WR,DEN,LA,2026-09-28T00:20:00.000000+0000,8.809164192054627,7.74,10.92,ACTIVE,true,BE,,
2026,3,2026-09-23T03:17:34.693593+0000,df8ea05,offense,00-0034351,3121023,Dallas Goedert,TE,PHI,CHI,2026-09-29T00:15:00.000000+0000,9.83100987294825,14.420000000000002,0.0,DOUBTFUL,false,,,
2026,3,2026-09-23T03:17:34.693593+0000,df8ea05,offense,00-0034365,4045305,Ian Thomas,TE,LV,NO,2026-09-27T20:25:00.000000+0000,1.4330679858589388,1.1600000000000001,0.55,ACTIVE,false,,,
2026,3,2026-09-23T03:17:34.693593+0000,df8ea05,offense,00-0034383,3117256,Dalton Schultz,TE,HOU,IND,2026-09-27T17:00:00.000000+0000,12.332181385369237,12.84,9.53,ACTIVE,false,,,
2026,3,2026-09-23T03:17:34.693593+0000,df8ea05,offense,00-0034419,3123075,Braxton Berrios,WR,NYG,TEN,2026-09-27T17:00:00.000000+0000,1.200534840260128,1.7600000000000002,0.57,ACTIVE,false,,,
2026,3,2026-09-23T03:17:34.693593+0000,df8ea05,offense,00-0034577,3115293,Kyle Allen,QB,BUF,LAC,2026-09-27T17:00:00.000000+0000,1.87856159770576,0.05199999999999998,0.0,ACTIVE,false,,,
2026,3,2026-09-23T03:17:34.693593+0000,df8ea05,offense,00-0034753,3116365,Mark Andrews,TE,BAL,DAL,2026-09-27T20:25:00.000000+0000,8.683475504918162,6.880000000000001,10.21,ACTIVE,false,,,
2026,3,2026-09-23T03:17:34.693593+0000,df8ea05,offense,00-0034771,3116407,Mason Rudolph,QB,PIT,CIN,2026-09-27T17:00:00.000000+0000,4.824537842934935,2.964,0.0,ACTIVE,false,,,
2026,3,2026-09-23T03:17:34.693593+0000,df8ea05,offense,00-0034796,3916387,Lamar Jackson,QB,BAL,DAL,2026-09-27T20:25:00.000000+0000,17.84205471302903,15.904,21.07,ACTIVE,false,,,
2026,3,2026-09-23T03:17:34.693593+0000,df8ea05,offense,00-0034798,3052897,Durham Smythe,TE,BAL,DAL,2026-09-27T20:25:00.000000+0000,1.8100572402364923,0.7,1.97,ACTIVE,false,,,
2026,3,2026-09-23T03:17:34.693593+0000,df8ea05,offense,00-0034827,3915416,DJ Moore,WR,BUF,LAC,2026-09-27T17:00:00.000000+0000,9.674471998664973,9.319999999999999,12.56,QUESTIONABLE,false,,,
2026,3,2026-09-23T03:17:34.693593+0000,df8ea05,offense,00-0034829,3116164,Mike Gesicki,TE,CIN,PIT,2026-09-27T17:00:00.000000+0000,6.5772692382206035,8.260000000000002,6.63,ACTIVE,false,,,
2026,3,2026-09-23T03:17:34.693593+0000,df8ea05,offense,00-0034837,3925357,Calvin Ridley,WR,TEN,NYG,2026-09-27T17:00:00.000000+0000,3.6059508259710347,5.74,6.38,ACTIVE,false,,,
2026,3,2026-09-23T03:17:34.693593+0000,df8ea05,offense,00-0034844,3929630,Saquon Barkley,RB,PHI,CHI,2026-09-29T00:15:00.000000+0000,11.898373569931245,11.440000000000001,17.37,QUESTIONABLE,false,,,
2026,3,2026-09-23T03:17:34.693593+0000,df8ea05,offense,00-0034854,3047876,KhaDarel Hodge,WR,SF,ARI,2026-09-27T20:05:00.000000+0000,1.2982048269869526,0.5599999999999999,,,false,,,
2026,3,2026-09-23T03:17:34.693593+0000,df8ea05,offense,00-0034855,3052587,Baker Mayfield,QB,TB,MIN,2026-09-27T20:05:00.000000+0000,15.795802823120775,13.436000000000002,15.6,ACTIVE,false,,,
2026,3,2026-09-23T03:17:34.693593+0000,df8ea05,offense,00-0034857,3918298,Josh Allen,QB,BUF,LAC,2026-09-27T17:00:00.000000+0000,22.307388335360272,21.312,23.56,ACTIVE,true,QB,,
2026,3,2026-09-23T03:17:34.693593+0000,df8ea05,offense,00-0034869,3912547,Sam Darnold,QB,SEA,WAS,2026-09-27T17:00:00.000000+0000,7.973105142568646,9.251999999999999,15.82,QUESTIONABLE,false,,,
2026,3,2026-09-23T03:17:34.693593+0000,df8ea05,offense,00-0034959,3125107,Andrew Beck,RB,NYJ,DET,2026-09-27T17:00:00.000000+0000,2.5566518940651735,7.425130276711768,0.0,ACTIVE,false,,,
2026,3,2026-09-23T03:17:34.693593+0000,df8ea05,offense,00-0034960,3916433,Jakobi Meyers,WR,JAX,NE,2026-09-27T17:00:00.000000+0000,9.052835659300431,8.38,9.29,ACTIVE,true,BE,,
2026,3,2026-09-23T03:17:34.693593+0000,df8ea05,offense,00-0034975,4038441,Justice Hill,RB,BAL,DAL,2026-09-27T20:25:00.000000+0000,4.090990201830922,3.8800000000000017,6.65,ACTIVE,false,,,
2026,3,2026-09-23T03:17:34.693593+0000,df8ea05,offense,00-0034981,3843945,Foster Moreau,TE,HOU,IND,2026-09-27T17:00:00.000000+0000,2.6810914623161293,2.6,2.32,ACTIVE,false,,,
2026,3,2026-09-23T03:17:34.693593+0000,df8ea05,offense,00-0035021,4061956,Ashton Dulin,WR,IND,HOU,2026-09-27T17:00:00.000000+0000,1.1259841765983039,1.6000000000000003,1.72,QUESTIONABLE,false,,,
2026,3,2026-09-23T03:17:34.693593+0000,df8ea05,offense,00-0035125,3917668,Alec Ingold,RB,LAC,BUF,2026-09-27T17:00:00.000000+0000,2.5566518940651735,7.425130276711768,1.03,ACTIVE,false,,,
2026,3,2026-09-23T03:17:34.693593+0000,df8ea05,offense,00-0035208,3917914,Olamide Zaccheaus,WR,ATL,GB,2026-09-25T00:15:00.000000+0000,2.420131145934237,1.6200000000000003,3.92,ACTIVE,false,,,
2026,3,2026-09-23T03:17:34.693593+0000,df8ea05,offense,00-0035228,3917315,Kyler Murray,QB,MIN,TB,2026-09-27T20:05:00.000000+0000,11.903893963949274,11.816,17.33,ACTIVE,false,,,
2026,3,2026-09-23T03:17:34.693593+0000,df8ea05,offense,00-0035229,4036133,T.J. Hockenson,TE,MIN,TB,2026-09-27T20:05:00.000000+0000,7.447088750330231,8.1,9.18,ACTIVE,false,,,
2026,3,2026-09-23T03:17:34.693593+0000,df8ea05,offense,00-0035249,3921690,Josh Oliver,TE,MIN,TB,2026-09-27T20:05:00.000000+0000,4.048115118771974,3.6399999999999997,3.32,ACTIVE,false,,,
2026,3,2026-09-23T03:17:34.693593+0000,df8ea05,offense,00-0035250,4040761,Devin Singletary,RB,NYG,TEN,2026-09-27T17:00:00.000000+0000,7.919858022513952,9.58,5.19,ACTIVE,false,,,
2026,3,2026-09-23T03:17:34.693593+0000,df8ea05,offense,00-0035261,3916148,Tony Pollard,RB,TEN,NYG,2026-09-27T17:00:00.000000+0000,9.437997864470045,8.62,10.54,ACTIVE,false,,,
2026,3,2026-09-23T03:17:34.693593+0000,df8ea05,offense,00-0035264,3892775,Jarrett Stidham,QB,DEN,LA,2026-09-28T00:20:00.000000+0000,2.246961799449674,2.696,0.0,ACTIVE,false,,,
2026,3,2026-09-23T03:17:34.693593+0000,df8ea05,offense,00-0035289,4038524,Gardner Minshew,QB,ARI,SF,2026-09-27T20:05:00.000000+0000,2.47192582430968,2.2760000000000002,0.0,ACTIVE,false,,,
2026,3,2026-09-23T03:17:34.693593+0000,df8ea05,offense,00-0035406,4039057,Lil'Jordan Humphrey,WR,DEN,LA,2026-09-28T00:20:00.000000+0000,2.3765237879583676,3.88,0.0,ACTIVE,false,,,
2026,3,2026-09-23T03:17:34.693593+0000,df8ea05,offense,00-0035537,3915411,Ty Johnson,RB,BUF,LAC,2026-09-27T17:00:00.000000+0000,7.306612767464263,9.34,5.26,QUESTIONABLE,false,,,
2026,3,2026-09-23T03:17:34.693593+0000,df8ea05,offense,00-0035544,3126997,Tom Kennedy,WR,DET,NYJ,2026-09-27T17:00:00.000000+0000,0.9177437175722989,0.0,0.11,ACTIVE,false,,,
2026,3,2026-09-23T03:17:34.693593+0000,df8ea05,offense,00-0035589,3916071,Gary Jennings,WR,LAC,BUF,2026-09-27T17:00:00.000000+0000,2.75797792300149,6.375924685225839,,,false,,,
2026,3,2026-09-23T03:17:34.693593+0000,df8ea05,offense,00-0035631,3127310,Drew Sample,TE,CIN,PIT,2026-09-27T17:00:00.000000+0000,3.8804775964603895,3.3,2.73,ACTIVE,false,,,
2026,3,2026-09-23T03:17:34.693593+0000,df8ea05,offense,00-0035640,4047650,DK Metcalf,WR,PIT,CIN,2026-09-27T17:00:00.000000+0000,12.549824731452768,11.84,11.34,ACTIVE,false,,,
2026,3,2026-09-23T03:17:34.693593+0000,df8ea05,offense,00-0035644,4036131,Noah Fant,TE,NO,LV,2026-09-27T20:25:00.000000+0000,5.021394106851629,2.56,3.26,ACTIVE,false,,,
2026,3,2026-09-23T03:17:34.693593+0000,df8ea05,offense,00-0035659,3121422,Terry McLaurin,WR,WAS,SEA,2026-09-27T17:00:00.000000+0000,10.137200767337557,7.94,11.89,ACTIVE,false,,,
2026,3,2026-09-23T03:17:34.693593+0000,df8ea05,offense,00-0035662,4241372,Marquise Brown,WR,PHI,CHI,2026-09-29T00:15:00.000000+0000,4.212363710702927,4.4,0.73,ACTIVE,false,,,
2026,3,2026-09-23T03:17:34.693593+0000,df8ea05,offense,00-0035685,4035538,David Montgomery,RB,HOU,IND,2026-09-27T17:00:00.000000+0000,12.057885069893548,9.439999999999998,11.91,ACTIVE,false,,,
2026,3,2026-09-23T03:17:34.693593+0000,df8ea05,offense,00-0035689,3930086,Dawson Knox,TE,BUF,LAC,2026-09-27T17:00:00.000000+0000,5.449856985900784,6.12,4.03,ACTIVE,false,,,
2026,3,2026-09-23T03:17:34.693593+0000,df8ea05,offense,00-0035704,3924327,Drew Lock,QB,SEA,WAS,2026-09-27T17:00:00.000000+0000,10.196976529476409,6.756,0.0,ACTIVE,false,,,
2026,3,2026-09-23T03:17:34.693593+0000,df8ea05,offense,00-0035710,3917792,Daniel Jones,QB,IND,HOU,2026-09-27T17:00:00.000000+0000,12.019982082269143,10.844,13.99,ACTIVE,false,,,
2026,3,2026-09-23T03:17:34.693593+0000,df8ea05,offense,00-0035719,3126486,Deebo Samuel Sr.,WR,SF,ARI,2026-09-27T20:05:00.000000+0000,11.077703138819665,9.280000000000001,12.33,ACTIVE,true,RB/WR/TE,,
2026,3,2026-09-23T03:17:34.693593+0000,df8ea05,offense,00-0035993,4035671,Tyler Huntley,QB,BAL,DAL,2026-09-27T20:25:00.000000+0000,7.022599990644113,8.028,0.0,ACTIVE,false,,,
2026,3,2026-09-23T03:17:34.693593+0000,df8ea05,offense,00-0036040,3929645,Juwan Johnson,TE,NO,LV,2026-09-27T20:25:00.000000+0000,10.96756503713909,12.5,9.18,ACTIVE,false,,,
2026,3,2026-09-23T03:17:34.693593+0000,df8ea05,offense,00-0036139,4038815,Rico Dowdle,RB,PIT,CIN,2026-09-27T17:00:00.000000+0000,8.302858621867813,6.220000000000001,10.38,QUESTIONABLE,false,,,
2026,3,2026-09-23T03:17:34.693593+0000,df8ea05,offense,00-0036158,4241985,J.K. Dobbins,RB,DEN,LA,2026-09-28T00:20:00.000000+0000,9.141734455407795,7.5200000000000005,10.64,QUESTIONABLE,false,,,
2026,3,2026-09-23T03:17:34.693593+0000,df8ea05,offense,00-0036187,4039505,Reggie Gilliam,RB,NE,JAX,2026-09-27T17:00:00.000000+0000,1.8131594552610124,1.0,0.47,ACTIVE,false,,,
2026,3,2026-09-23T03:17:34.693593+0000,df8ea05,offense,00-0036212,4241479,Tua Tagovailoa,QB,ATL,GB,2026-09-25T00:15:00.000000+0000,8.043669041336091,9.528,0.0,ACTIVE,false,,,
2026,3,2026-09-23T03:17:34.693593+0000,df8ea05,offense,00-0036223,4242335,Jonathan Taylor,RB,IND,HOU,2026-09-27T17:00:00.000000+0000,17.17220209719642,18.9,20.61,ACTIVE,true,RB,,
2026,3,2026-09-23T03:17:34.693593+0000,df8ea05,offense,00-0036244,4242557,Colby Parkinson,TE,LA,DEN,2026-09-28T00:20:00.000000+0000,8.271205074208183,8.020000000000001,4.12,ACTIVE,false,,,
2026,3,2026-09-23T03:17:34.693593+0000,df8ea05,offense,00-0036252,4035687,Michael Pittman,WR,PIT,CIN,2026-09-27T17:00:00.000000+0000,7.362887752920484,5.66,11.38,QUESTIONABLE,false,,,
2026,3,2026-09-23T03:17:34.693593+0000,df8ea05,offense,00-0036259,3886598,Jauan Jennings,WR,MIN,TB,2026-09-27T20:05:00.000000+0000,6.95289504283988,11.3,6.15,QUESTIONABLE,false,,,
2026,3,2026-09-23T03:17:34.693593+0000,df8ea05,offense,00-0036264,4036378,Jordan Love,QB,GB,ATL,2026-09-25T00:15:00.000000+0000,15.226838304500221,14.052000000000001,17.29,ACTIVE,false,,,
2026,3,2026-09-23T03:17:34.693593+0000,df8ea05,offense,00-0036265,4239934,AJ Dillon,RB,CAR,CLE,2026-09-27T17:00:00.000000+0000,2.052588815470855,1.4,5.67,ACTIVE,false,,,
2026,3,2026-09-23T03:17:34.693593+0000,df8ea05,offense,00-0036275,4259545,D'Andre Swift,RB,CHI,PHI,2026-09-29T00:15:00.000000+0000,14.878786434719068,16.4,12.68,ACTIVE,false,,,
2026,3,2026-09-23T03:17:34.693593+0000,df8ea05,offense,00-0036290,4258595,Cole Kmet,TE,CHI,PHI,2026-09-29T00:15:00.000000+0000,5.7452238488142795,4.82,3.7,ACTIVE,false,,,
2026,3,2026-09-23T03:17:34.693593+0000,df8ea05,offense,00-0036309,4040655,Darnell Mooney,WR,NYG,TEN,2026-09-27T17:00:00.000000+0000,6.656597350485427,5.28,4.95,ACTIVE,false,,,
2026,3,2026-09-23T03:17:34.693593+0000,df8ea05,offense,00-0036322,4262921,Justin Jefferson,WR,MIN,TB,2026-09-27T20:05:00.000000+0000,14.713933032597398,15.919999999999998,18.26,ACTIVE,false,,,
2026,3,2026-09-23T03:17:34.693593+0000,df8ea05,offense,00-0036331,4039050,Devin Duvernay,WR,ARI,SF,2026-09-27T20:05:00.000000+0000,0.8591878272093879,-1.7763568394002506e-16,0.12,ACTIVE,false,,,
2026,3,2026-09-23T03:17:34.693593+0000,df8ea05,offense,00-0036355,4038941,Justin Herbert,QB,LAC,BUF,2026-09-27T17:00:00.000000+0000,15.956531776689136,15.376,17.26,ACTIVE,false,,,
2026,3,2026-09-23T03:17:34.693593+0000,df8ea05,offense,00-0036358,4241389,CeeDee Lamb,WR,DAL,BAL,2026-09-27T20:25:00.000000+0000,16.007417373472112,14.560000000000002,17.32,ACTIVE,true,WR,,
2026,3,2026-09-23T03:17:34.693593+0000,df8ea05,offense,00-0036389,4040715,Jalen Hurts,QB,PHI,CHI,2026-09-29T00:15:00.000000+0000,18.32484803924667,18.416000000000004,19.8,ACTIVE,false,,,
2026,3,2026-09-23T03:17:34.693593+0000,df8ea05,offense,00-0036407,4241463,Jerry Jeudy,WR,CLE,CAR,2026-09-27T17:00:00.000000+0000,5.5467513019907635,4.68,5.71,ACTIVE,false,,,
2026,3,2026-09-23T03:17:34.693593+0000,df8ea05,offense,00-0036410,4239993,Tee Higgins,WR,CIN,PIT,2026-09-27T17:00:00.000000+0000,12.390726318016322,13.26,12.74,ACTIVE,false,,,
2026,3,2026-09-23T03:17:34.693593+0000,df8ea05,offense,00-0036422,3911853,Adam Trautman,TE,DEN,LA,2026-09-28T00:20:00.000000+0000,2.4464237788582386,2.1599999999999993,2.25,ACTIVE,false,,,
2026,3,2026-09-23T03:17:34.693593+0000,df8ea05,offense,00-0036425,4240631,DeeJay Dallas,RB,MIN,TB,2026-09-27T20:05:00.000000+0000,1.9700724405318646,1.24,3.94,ACTIVE,false,,,
2026,3,2026-09-23T03:17:34.693593+0000,df8ea05,offense,00-0036429,4035020,Charlie Woerner,TE,ATL,GB,2026-09-25T00:15:00.000000+0000,1.1330459033780773,0.26,0.97,ACTIVE,false,,,
2026,3,2026-09-23T03:17:34.693593+0000,df8ea05,offense,00-0036442,3915511,Joe Burrow,QB,CIN,PIT,2026-09-27T17:00:00.000000+0000,17.10230722165805,20.168,16.42,ACTIVE,false,,,
2026,3,2026-09-23T03:17:34.693593+0000,df8ea05,offense,00-0036463,4369886,Chris Blair,WR,ATL,GB,2026-09-25T00:15:00.000000+0000,1.5151366053471758,0.32,1.46,ACTIVE,false,,,
2026,3,2026-09-23T03:17:34.693593+0000,df8ea05,offense,00-0036550,4360939,Rashod Bateman,WR,BAL,DAL,2026-09-27T20:25:00.000000+0000,7.739280211785746,5.5600000000000005,7.62,ACTIVE,true,RB/WR/TE,,
2026,3,2026-09-23T03:17:34.693593+0000,df8ea05,offense,00-0036554,4258173,Nico Collins,WR,HOU,IND,2026-09-27T17:00:00.000000+0000,14.366137190381426,15.88,15.79,QUESTIONABLE,false,,,
2026,3,2026-09-23T03:17:34.693593+0000,df8ea05,offense,00-0036555,4241416,Chuba Hubbard,RB,CAR,CLE,2026-09-27T17:00:00.000000+0000,12.51357764107629,9.8,14.43,ACTIVE,false,,,
2026,3,2026-09-23T03:17:34.693593+0000,df8ea05,offense,00-0036556,4362504,Brevin Jordan,TE,HOU,IND,2026-09-27T17:00:00.000000+0000,1.879827872042213,3.46,0.0,ACTIVE,false,,,
2026,3,2026-09-23T03:17:34.693593+0000,df8ea05,offense,00-0036590,4244049,Quintin Morris,TE,JAX,NE,2026-09-27T17:00:00.000000+0000,2.1274878274277618,2.1399999999999997,1.64,ACTIVE,false,,,
2026,3,2026-09-23T03:17:34.693593+0000,df8ea05,offense,00-0036613,4372016,Jaylen Waddle,WR,DEN,LA,2026-09-28T00:20:00.000000+0000,10.670497076041602,8.1,13.08,ACTIVE,false,,,
2026,3,2026-09-23T03:17:34.693593+0000,df8ea05,offense,00-0036626,4361577,Dyami Brown,WR,WAS,SEA,2026-09-27T17:00:00.000000+0000,4.87491300544204,0.86,5.91,ACTIVE,false,,,
2026,3,2026-09-23T03:17:34.693593+0000,df8ea05,offense,00-0036628,4048228,John Bates,TE,WAS,SEA,2026-09-27T17:00:00.000000+0000,3.346743612958846,2.5200000000000005,1.47,ACTIVE,false,,,
2026,3,2026-09-23T03:17:34.693593+0000,df8ea05,offense,00-0036630,4241424,Tylan Wallace,WR,CLE,CAR,2026-09-27T17:00:00.000000+0000,1.102812527108971,0.0,0.5,ACTIVE,false,,,
2026,3,2026-09-23T03:17:34.693593+0000,df8ea05,offense,00-0036637,4240472,Noah Gray,TE,KC,MIA,2026-09-27T17:00:00.000000+0000,3.0684904822843735,1.7399999999999998,2.64,ACTIVE,false,,,
2026,3,2026-09-23T03:17:34.693593+0000,df8ea05,offense,00-0036646,4360739,Simi Fehoko,WR,ARI,SF,2026-09-27T20:05:00.000000+0000,0.8709994552078384,0.0,,,false,,,
2026,3,2026-09-23T03:17:34.693593+0000,df8ea05,offense,00-0036754,4242392,Brock Wright,TE,DET,NYJ,2026-09-27T17:00:00.000000+0000,3.0352428020356914,2.04,1.63,ACTIVE,false,,,
2026,3,2026-09-23T03:17:34.693593+0000,df8ea05,offense,00-0036825,4034948,Feleipe Franks,TE,CAR,CLE,2026-09-27T17:00:00.000000+0000,0.8741823650707092,0.0,0.0,ACTIVE,false,,,
2026,3,2026-09-23T03:17:34.693593+0000,df8ea05,offense,00-0036842,4035537,Kene Nwangwu,RB,NYJ,DET,2026-09-27T17:00:00.000000+0000,2.1706923546727985,0.9800000000000001,0.07,QUESTIONABLE,false,,,
2026,3,2026-09-23T03:17:34.693593+0000,df8ea05,offense,00-0036849,4360797,Tutu Atwell,WR,LA,DEN,2026-09-28T00:20:00.000000+0000,3.084833551650822,1.5400000000000003,0.0,ACTIVE,false,,,
2026,3,2026-09-23T03:17:34.693593+0000,df8ea05,offense,00-0036862,4035656,Ben Skowronek,WR,PIT,CIN,2026-09-27T17:00:00.000000+0000,1.2236214340323484,0.7,0.0,ACTIVE,false,,,
2026,3,2026-09-23T03:17:34.693593+0000,df8ea05,offense,00-0036875,4569173,Rhamondre Stevenson,RB,NE,JAX,2026-09-27T17:00:00.000000+0000,11.546794322062311,19.68,12.05,ACTIVE,false,,,
2026,3,2026-09-23T03:17:34.693593+0000,df8ea05,offense,00-0036876,4039160,Kylen Granson,TE,TEN,NYG,2026-09-27T17:00:00.000000+0000,1.5164624789684071,1.4,0.0,ACTIVE,false,,,
2026,3,2026-09-23T03:17:34.693593+0000,df8ea05,offense,00-0036879,4241820,Sam Ehlinger,QB,DEN,LA,2026-09-28T00:20:00.000000+0000,1.845450079617518,0.0,0.0,ACTIVE,false,,,
2026,3,2026-09-23T03:17:34.693593+0000,df8ea05,offense,00-0036887,4040612,Luke Farrell,TE,SF,ARI,2026-09-27T20:05:00.000000+0000,2.2730288374166454,0.78,1.63,ACTIVE,false,,,
2026,3,2026-09-23T03:17:34.693593+0000,df8ea05,offense,00-0036893,4241457,Najee Harris,RB,NYG,TEN,2026-09-27T17:00:00.000000+0000,4.152168937045889,5.5600000000000005,3.4,ACTIVE,false,,,
2026,3,2026-09-23T03:17:34.693593+0000,df8ea05,offense,00-0036894,4361411,Pat Freiermuth,TE,PIT,CIN,2026-09-27T17:00:00.000000+0000,8.971095814238213,9.28,8.32,ACTIVE,false,,,
2026,3,2026-09-23T03:17:34.693593+0000,df8ea05,offense,00-0036898,4242546,Davis Mills,QB,HOU,IND,2026-09-27T17:00:00.000000+0000,10.141338651840744,13.475999999999999,0.0,ACTIVE,false,,,
2026,3,2026-09-23T03:17:34.693593+0000,df8ea05,offense,00-0036900,4362628,Ja'Marr Chase,WR,CIN,PIT,2026-09-27T17:00:00.000000+0000,16.92660071327366,19.639999999999997,19.03,ACTIVE,false,,,
2026,3,2026-09-23T03:17:34.693593+0000,df8ea05,offense,00-0036912,4241478,DeVonta Smith,WR,PHI,CHI,2026-09-29T00:15:00.000000+0000,13.128032340602998,12.98,15.63,ACTIVE,true,WR,,
2026,3,2026-09-23T03:17:34.693593+0000,df8ea05,offense,00-0036919,4371733,Kenny Gainwell,RB,TB,MIN,2026-09-27T20:05:00.000000+0000,9.142434092950515,11.86,7.6,ACTIVE,false,,,
2026,3,2026-09-23T03:17:34.693593+0000,df8ea05,offense,00-0036945,4362887,Justin Fields,QB,KC,MIA,2026-09-27T17:00:00.000000+0000,9.469315321731882,10.24,0.0,ACTIVE,false,,,
2026,3,2026-09-23T03:17:34.693593+0000,df8ea05,offense,00-0036963,4374302,Amon-Ra St. Brown,WR,DET,NYJ,2026-09-27T17:00:00.000000+0000,20.591181677758186,22.6,19.86,ACTIVE,false,,,
2026,3,2026-09-23T03:17:34.693593+0000,df8ea05,offense,00-0036970,4360248,Kyle Pitts,TE,ATL,GB,2026-09-25T00:15:00.000000+0000,7.862734729981916,7.320000000000002,9.89,ACTIVE,false,,,
2026,3,2026-09-23T03:17:34.693593+0000,df8ea05,offense,00-0036971,4360310,Trevor Lawrence,QB,JAX,NE,2026-09-27T17:00:00.000000+0000,18.141273599710434,21.968,17.44,ACTIVE,false,,,
2026,3,2026-09-23T03:17:34.693593+0000,df8ea05,offense,00-0036972,4241464,Mac Jones,QB,SF,ARI,2026-09-27T20:05:00.000000+0000,2.653186302055443,4.491999999999999,0.0,ACTIVE,false,,,
2026,3,2026-09-23T03:17:34.693593+0000,df8ea05,offense,00-0036973,4239996,Travis Etienne,RB,NO,LV,2026-09-27T20:25:00.000000+0000,12.275086611483674,10.900000000000002,11.93,ACTIVE,false,,,
2026,3,2026-09-23T03:17:34.693593+0000,df8ea05,offense,00-0036980,4372414,Elijah Moore,WR,PHI,CHI,2026-09-29T00:15:00.000000+0000,2.41286690840104,1.9400000000000017,0.0,ACTIVE,false,,,
2026,3,2026-09-23T03:17:34.693593+0000,df8ea05,offense,00-0036988,4242433,Josh Palmer,WR,BUF,LAC,2026-09-27T17:00:00.000000+0000,5.116166778812832,5.24,2.63,ACTIVE,false,,,
2026,3,2026-09-23T03:17:34.693593+0000,df8ea05,offense,00-0036997,4361579,Javonte Williams,RB,DAL,BAL,2026-09-27T20:25:00.000000+0000,15.931348770044048,13.0,15.0,ACTIVE,false,,,
2026,3,2026-09-23T03:17:34.693593+0000,df8ea05,offense,00-0037004,4239944,Hunter Long,TE,ARI,SF,2026-09-27T20:05:00.000000+0000,1.3279973569314567,1.0400000000000005,1.04,ACTIVE,false,,,
2026,3,2026-09-23T03:17:34.693593+0000,df8ea05,offense,00-0037005,4372780,Tommy Tremble,TE,CAR,CLE,2026-09-27T17:00:00.000000+0000,5.449077477238763,4.58,4.77,ACTIVE,false,,,
2026,3,2026-09-23T03:17:34.693593+0000,df8ea05,offense,00-0037012,4383351,Trey Lance,QB,LAC,BUF,2026-09-27T17:00:00.000000+0000,5.980316729460653,5.180000000000001,0.0,ACTIVE,false,,,
2026,3,2026-09-23T03:17:34.693593+0000,df8ea05,offense,00-0037013,4361259,Zach Wilson,QB,NO,LV,2026-09-27T20:25:00.000000+0000,1.6627402453799764,0.08399999999999931,0.0,ACTIVE,false,,,
2026,3,2026-09-23T03:17:34.693593+0000,df8ea05,offense,00-0037077,4426875,Sam Howell,QB,DAL,BAL,2026-09-27T20:25:00.000000+0000,4.002459469801059,2.2960000000000003,0.0,ACTIVE,false,,,
2026,3,2026-09-23T03:17:34.693593+0000,df8ea05,offense,00-0037085,4362748,Tyler Badie,RB,DEN,LA,2026-09-28T00:20:00.000000+0000,4.117431021514673,2.3600000000000003,0.01,ACTIVE,false,,,
2026,3,2026-09-23T03:17:34.693593+0000,df8ea05,offense,00-0037091,4259305,Bo Melton,WR,GB,ATL,2026-09-25T00:15:00.000000+0000,1.4453111008923807,1.28,3.08,ACTIVE,false,,,
2026,3,2026-09-23T03:17:34.693593+0000,df8ea05,offense,00-0037093,4401805,Dareke Young,WR,LV,NO,2026-09-27T20:25:00.000000+0000,1.2227719651660232,0.74,1.06,QUESTIONABLE,false,,,
2026,3,2026-09-23T03:17:34.693593+0000,df8ea05,offense,00-0037120,4429676,Tyler Goodson,RB,DAL,BAL,2026-09-27T20:25:00.000000+0000,1.2596679434882585,0.24000000000000005,0.0,ACTIVE,false,,,
2026,3,2026-09-23T03:17:34.693593+0000,df8ea05,offense,00-0037132,3926231,Britain Covey,WR,PHI,CHI,2026-09-29T00:15:00.000000+0000,1.410720586058574,0.7999999999999996,,,false,,,
2026,3,2026-09-23T03:17:34.693593+0000,df8ea05,offense,00-0037157,4427728,Bam Knight,RB,ARI,SF,2026-09-27T20:05:00.000000+0000,2.530145446764647,5.08,0.0,ACTIVE,false,,,
2026,3,2026-09-23T03:17:34.693593+0000,df8ea05,offense,00-0037228,4569987,Jaylen Warren,RB,PIT,CIN,2026-09-27T17:00:00.000000+0000,11.447836363895108,14.080000000000002,13.27,ACTIVE,true,BE,,
2026,3,2026-09-23T03:17:34.693593+0000,df8ea05,offense,00-0037238,4426502,Drake London,WR,ATL,GB,2026-09-25T00:15:00.000000+0000,12.333572653973654,7.860000000000001,15.39,ACTIVE,false,,,
2026,3,2026-09-23T03:17:34.693593+0000,df8ea05,offense,00-0037239,4361370,Chris Olave,WR,NO,LV,2026-09-27T20:25:00.000000+0000,17.228371884132724,26.8,17.76,ACTIVE,false,,,
2026,3,2026-09-23T03:17:34.693593+0000,df8ea05,offense,00-0037240,4426388,Jameson Williams,WR,DET,NYJ,2026-09-27T17:00:00.000000+0000,12.16140669509732,8.98,10.93,ACTIVE,false,,,
2026,3,2026-09-23T03:17:34.693593+0000,df8ea05,offense,00-0037247,4426354,George Pickens,WR,DAL,BAL,2026-09-27T20:25:00.000000+0000,11.556624277223762,11.1,13.81,ACTIVE,false,,,
2026,3,2026-09-23T03:17:34.693593+0000,df8ea05,offense,00-0037248,4379399,James Cook,RB,BUF,LAC,2026-09-27T17:00:00.000000+0000,15.715038988743832,13.48,16.95,ACTIVE,false,,,
2026,3,2026-09-23T03:17:34.693593+0000,df8ea05,offense,00-0037252,4367209,Greg Dulcich,TE,MIA,KC,2026-09-27T17:00:00.000000+0000,6.144752990103657,7.0600000000000005,6.39,ACTIVE,false,,,
2026,3,2026-09-23T03:17:34.693593+0000,df8ea05,offense,00-0037256,4697815,Rachaad White,RB,WAS,SEA,2026-09-27T17:00:00.000000+0000,8.720574963776496,7.359999999999999,9.33,ACTIVE,false,,,
2026,3,2026-09-23T03:17:34.693593+0000,df8ea05,offense,00-0037261,4373678,Khalil Shakir,WR,BUF,LAC,2026-09-27T17:00:00.000000+0000,9.64514113894875,8.84,10.35,ACTIVE,false,,,
2026,3,2026-09-23T03:17:34.693593+0000,df8ea05,offense,00-0037263,4373626,Tyler Allgeier,RB,ARI,SF,2026-09-27T20:05:00.000000+0000,8.127942062416437,5.28,7.51,ACTIVE,false,,,
2026,3,2026-09-23T03:17:34.693593+0000,df8ea05,offense,00-0037291,4382466,Jalen Nailor,WR,LV,NO,2026-09-27T20:25:00.000000+0000,5.5090375114232915,3.1,6.31,ACTIVE,false,,,
2026,3,2026-09-23T03:17:34.693593+0000,df8ea05,offense,00-0037292,4722908,Andrew Ogletree,TE,IND,HOU,2026-09-27T17:00:00.000000+0000,1.564564994287481,0.41999999999999976,1.0,ACTIVE,false,,,
2026,3,2026-09-23T03:17:34.693593+0000,df8ea05,offense,00-0037304,4241961,Connor Heyward,RB,LV,NO,2026-09-27T20:25:00.000000+0000,1.751926488327584,0.0,0.8,ACTIVE,false,,,
2026,3,2026-09-23T03:17:34.693593+0000,df8ea05,offense,00-0037311,4034779,Ko Kieft,TE,TB,MIN,2026-09-27T20:05:00.000000+0000,0.7748707999672252,0.0,0.0,ACTIVE,false,,,
2026,3,2026-09-23T03:17:34.693593+0000,df8ea05,offense,00-0037317,4249624,Nick Muse,TE,ATL,GB,2026-09-25T00:15:00.000000+0000,1.0917909527445482,0.0,,,false,,,
2026,3,2026-09-23T03:17:34.693593+0000,df8ea05,offense,00-0037524,4245144,Tay Martin,WR,DET,NYJ,2026-09-27T17:00:00.000000+0000,0.9177437175722989,0.8600000000000001,0.0,ACTIVE,false,,,
2026,3,2026-09-23T03:17:34.693593+0000,df8ea05,offense,00-0037545,4032473,Rashid Shaheed,WR,SEA,WAS,2026-09-27T17:00:00.000000+0000,5.910523824293854,4.08,10.94,ACTIVE,false,,,
2026,3,2026-09-23T03:17:34.693593+0000,df8ea05,offense,00-0037557,4243003,Ronnie Rivers,RB,LA,DEN,2026-09-28T00:20:00.000000+0000,2.4368803498393605,0.7800000000000005,0.0,QUESTIONABLE,false,,,
2026,3,2026-09-23T03:17:34.693593+0000,df8ea05,offense,00-0037594,4367567,Julius Chestnut,RB,TEN,NYG,2026-09-27T17:00:00.000000+0000,0.887244298360095,0.02,0.0,ACTIVE,false,,,
2026,3,2026-09-23T03:17:34.693593+0000,df8ea05,offense,00-0037614,4567096,John Metchie III,WR,CAR,CLE,2026-09-27T17:00:00.000000+0000,2.934207744013102,4.08,0.53,ACTIVE,false,,,
2026,3,2026-09-23T03:17:34.693593+0000,df8ea05,offense,00-0037664,4360078,Alec Pierce,WR,IND,HOU,2026-09-27T17:00:00.000000+0000,8.861857202979792,13.2,0.0,DOUBTFUL,false,,,
2026,3,2026-09-23T03:17:34.693593+0000,df8ea05,offense,00-0037666,4249417,Jalen Tolbert,WR,MIA,KC,2026-09-27T17:00:00.000000+0000,2.713528431559429,1.42,0.0,ACTIVE,false,,,
2026,3,2026-09-23T03:17:34.693593+0000,df8ea05,offense,00-0037740,4569618,Garrett Wilson,WR,NYJ,DET,2026-09-27T17:00:00.000000+0000,12.301501864702843,10.799999999999999,14.81,ACTIVE,false,,,
2026,3,2026-09-23T03:17:34.693593+0000,df8ea05,offense,00-0037741,4361409,Jahan Dotson,WR,ATL,GB,2026-09-25T00:15:00.000000+0000,6.153181609677041,3.46,6.27,ACTIVE,false,,,
2026,3,2026-09-23T03:17:34.693593+0000,df8ea05,offense,00-0037742,4567156,Treylon Burks,WR,WAS,SEA,2026-09-27T17:00:00.000000+0000,3.931576620461037,2.06,0.48,ACTIVE,false,,,
2026,3,2026-09-23T03:17:34.693593+0000,df8ea05,offense,00-0037744,4361307,Trey McBride,TE,ARI,SF,2026-09-27T20:05:00.000000+0000,18.131962686544213,17.28,16.46,ACTIVE,false,,,
2026,3,2026-09-23T03:17:34.693593+0000,df8ea05,offense,00-0037746,4241474,Brian Robinson,RB,ATL,GB,2026-09-25T00:15:00.000000+0000,5.583797363302604,3.7,5.74,ACTIVE,false,,,
2026,3,2026-09-23T03:17:34.693593+0000,df8ea05,offense,00-0037755,4241410,Jelani Woods,TE,NYJ,DET,2026-09-27T17:00:00.000000+0000,0.960657281375883,0.27999999999999997,0.0,ACTIVE,false,,,
2026,3,2026-09-23T03:17:34.693593+0000,df8ea05,offense,00-0037801,3676833,KaVontae Turpin,WR,DAL,BAL,2026-09-27T20:25:00.000000+0000,2.55488937576409,4.58,2.14,ACTIVE,false,,,
2026,3,2026-09-23T03:17:34.693593+0000,df8ea05,offense,00-0037805,4361372,Jeremy Ruckert,TE,NYJ,DET,2026-09-27T17:00:00.000000+0000,2.377209868008991,1.7,2.01,ACTIVE,false,,,
2026,3,2026-09-23T03:17:34.693593+0000,df8ea05,offense,00-0037809,4360635,Chig Okonkwo,TE,WAS,SEA,2026-09-27T17:00:00.000000+0000,7.7055351363683355,8.8,6.67,QUESTIONABLE,false,,,
2026,3,2026-09-23T03:17:34.693593+0000,df8ea05,offense,00-0037816,4361432,Romeo Doubs,WR,NE,JAX,2026-09-27T17:00:00.000000+0000,6.9439714643329555,9.360000000000001,11.51,ACTIVE,false,,,
2026,3,2026-09-23T03:17:34.693593+0000,df8ea05,offense,00-0037834,4361741,Brock Purdy,QB,SF,ARI,2026-09-27T20:05:00.000000+0000,22.114200567318775,24.516000000000002,20.8,ACTIVE,true,BE,,
2026,3,2026-09-23T03:17:34.693593+0000,df8ea05,offense,00-0037838,4361050,Isaiah Likely,TE,NYG,TEN,2026-09-27T17:00:00.000000+0000,10.495272621001966,9.4,12.25,ACTIVE,false,,,
2026,3,2026-09-23T03:17:34.693593+0000,df8ea05,offense,00-0037840,4430737,Kyren Williams,RB,LA,DEN,2026-09-28T00:20:00.000000+0000,14.306807292556444,13.960000000000003,12.58,ACTIVE,false,,,
2026,3,2026-09-23T03:17:34.693593+0000,df8ea05,offense,00-0038041,4242355,Jake Ferguson,TE,DAL,BAL,2026-09-27T20:25:00.000000+0000,8.475753007194015,7.38,8.71,ACTIVE,false,,,
2026,3,2026-09-23T03:17:34.693593+0000,df8ea05,offense,00-0038046,4241263,Charlie Kolar,TE,LAC,BUF,2026-09-27T17:00:00.000000+0000,2.076973420328145,1.5799999999999996,0.0,OUT,false,,,
2026,3,2026-09-23T03:17:34.693593+0000,df8ea05,offense,00-0038090,4430191,Skyy Moore,WR,GB,ATL,2026-09-25T00:15:00.000000+0000,1.9918944037142885,1.3800000000000003,5.37,ACTIVE,false,,,
2026,3,2026-09-23T03:17:34.693593+0000,df8ea05,offense,00-0038102,4240703,Kenny Pickett,QB,CAR,CLE,2026-09-27T17:00:00.000000+0000,3.332577121469293,0.5840000000000002,0.0,ACTIVE,false,,,
2026,3,2026-09-23T03:17:34.693593+0000,df8ea05,offense,00-0038104,4362921,Tyquan Thornton,WR,KC,MIA,2026-09-27T17:00:00.000000+0000,5.446372297618807,4.640000000000001,5.29,ACTIVE,false,,,
2026,3,2026-09-23T03:17:34.693593+0000,df8ea05,offense,00-0038115,4361516,Daniel Bellinger,TE,TEN,NYG,2026-09-27T17:00:00.000000+0000,2.778775950992358,3.3200000000000003,2.02,ACTIVE,false,,,
2026,3,2026-09-23T03:17:34.693593+0000,df8ea05,offense,00-0038117,4569587,Wan'Dale Robinson,WR,TEN,NYG,2026-09-27T17:00:00.000000+0000,10.496319303767343,10.92,8.02,ACTIVE,false,,,
2026,3,2026-09-23T03:17:34.693593+0000,df8ea05,offense,00-0038120,4427366,Breece Hall,RB,NYJ,DET,2026-09-27T17:00:00.000000+0000,13.677451546325964,13.780000000000001,16.2,ACTIVE,false,,,
2026,3,2026-09-23T03:17:34.693593+0000,df8ea05,offense,00-0038124,4248528,Christian Watson,WR,GB,ATL,2026-09-25T00:15:00.000000+0000,14.272559742548252,15.739999999999998,14.03,ACTIVE,false,,,
2026,3,2026-09-23T03:17:34.693593+0000,df8ea05,offense,00-0038128,4242512,Malik Willis,QB,MIA,KC,2026-09-27T17:00:00.000000+0000,13.498718419204025,14.904,14.74,ACTIVE,false,,,
2026,3,2026-09-23T03:17:34.693593+0000,df8ea05,offense,00-0038129,4243331,Cade Otton,TE,TB,MIN,2026-09-27T20:05:00.000000+0000,10.389467485463554,9.52,7.48,ACTIVE,false,,,
2026,3,2026-09-23T03:17:34.693593+0000,df8ea05,offense,00-0038134,4567048,Kenneth Walker III,RB,KC,MIA,2026-09-27T17:00:00.000000+0000,20.53711338125599,21.660000000000004,21.0,ACTIVE,false,,,
2026,3,2026-09-23T03:17:34.693593+0000,df8ea05,offense,00-0038359,4386544,Xavier Smith,WR,LA,DEN,2026-09-28T00:20:00.000000+0000,2.198708524042871,4.0,0.64,ACTIVE,false,,,
2026,3,2026-09-23T03:17:34.693593+0000,df8ea05,offense,00-0038393,4428850,Dontayvion Wicks,WR,PHI,CHI,2026-09-29T00:15:00.000000+0000,7.521253372717011,6.840000000000001,9.9,ACTIVE,false,,,
2026,3,2026-09-23T03:17:34.693593+0000,df8ea05,offense,00-0038400,4685201,Tanner McKee,QB,PHI,CHI,2026-09-29T00:15:00.000000+0000,4.429283085755105,6.524000000000001,0.0,ACTIVE,false,,,
2026,3,2026-09-23T03:17:34.693593+0000,df8ea05,offense,00-0038416,4434153,Tyson Bagent,QB,CHI,PHI,2026-09-29T00:15:00.000000+0000,4.507434008216755,0.9880000000000002,14.67,QUESTIONABLE,false,,,
2026,3,2026-09-23T03:17:34.693593+0000,df8ea05,offense,00-0038454,4596334,Keaton Mitchell,RB,LAC,BUF,2026-09-27T17:00:00.000000+0000,3.660751059340825,2.62,5.04,ACTIVE,false,,,
2026,3,2026-09-23T03:17:34.693593+0000,df8ea05,offense,00-0038476,4240391,Tommy DeVito,QB,NE,JAX,2026-09-27T17:00:00.000000+0000,3.4964858280065187,3.3480000000000003,0.0,ACTIVE,false,,,
2026,3,2026-09-23T03:17:34.693593+0000,df8ea05,offense,00-0038488,4243176,Brady Russell,RB,SEA,WAS,2026-09-27T17:00:00.000000+0000,1.621362722320509,0.8,0.0,ACTIVE,false,,,
2026,3,2026-09-23T03:17:34.693593+0000,df8ea05,offense,00-0038489,4372070,Ben VanSumeren,RB,KC,MIA,2026-09-27T17:00:00.000000+0000,0.92284033854391,0.2,,,false,,,
2026,3,2026-09-23T03:17:34.693593+0000,df8ea05,offense,00-0038498,4248557,E.J. Jenkins,TE,PHI,CHI,2026-09-29T00:15:00.000000+0000,0.8855576583592026,1.54,1.56,ACTIVE,false,,,
2026,3,2026-09-23T03:17:34.693593+0000,df8ea05,offense,00-0038519,4372716,Nikko Remigio,WR,KC,MIA,2026-09-27T17:00:00.000000+0000,0.8741823650707092,0.0,0.11,ACTIVE,false,,,
2026,3,2026-09-23T03:17:34.693593+0000,df8ea05,offense,00-0038542,4430807,Bijan Robinson,RB,ATL,GB,2026-09-25T00:15:00.000000+0000,16.917935187687174,23.880000000000003,19.54,ACTIVE,false,,,
2026,3,2026-09-23T03:17:34.693593+0000,df8ea05,offense,00-0038543,4430878,Jaxon Smith-Njigba,WR,SEA,WAS,2026-09-27T17:00:00.000000+0000,17.848702737079922,24.580000000000002,20.8,ACTIVE,false,,,
2026,3,2026-09-23T03:17:34.693593+0000,df8ea05,offense,00-0038544,4429025,Quentin Johnston,WR,LAC,BUF,2026-09-27T17:00:00.000000+0000,9.908438826235097,8.819999999999999,10.89,ACTIVE,false,,,
2026,3,2026-09-23T03:17:34.693593+0000,df8ea05,offense,00-0038547,4372096,Luke Schoonmaker,TE,DAL,BAL,2026-09-27T20:25:00.000000+0000,1.3895500683244637,1.5800000000000005,1.1,ACTIVE,false,,,
2026,3,2026-09-23T03:17:34.693593+0000,df8ea05,offense,00-0038551,4599739,Kendre Miller,RB,NO,LV,2026-09-27T20:25:00.000000+0000,5.372858004485948,6.459999999999999,0.0,ACTIVE,false,,,
2026,3,2026-09-23T03:17:34.693593+0000,df8ea05,offense,00-0038555,4429013,Tank Bigsby,RB,PHI,CHI,2026-09-29T00:15:00.000000+0000,6.587816089088875,8.26,3.4,ACTIVE,false,,,
2026,3,2026-09-23T03:17:34.693593+0000,df8ea05,offense,00-0038558,4430802,Darnell Washington,TE,PIT,CIN,2026-09-27T17:00:00.000000+0000,3.5740631159464433,3.8199999999999994,3.75,ACTIVE,false,,,
2026,3,2026-09-23T03:17:34.693593+0000,df8ea05,offense,00-0038559,4360761,Michael Wilson,WR,ARI,SF,2026-09-27T20:05:00.000000+0000,11.400851774079607,13.680000000000001,11.28,ACTIVE,false,,,
2026,3,2026-09-23T03:17:34.693593+0000,df8ea05,offense,00-0038563,4428718,Tre Tucker,WR,LV,NO,2026-09-27T20:25:00.000000+0000,10.817437861855282,10.459999999999997,9.81,ACTIVE,false,,,
2026,3,2026-09-23T03:17:34.693593+0000,df8ea05,offense,00-0038564,4372026,Cameron Latu,TE,NE,JAX,2026-09-27T17:00:00.000000+0000,0.9262558485825669,0.0,0.0,ACTIVE,false,,,
2026,3,2026-09-23T03:17:34.693593+0000,df8ea05,offense,00-0038573,4362477,Derius Davis,WR,LAC,BUF,2026-09-27T17:00:00.000000+0000,1.3156260336778625,0.3400000000000004,1.76,ACTIVE,false,,,
2026,3,2026-09-23T03:17:34.693593+0000,df8ea05,offense,00-0038579,4260394,Aidan O'Connell,QB,LV,NO,2026-09-27T20:25:00.000000+0000,8.486118689859236,11.292,0.0,QUESTIONABLE,false,,,
2026,3,2026-09-23T03:17:34.693593+0000,df8ea05,offense,00-0038589,4360086,Josh Whyle,TE,GB,ATL,2026-09-25T00:15:00.000000+0000,1.2594135946249991,1.2600000000000002,0.0,ACTIVE,false,,,
2026,3,2026-09-23T03:17:34.693593+0000,df8ea05,offense,00-0038597,4362238,Chase Brown,RB,CIN,PIT,2026-09-27T17:00:00.000000+0000,15.585215697817729,22.200000000000003,16.61,ACTIVE,false,,,
2026,3,2026-09-23T03:17:34.693593+0000,df8ea05,offense,00-0038606,4432620,Parker Washington,WR,JAX,NE,2026-09-27T17:00:00.000000+0000,14.947264892607503,20.259999999999998,15.0,ACTIVE,false,,,
2026,3,2026-09-23T03:17:34.693593+0000,df8ea05,offense,00-0038608,4429022,Kayshon Boutte,WR,HOU,IND,2026-09-27T17:00:00.000000+0000,5.829045128314502,4.16,6.79,ACTIVE,false,,,
2026,3,2026-09-23T03:17:34.693593+0000,df8ea05,offense,00-0038611,4362619,Chris Rodriguez Jr.,RB,JAX,NE,2026-09-27T17:00:00.000000+0000,7.56503464933803,7.6,4.33,ACTIVE,false,,,
2026,3,2026-09-23T03:17:34.693593+0000,df8ea05,offense,00-0038618,4686422,Xavier Hutchinson,WR,HOU,IND,2026-09-27T17:00:00.000000+0000,9.209805369381648,6.5200000000000005,7.09,ACTIVE,false,,,
2026,3,2026-09-23T03:17:34.693593+0000,df8ea05,offense,00-0038619,4368003,Andrei Iosivas,WR,CIN,PIT,2026-09-27T17:00:00.000000+0000,4.474040354227724,3.8200000000000016,3.75,ACTIVE,false,,,
2026,3,2026-09-23T03:17:34.693593+0000,df8ea05,offense,00-0038621,4427095,DeMario Douglas,WR,NE,JAX,2026-09-27T17:00:00.000000+0000,5.144448942954503,3.4799999999999995,8.89,ACTIVE,false,,,
2026,3,2026-09-23T03:17:34.693593+0000,df8ea05,offense,00-0038640,4692835,Jalen Brooks,WR,ARI,SF,2026-09-27T20:05:00.000000+0000,0.8709994552078384,0.0,0.04,ACTIVE,false,,,
2026,3,2026-09-23T03:17:34.693593+0000,df8ea05,offense,00-0038643,4360290,Brayden Willis,TE,SF,ARI,2026-09-27T20:05:00.000000+0000,0.998293900726375,0.0,0.0,ACTIVE,false,,,
2026,3,2026-09-23T03:17:34.693593+0000,df8ea05,offense,00-0038685,3149687,Chris Brooks,RB,GB,ATL,2026-09-25T00:15:00.000000+0000,5.252207115686027,3.0199999999999996,7.31,ACTIVE,false,,,
2026,3,2026-09-23T03:17:34.693593+0000,df8ea05,offense,00-0038705,4362478,Emari Demercado,RB,DAL,BAL,2026-09-27T20:25:00.000000+0000,2.84291323586725,3.04,3.79,ACTIVE,false,,,
2026,3,2026-09-23T03:17:34.693593+0000,df8ea05,offense,00-0038710,4362018,Blake Whiteheart,TE,CLE,CAR,2026-09-27T17:00:00.000000+0000,2.6252930516804485,2.2199999999999998,2.88,ACTIVE,false,,,
2026,3,2026-09-23T03:17:34.693593+0000,df8ea05,offense,00-0038728,4430681,Jared Wayne,WR,HOU,IND,2026-09-27T17:00:00.000000+0000,5.434400881985354,2.3,,,false,,,
2026,3,2026-09-23T03:17:34.693593+0000,df8ea05,offense,00-0038738,4383396,Hunter Luepke,RB,DAL,BAL,2026-09-27T20:25:00.000000+0000,1.8309571435722385,2.24,1.5,ACTIVE,false,,,
2026,3,2026-09-23T03:17:34.693593+0000,df8ea05,offense,00-0038783,4383440,Nate Adkins,TE,DEN,LA,2026-09-28T00:20:00.000000+0000,3.0458984397388975,2.5600000000000005,1.67,ACTIVE,false,,,
2026,3,2026-09-23T03:17:34.693593+0000,df8ea05,offense,00-0038794,4722893,Jaleel McLaughlin,RB,CLE,CAR,2026-09-27T17:00:00.000000+0000,3.226887129150771,3.04,1.78,ACTIVE,false,,,
2026,3,2026-09-23T03:17:34.693593+0000,df8ea05,offense,00-0038797,4887558,Emanuel Wilson,RB,SEA,WAS,2026-09-27T17:00:00.000000+0000,7.771518669247964,5.380000000000001,8.89,ACTIVE,false,,,
2026,3,2026-09-23T03:17:34.693593+0000,df8ea05,offense,00-0038824,4369466,Ryan Miller,WR,MIA,KC,2026-09-27T17:00:00.000000+0000,2.3138144156381677,2.94,,,false,,,
2026,3,2026-09-23T03:17:34.693593+0000,df8ea05,offense,00-0038840,4360763,Brycen Tremayne,WR,CAR,CLE,2026-09-27T17:00:00.000000+0000,1.067252003548112,0.9400000000000001,0.52,ACTIVE,false,,,
2026,3,2026-09-23T03:17:34.693593+0000,df8ea05,offense,00-0038896,4383429,Jacob Saylors,RB,DET,NYJ,2026-09-27T17:00:00.000000+0000,0.9177437175722989,0.0,0.02,ACTIVE,false,,,
2026,3,2026-09-23T03:17:34.693593+0000,df8ea05,offense,00-0038933,4385690,Dalton Kincaid,TE,BUF,LAC,2026-09-27T17:00:00.000000+0000,12.109570439453245,10.940000000000001,11.63,ACTIVE,false,,,
2026,3,2026-09-23T03:17:34.693593+0000,df8ea05,offense,00-0038935,4430539,Brenton Strange,TE,JAX,NE,2026-09-27T17:00:00.000000+0000,8.670991276183713,10.900000000000002,7.9,ACTIVE,false,,,
2026,3,2026-09-23T03:17:34.693593+0000,df8ea05,offense,00-0038951,4430871,Sean Tucker,RB,TB,MIN,2026-09-27T20:05:00.000000+0000,3.158197625472503,4.459999999999999,0.48,ACTIVE,false,,,
2026,3,2026-09-23T03:17:34.693593+0000,df8ea05,offense,00-0038976,4686472,Marvin Mims Jr.,WR,DEN,LA,2026-09-28T00:20:00.000000+0000,2.48305496049997,4.119999999999999,2.9,QUESTIONABLE,false,,,
2026,3,2026-09-23T03:17:34.693593+0000,df8ea05,offense,00-0038994,4429205,Jordan Addison,WR,MIN,TB,2026-09-27T20:05:00.000000+0000,6.492606241535882,4.6,10.57,ACTIVE,false,,,
2026,3,2026-09-23T03:17:34.693593+0000,df8ea05,offense,00-0038996,4572680,Tucker Kraft,TE,GB,ATL,2026-09-25T00:15:00.000000+0000,9.345309508016125,13.419999999999998,10.28,ACTIVE,false,,,
2026,3,2026-09-23T03:17:34.693593+0000,df8ea05,offense,00-0038997,4688813,Josh Downs,WR,IND,HOU,2026-09-27T17:00:00.000000+0000,9.834812827291612,9.34,11.47,ACTIVE,false,,,
2026,3,2026-09-23T03:17:34.693593+0000,df8ea05,offense,00-0039021,4426386,Roschon Johnson,RB,CHI,PHI,2026-09-29T00:15:00.000000+0000,0.9276227409988138,0.34,0.0,ACTIVE,false,,,
2026,3,2026-09-23T03:17:34.693593+0000,df8ea05,offense,00-0039032,4428557,Tyjae Spears,RB,TEN,NYG,2026-09-27T17:00:00.000000+0000,8.424396656572597,9.14,9.74,ACTIVE,false,,,
2026,3,2026-09-23T03:17:34.693593+0000,df8ea05,offense,00-0039040,4429160,De'Von Achane,RB,MIA,KC,2026-09-27T17:00:00.000000+0000,14.764256339245566,14.760000000000002,19.4,ACTIVE,false,,,
2026,3,2026-09-23T03:17:34.693593+0000,df8ea05,offense,00-0039041,4426844,Elijah Higgins,TE,ARI,SF,2026-09-27T20:05:00.000000+0000,1.8194590088580183,4.380000000000001,1.04,ACTIVE,false,,,
2026,3,2026-09-23T03:17:34.693593+0000,df8ea05,offense,00-0039050,4372505,Payne Durham,TE,TB,MIN,2026-09-27T20:05:00.000000+0000,0.9027491797109776,0.0,0.0,ACTIVE,false,,,
2026,3,2026-09-23T03:17:34.693593+0000,df8ea05,offense,00-0039062,4426485,Jonathan Mingo,WR,DAL,BAL,2026-09-27T20:25:00.000000+0000,1.1882372024042587,0.4,0.49,ACTIVE,false,,,
2026,3,2026-09-23T03:17:34.693593+0000,df8ea05,offense,00-0039064,4429615,Zay Flowers,WR,BAL,DAL,2026-09-27T20:25:00.000000+0000,14.961021470588513,21.160000000000004,15.64,QUESTIONABLE,false,,,
2026,3,2026-09-23T03:17:34.693593+0000,df8ea05,offense,00-0039065,4430027,Sam LaPorta,TE,DET,NYJ,2026-09-27T17:00:00.000000+0000,13.859982313868327,12.7,11.2,ACTIVE,false,,,
2026,3,2026-09-23T03:17:34.693593+0000,df8ea05,offense,00-0039066,4429086,Michael Mayer,TE,LV,NO,2026-09-27T20:25:00.000000+0000,9.802050117440292,8.419999999999998,6.25,ACTIVE,false,,,
2026,3,2026-09-23T03:17:34.693593+0000,df8ea05,offense,00-0039067,4428331,Rashee Rice,WR,KC,MIA,2026-09-27T17:00:00.000000+0000,13.838346889471042,14.219999999999999,12.74,ACTIVE,false,,,
2026,3,2026-09-23T03:17:34.693593+0000,df8ea05,offense,00-0039074,4426553,Davis Allen,TE,LA,DEN,2026-09-28T00:20:00.000000+0000,2.714737048397467,1.8800000000000001,1.64,ACTIVE,false,,,
2026,3,2026-09-23T03:17:34.693593+0000,df8ea05,offense,00-0039075,4426515,Puka Nacua,WR,LA,DEN,2026-09-28T00:20:00.000000+0000,16.78447916071899,25.7,19.94,QUESTIONABLE,false,,,
2026,3,2026-09-23T03:17:34.693593+0000,df8ea05,offense,00-0039107,4259553,Stetson Bennett,QB,LA,DEN,2026-09-28T00:20:00.000000+0000,2.672536674601632,1.42,0.0,ACTIVE,false,,,
2026,3,2026-09-23T03:17:34.693593+0000,df8ea05,offense,00-0039139,4429795,Jahmyr Gibbs,RB,DET,NYJ,2026-09-27T17:00:00.000000+0000,22.599990374619132,21.28,25.34,ACTIVE,false,,,
2026,3,2026-09-23T03:17:34.693593+0000,df8ea05,offense,00-0039146,4362249,Jayden Reed,WR,GB,ATL,2026-09-25T00:15:00.000000+0000,4.30746322523525,4.32,0.0,DOUBTFUL,false,,,
2026,3,2026-09-23T03:17:34.693593+0000,df8ea05,offense,00-0039150,4685720,Bryce Young,QB,CAR,CLE,2026-09-27T17:00:00.000000+0000,16.171889351478747,19.711999999999996,16.75,ACTIVE,false,,,
2026,3,2026-09-23T03:17:34.693593+0000,df8ea05,offense,00-0039163,4432577,C.J. Stroud,QB,HOU,IND,2026-09-27T17:00:00.000000+0000,15.775701041884297,15.196000000000002,16.1,ACTIVE,false,,,
2026,3,2026-09-23T03:17:34.693593+0000,df8ea05,offense,00-0039164,4429084,Anthony Richardson,QB,IND,HOU,2026-09-27T17:00:00.000000+0000,6.750546906430935,11.588,0.0,ACTIVE,false,,,
2026,3,2026-09-23T03:17:34.693593+0000,df8ea05,offense,00-0039299,4429835,George Holani,RB,SEA,WAS,2026-09-27T17:00:00.000000+0000,4.534963903326513,3.2,3.17,ACTIVE,false,,,
2026,3,2026-09-23T03:17:34.693593+0000,df8ea05,offense,00-0039337,4595348,Malik Nabers,WR,NYG,TEN,2026-09-27T17:00:00.000000+0000,9.946086870224573,11.8,14.43,QUESTIONABLE,false,,,
2026,3,2026-09-23T03:17:34.693593+0000,df8ea05,offense,00-0039338,4432665,Brock Bowers,TE,LV,NO,2026-09-27T20:25:00.000000+0000,8.904391766662048,14.3,14.18,QUESTIONABLE,false,,,
2026,3,2026-09-23T03:17:34.693593+0000,df8ea05,offense,00-0039342,4430034,Xavier Legette,WR,CAR,CLE,2026-09-27T17:00:00.000000+0000,4.591466319857234,3.4200000000000004,5.67,ACTIVE,false,,,
2026,3,2026-09-23T03:17:34.693593+0000,df8ea05,offense,00-0039344,4678008,Jonathon Brooks,RB,CAR,CLE,2026-09-27T17:00:00.000000+0000,4.311893208450997,3.3600000000000003,0.0,DOUBTFUL,false,,,
2026,3,2026-09-23T03:17:34.693593+0000,df8ea05,offense,00-0039355,4426948,Luke McCaffrey,WR,WAS,SEA,2026-09-27T17:00:00.000000+0000,2.380222664871158,4.340000000000001,0.0,ACTIVE,false,,,
2026,3,2026-09-23T03:17:34.693593+0000,df8ea05,offense,00-0039356,4431588,Ja'Tavion Sanders,TE,CAR,CLE,2026-09-27T17:00:00.000000+0000,1.9889785533118711,2.6000000000000005,0.0,ACTIVE,false,,,
2026,3,2026-09-23T03:17:34.693593+0000,df8ea05,offense,00-0039359,4426496,Cade Stover,TE,HOU,IND,2026-09-27T17:00:00.000000+0000,1.1443564110840725,1.08,0.51,ACTIVE,false,,,
2026,3,2026-09-23T03:17:34.693593+0000,df8ea05,offense,00-0039361,4596448,Bucky Irving,RB,TB,MIN,2026-09-27T20:05:00.000000+0000,14.136881175419138,11.9,15.78,ACTIVE,false,,,
2026,3,2026-09-23T03:17:34.693593+0000,df8ea05,offense,00-0039364,4912274,Sione Vaki,RB,DET,NYJ,2026-09-27T17:00:00.000000+0000,2.115407793475053,1.1600000000000001,4.35,ACTIVE,false,,,
2026,3,2026-09-23T03:17:34.693593+0000,df8ea05,offense,00-0039365,4575665,Jacob Cowing,WR,SF,ARI,2026-09-27T20:05:00.000000+0000,1.9120185935960452,1.1400000000000001,3.62,ACTIVE,false,,,
2026,3,2026-09-23T03:17:34.693593+0000,df8ea05,offense,00-0039376,4426339,Spencer Rattler,QB,NO,LV,2026-09-27T20:25:00.000000+0000,6.186423451737233,8.068000000000001,0.0,ACTIVE,false,,,
2026,3,2026-09-23T03:17:34.693593+0000,df8ea05,offense,00-0039384,4360516,Tyrone Tracy Jr.,RB,NYG,TEN,2026-09-27T17:00:00.000000+0000,7.0436281650449954,8.760000000000002,0.03,ACTIVE,false,,,
2026,3,2026-09-23T03:17:34.693593+0000,df8ea05,offense,00-0039391,4430968,Kimani Vidal,RB,LAC,BUF,2026-09-27T17:00:00.000000+0000,1.7494427113612618,1.78,0.79,ACTIVE,false,,,
2026,3,2026-09-23T03:17:34.693593+0000,df8ea05,offense,00-0039407,4366963,Dylan Laube,RB,LV,NO,2026-09-27T20:25:00.000000+0000,0.8709994552078384,0.0,0.05,ACTIVE,false,,,
2026,3,2026-09-23T03:17:34.693593+0000,df8ea05,offense,00-0039410,5083754,Ryan Flournoy,WR,DAL,BAL,2026-09-27T20:25:00.000000+0000,7.930379819095056,8.22,8.05,ACTIVE,false,,,
2026,3,2026-09-23T03:17:34.693593+0000,df8ea05,offense,00-0039424,4569559,Devaughn Vele,WR,NO,LV,2026-09-27T20:25:00.000000+0000,12.617347808577422,14.7,11.51,ACTIVE,false,,,
2026,3,2026-09-23T03:17:34.693593+0000,df8ea05,offense,00-0039451,4569371,Isaiah Williams,WR,NYJ,DET,2026-09-27T17:00:00.000000+0000,7.2466167982906,6.780000000000001,7.02,ACTIVE,false,,,
2026,3,2026-09-23T03:17:34.693593+0000,df8ea05,offense,00-0039491,4695883,Jalen Coker,WR,CAR,CLE,2026-09-27T17:00:00.000000+0000,12.796771260376671,15.280000000000001,13.83,ACTIVE,false,,,
2026,3,2026-09-23T03:17:34.693593+0000,df8ea05,offense,00-0039518,4430684,Treyton Welch,TE,NO,LV,2026-09-27T20:25:00.000000+0000,0.9177437175722989,0.0,0.0,ACTIVE,false,,,
2026,3,2026-09-23T03:17:34.693593+0000,df8ea05,offense,00-0039530,4360967,Brevyn Spann-Ford,TE,DAL,BAL,2026-09-27T20:25:00.000000+0000,2.4003520216644207,2.5,1.69,ACTIVE,false,,,
2026,3,2026-09-23T03:17:34.693593+0000,df8ea05,offense,00-0039589,5097554,Kameron Johnson,WR,TB,MIN,2026-09-27T20:05:00.000000+0000,0.9534348171517935,0.0,0.03,ACTIVE,false,,,
2026,3,2026-09-23T03:17:34.693593+0000,df8ea05,offense,00-0039603,4373273,British Brooks,RB,HOU,IND,2026-09-27T17:00:00.000000+0000,1.6994255113193963,1.2600000000000002,0.14,ACTIVE,false,,,
2026,3,2026-09-23T03:17:34.693593+0000,df8ea05,offense,00-0039648,4360978,David Martin-Robinson,TE,TEN,NYG,2026-09-27T17:00:00.000000+0000,1.0171650428156853,0.8600000000000001,0.0,ACTIVE,false,,,
2026,3,2026-09-23T03:17:34.693593+0000,df8ea05,offense,00-0039686,4361088,Colson Yankoff,TE,WAS,SEA,2026-09-27T17:00:00.000000+0000,1.0797226302381107,0.4800000000000001,0.0,ACTIVE,false,,,
2026,3,2026-09-23T03:17:34.693593+0000,df8ea05,offense,00-0039732,4426338,Bo Nix,QB,DEN,LA,2026-09-28T00:20:00.000000+0000,15.223314148799345,12.951999999999998,16.56,ACTIVE,false,,,
2026,3,2026-09-23T03:17:34.693593+0000,df8ea05,offense,00-0039738,4429096,Blake Corum,RB,LA,DEN,2026-09-28T00:20:00.000000+0000,7.387662871838484,7.68,8.56,ACTIVE,false,,,
2026,3,2026-09-23T03:17:34.693593+0000,df8ea05,offense,00-0039739,4431492,Roman Wilson,WR,PIT,CIN,2026-09-27T17:00:00.000000+0000,6.606071690877555,2.6799999999999993,7.12,ACTIVE,false,,,
2026,3,2026-09-23T03:17:34.693593+0000,df8ea05,offense,00-0039746,4431545,Will Shipley,RB,PHI,CHI,2026-09-29T00:15:00.000000+0000,3.8089395506408867,2.3800000000000003,2.21,ACTIVE,false,,,
2026,3,2026-09-23T03:17:34.693593+0000,df8ea05,offense,00-0039751,4569382,Jordan Whittington,WR,LA,DEN,2026-09-28T00:20:00.000000+0000,1.5887412615977057,0.9400000000000001,2.39,QUESTIONABLE,false,,,
2026,3,2026-09-23T03:17:34.693593+0000,df8ea05,offense,00-0039792,4696882,Devontez Walker,WR,BAL,DAL,2026-09-27T20:25:00.000000+0000,2.851521557339099,3.66,2.17,ACTIVE,false,,,
2026,3,2026-09-23T03:17:34.693593+0000,df8ea05,offense,00-0039793,4576297,AJ Barner,TE,SEA,WAS,2026-09-27T17:00:00.000000+0000,7.213939839674792,8.580000000000002,6.55,ACTIVE,false,,,
2026,3,2026-09-23T03:17:34.693593+0000,df8ea05,offense,00-0039794,4685247,Braelon Allen,RB,NYJ,DET,2026-09-27T17:00:00.000000+0000,5.377644807805874,4.18,6.64,ACTIVE,false,,,
2026,3,2026-09-23T03:17:34.693593+0000,df8ea05,offense,00-0039796,4690013,Rasheen Ali,RB,BAL,DAL,2026-09-27T20:25:00.000000+0000,0.9586194571903128,1.0,0.0,ACTIVE,false,,,
2026,3,2026-09-23T03:17:34.693593+0000,df8ea05,offense,00-0039798,4695404,Isaiah Davis,RB,NYJ,DET,2026-09-27T17:00:00.000000+0000,2.6282480035017035,5.74,0.0,ACTIVE,false,,,
2026,3,2026-09-23T03:17:34.693593+0000,df8ea05,offense,00-0039811,4429023,MarShawn Lloyd,RB,GB,ATL,2026-09-25T00:15:00.000000+0000,6.8117934015744455,5.033333333333333,8.63,ACTIVE,false,,,
2026,3,2026-09-23T03:17:34.693593+0000,df8ea05,offense,00-0039814,4427834,Erick All,TE,CIN,PIT,2026-09-27T17:00:00.000000+0000,2.488566691482043,2.4200000000000004,2.19,ACTIVE,false,,,
2026,3,2026-09-23T03:17:34.693593+0000,df8ea05,offense,00-0039824,4430723,Jared Wiley,TE,KC,MIA,2026-09-27T17:00:00.000000+0000,1.0257209158454126,0.27999999999999997,0.0,ACTIVE,false,,,
2026,3,2026-09-23T03:17:34.693593+0000,df8ea05,offense,00-0039847,4429148,Theo Johnson,TE,NYG,TEN,2026-09-27T17:00:00.000000+0000,4.321328948422612,3.6,2.89,ACTIVE,false,,,
2026,3,2026-09-23T03:17:34.693593+0000,df8ea05,offense,00-0039849,4432708,Marvin Harrison Jr.,WR,ARI,SF,2026-09-27T20:05:00.000000+0000,5.0438532619861185,3.9200000000000004,7.03,ACTIVE,false,,,
2026,3,2026-09-23T03:17:34.693593+0000,df8ea05,offense,00-0039851,4431452,Drake Maye,QB,NE,JAX,2026-09-27T17:00:00.000000+0000,14.767732885498047,17.944,18.64,ACTIVE,false,,,
2026,3,2026-09-23T03:17:34.693593+0000,df8ea05,offense,00-0039855,4430834,Jalen McMillan,WR,TB,MIN,2026-09-27T20:05:00.000000+0000,3.135504769018305,5.98,5.8,ACTIVE,false,,,
2026,3,2026-09-23T03:17:34.693593+0000,df8ea05,offense,00-0039868,4431280,Troy Franklin,WR,DEN,LA,2026-09-28T00:20:00.000000+0000,3.4460172244832945,4.1,3.12,ACTIVE,false,,,
2026,3,2026-09-23T03:17:34.693593+0000,df8ea05,offense,00-0039874,4682745,Jaylen Wright,RB,MIA,KC,2026-09-27T17:00:00.000000+0000,3.1075760508564505,4.58,1.63,QUESTIONABLE,false,,,
2026,3,2026-09-23T03:17:34.693593+0000,df8ea05,offense,00-0039875,4429501,Ray Davis,RB,BUF,LAC,2026-09-27T17:00:00.000000+0000,4.423240870034938,6.74,1.42,ACTIVE,false,,,
2026,3,2026-09-23T03:17:34.693593+0000,df8ea05,offense,00-0039880,4569603,Malik Washington,WR,MIA,KC,2026-09-27T17:00:00.000000+0000,9.060681820915692,7.7,9.77,ACTIVE,false,,,
2026,3,2026-09-23T03:17:34.693593+0000,df8ea05,offense,00-0039890,4597500,Adonai Mitchell,WR,NYJ,DET,2026-09-27T17:00:00.000000+0000,9.615063595082654,6.76,10.7,ACTIVE,false,,,
2026,3,2026-09-23T03:17:34.693593+0000,df8ea05,offense,00-0039893,4432773,Brian Thomas Jr.,WR,JAX,NE,2026-09-27T17:00:00.000000+0000,7.993754193677688,6.720000000000001,10.67,ACTIVE,false,,,
2026,3,2026-09-23T03:17:34.693593+0000,df8ea05,offense,00-0039894,4683062,Xavier Worthy,WR,KC,MIA,2026-09-27T17:00:00.000000+0000,9.513183953150412,6.0,11.42,ACTIVE,false,,,
2026,3,2026-09-23T03:17:34.693593+0000,df8ea05,offense,00-0039901,4635008,Keon Coleman,WR,BUF,LAC,2026-09-27T17:00:00.000000+0000,7.267164844042975,5.18,6.36,ACTIVE,false,,,
2026,3,2026-09-23T03:17:34.693593+0000,df8ea05,offense,00-0039910,4426348,Jayden Daniels,QB,WAS,SEA,2026-09-27T17:00:00.000000+0000,15.918837031511998,13.616,0.0,DOUBTFUL,false,,,
2026,3,2026-09-23T03:17:34.693593+0000,df8ea05,offense,00-0039912,4690923,Ben Sinnott,TE,WAS,SEA,2026-09-27T17:00:00.000000+0000,1.8786705109166348,2.26,1.0,ACTIVE,false,,,
2026,3,2026-09-23T03:17:34.693593+0000,df8ea05,offense,00-0039915,4612826,Ladd McConkey,WR,LAC,BUF,2026-09-27T17:00:00.000000+0000,10.489275453263996,9.62,13.6,ACTIVE,false,,,
2026,3,2026-09-23T03:17:34.693593+0000,df8ea05,offense,00-0039917,4360423,Michael Penix Jr.,QB,ATL,GB,2026-09-25T00:15:00.000000+0000,9.441060382005862,13.691999999999998,14.14,ACTIVE,false,,,
2026,3,2026-09-23T03:17:34.693593+0000,df8ea05,offense,00-0039918,4431611,Caleb Williams,QB,CHI,PHI,2026-09-29T00:15:00.000000+0000,16.884467948272224,21.112000000000002,0.0,DOUBTFUL,false,,,
2026,3,2026-09-23T03:17:34.693593+0000,df8ea05,offense,00-0039919,4431299,Rome Odunze,WR,CHI,PHI,2026-09-29T00:15:00.000000+0000,8.364295571194718,6.340000000000002,10.3,ACTIVE,false,,,
2026,3,2026-09-23T03:17:34.693593+0000,df8ea05,offense,00-0039920,4613104,Malachi Corley,WR,CLE,CAR,2026-09-27T17:00:00.000000+0000,1.930810558502758,2.66,0.02,ACTIVE,false,,,
2026,3,2026-09-23T03:17:34.693593+0000,df8ea05,offense,00-0039923,4433970,J.J. McCarthy,QB,MIN,TB,2026-09-27T20:05:00.000000+0000,9.44044395009237,12.139999999999999,0.0,ACTIVE,false,,,
2026,3,2026-09-23T03:17:34.693593+0000,df8ea05,offense,00-0040014,4433971,Kyle McCord,QB,MIA,KC,2026-09-27T17:00:00.000000+0000,3.5037047754448776,13.149895931882691,0.0,ACTIVE,false,,,
2026,3,2026-09-23T03:17:34.693593+0000,df8ea05,offense,00-0040024,4715355,Darius Cooper,WR,PHI,CHI,2026-09-29T00:15:00.000000+0000,3.8426054358791766,3.66,2.52,ACTIVE,false,,,
2026,3,2026-09-23T03:17:34.693593+0000,df8ea05,offense,00-0040058,4569547,Nick Kallerup,TE,SEA,WAS,2026-09-27T17:00:00.000000+0000,1.0530233795801653,0.0,0.0,ACTIVE,false,,,
2026,3,2026-09-23T03:17:34.693593+0000,df8ea05,offense,00-0040075,4690143,LaJohntay Wester,WR,BAL,DAL,2026-09-27T20:25:00.000000+0000,2.358957645268422,1.1800000000000002,3.74,ACTIVE,false,,,
2026,3,2026-09-23T03:17:34.693593+0000,df8ea05,offense,00-0040078,4596602,Brashard Smith,RB,KC,MIA,2026-09-27T17:00:00.000000+0000,3.182201147194309,3.7600000000000002,0.01,ACTIVE,false,,,
2026,3,2026-09-23T03:17:34.693593+0000,df8ea05,offense,00-0040081,4431196,Jake Briningstool,TE,KC,MIA,2026-09-27T17:00:00.000000+0000,1.2499893567904834,0.95,0.55,ACTIVE,false,,,
2026,3,2026-09-23T03:17:34.693593+0000,df8ea05,offense,00-0040122,4890973,Ashton Jeanty,RB,LV,NO,2026-09-27T20:25:00.000000+0000,16.61948558848079,19.3,18.87,ACTIVE,false,,,
2026,3,2026-09-23T03:17:34.693593+0000,df8ea05,offense,00-0040124,4685472,Tetairoa McMillan,WR,CAR,CLE,2026-09-27T17:00:00.000000+0000,12.823564303362492,11.780000000000003,14.25,ACTIVE,false,,,
2026,3,2026-09-23T03:17:34.693593+0000,df8ea05,offense,00-0040126,4723086,Colston Loveland,TE,CHI,PHI,2026-09-29T00:15:00.000000+0000,9.828172124693452,10.76,9.89,ACTIVE,false,,,
2026,3,2026-09-23T03:17:34.693593+0000,df8ea05,offense,00-0040128,4431459,Tyler Warren,TE,IND,HOU,2026-09-27T17:00:00.000000+0000,12.135227992901479,9.520000000000001,12.3,ACTIVE,true,TE,,
2026,3,2026-09-23T03:17:34.693593+0000,df8ea05,offense,00-0040129,4567750,Emeka Egbuka,WR,TB,MIN,2026-09-27T20:05:00.000000+0000,10.340203582068732,6.6800000000000015,12.37,ACTIVE,false,,,
2026,3,2026-09-23T03:17:34.693593+0000,df8ea05,offense,00-0040131,4613202,Kyle Williams,WR,NE,JAX,2026-09-27T17:00:00.000000+0000,1.9545001834863887,4.0200000000000005,5.2,ACTIVE,false,,,
2026,3,2026-09-23T03:17:34.693593+0000,df8ea05,offense,00-0040134,4600981,Pat Bryant,WR,DEN,LA,2026-09-28T00:20:00.000000+0000,6.980955677404849,6.659999999999999,5.77,ACTIVE,false,,,
2026,3,2026-09-23T03:17:34.693593+0000,df8ea05,offense,00-0040138,4586312,Jaylin Noel,WR,HOU,IND,2026-09-27T17:00:00.000000+0000,5.207147252218533,5.92,3.94,ACTIVE,false,,,
2026,3,2026-09-23T03:17:34.693593+0000,df8ea05,offense,00-0040142,4819231,Kaleb Johnson,RB,GB,ATL,2026-09-25T00:15:00.000000+0000,2.2239938076305927,0.8600000000000001,7.9,ACTIVE,false,,,
2026,3,2026-09-23T03:17:34.693593+0000,df8ea05,offense,00-0040154,4565185,Tai Felton,WR,MIN,TB,2026-09-27T20:05:00.000000+0000,0.7463039853269569,0.72,0.0,ACTIVE,false,,,
2026,3,2026-09-23T03:17:34.693593+0000,df8ea05,offense,00-0040164,4602667,Jaylin Lane,WR,WAS,SEA,2026-09-27T17:00:00.000000+0000,1.2819386445211132,1.48,0.23,ACTIVE,false,,,
2026,3,2026-09-23T03:17:34.693593+0000,df8ea05,offense,00-0040170,4883647,Elic Ayomanor,WR,TEN,NYG,2026-09-27T17:00:00.000000+0000,8.397641709149735,9.5,4.78,ACTIVE,false,,,
2026,3,2026-09-23T03:17:34.693593+0000,df8ea05,offense,00-0040172,4431466,Jordan Watkins,WR,SF,ARI,2026-09-27T20:05:00.000000+0000,1.3323444056106482,1.1500000000000001,1.17,ACTIVE,false,,,
2026,3,2026-09-23T03:17:34.693593+0000,df8ea05,offense,00-0040177,4685397,Jordan James,RB,SF,ARI,2026-09-27T20:05:00.000000+0000,1.9082488889265095,0.75,0.0,ACTIVE,false,,,
2026,3,2026-09-23T03:17:34.693593+0000,df8ea05,offense,00-0040179,4874509,DJ Giddens,RB,IND,HOU,2026-09-27T17:00:00.000000+0000,1.4014290493526294,1.04,0.0,QUESTIONABLE,false,,,
2026,3,2026-09-23T03:17:34.693593+0000,df8ea05,offense,00-0040187,4683243,Mitchell Evans,TE,CAR,CLE,2026-09-27T17:00:00.000000+0000,3.1451729080167388,2.5200000000000005,1.6,ACTIVE,false,,,
2026,3,2026-09-23T03:17:34.693593+0000,df8ea05,offense,00-0040189,4595342,Oronde Gadsden II,TE,LAC,BUF,2026-09-27T17:00:00.000000+0000,4.4077503789441455,6.640000000000001,8.69,ACTIVE,false,,,
2026,3,2026-09-23T03:17:34.693593+0000,df8ea05,offense,00-0040194,4573699,Jackson Hawes,TE,BUF,LAC,2026-09-27T17:00:00.000000+0000,1.548606870736303,1.1199999999999999,0.55,ACTIVE,false,,,
2026,3,2026-09-23T03:17:34.693593+0000,df8ea05,offense,00-0040198,4711533,Ollie Gordon II,RB,MIA,KC,2026-09-27T17:00:00.000000+0000,1.8356474422683984,0.54,1.56,ACTIVE,false,,,
2026,3,2026-09-23T03:17:34.693593+0000,df8ea05,offense,00-0040203,4429955,Will Howard,QB,PIT,CIN,2026-09-27T17:00:00.000000+0000,3.5037047754448776,13.149895931882691,0.0,ACTIVE,false,,,
2026,3,2026-09-23T03:17:34.693593+0000,df8ea05,offense,00-0040206,4683423,Riley Leonard,QB,IND,HOU,2026-09-27T17:00:00.000000+0000,5.476404639496225,6.2,0.0,ACTIVE,false,,,
2026,3,2026-09-23T03:17:34.693593+0000,df8ea05,offense,00-0040208,4429299,Tahj Brooks,RB,CIN,PIT,2026-09-27T17:00:00.000000+0000,1.0496419208877574,0.8200000000000001,0.03,ACTIVE,false,,,
2026,3,2026-09-23T03:17:34.693593+0000,df8ea05,offense,00-0040215,4708049,Gavin Bartholomew,TE,MIN,TB,2026-09-27T20:05:00.000000+0000,2.5598348039280445,4.0870036658306015,0.0,ACTIVE,false,,,
2026,3,2026-09-23T03:17:34.693593+0000,df8ea05,offense,00-0040225,4590292,Thomas Fidone II,TE,NYG,TEN,2026-09-27T17:00:00.000000+0000,1.069282268347002,0.0,0.0,ACTIVE,false,,,
2026,3,2026-09-23T03:17:34.693593+0000,df8ea05,offense,00-0040234,4889929,Quinn Ewers,QB,JAX,NE,2026-09-27T17:00:00.000000+0000,7.6233365011012415,8.295,0.0,ACTIVE,false,,,
2026,3,2026-09-23T03:17:34.693593+0000,df8ea05,offense,00-0040236,4608686,Kyle Monangai,RB,CHI,PHI,2026-09-29T00:15:00.000000+0000,10.274592888305262,10.820000000000002,8.39,ACTIVE,false,,,
2026,3,2026-09-23T03:17:34.693593+0000,df8ea05,offense,00-0040237,4608810,Tez Johnson,WR,TB,MIN,2026-09-27T20:05:00.000000+0000,4.667436343556051,2.7,2.29,ACTIVE,false,,,
2026,3,2026-09-23T03:17:34.693593+0000,df8ea05,offense,00-0040238,4911851,LeQuint Allen Jr.,RB,JAX,NE,2026-09-27T17:00:00.000000+0000,1.3492011135547164,0.26,1.68,ACTIVE,false,,,
2026,3,2026-09-23T03:17:34.693593+0000,df8ea05,offense,00-0040242,4575131,Jacory Croskey-Merritt,RB,WAS,SEA,2026-09-27T17:00:00.000000+0000,9.25948627095189,10.459999999999999,8.78,ACTIVE,false,,,
2026,3,2026-09-23T03:17:34.693593+0000,df8ea05,offense,00-0040277,5160110,Jahdae Walker,WR,CHI,PHI,2026-09-29T00:15:00.000000+0000,3.8657834393711545,6.76,0.48,ACTIVE,false,,,
2026,3,2026-09-23T03:17:34.693593+0000,df8ea05,offense,00-0040363,4688552,Keleki Latu,TE,BUF,LAC,2026-09-27T17:00:00.000000+0000,1.0742577962698547,1.22,0.0,ACTIVE,false,,,
2026,3,2026-09-23T03:17:34.693593+0000,df8ea05,offense,00-0040390,4602788,Jackson Meeks,TE,DET,NYJ,2026-09-27T17:00:00.000000+0000,0.9177437175722989,0.0,0.0,ACTIVE,false,,,
2026,3,2026-09-23T03:17:34.693593+0000,df8ea05,offense,00-0040398,4429435,Brady Cook,QB,MIA,KC,2026-09-27T17:00:00.000000+0000,5.956905426695152,5.692,0.0,ACTIVE,false,,,
2026,3,2026-09-23T03:17:34.693593+0000,df8ea05,offense,00-0040466,4601080,Raheim Sanders,RB,CLE,CAR,2026-09-27T17:00:00.000000+0000,4.075099709520668,4.34,4.62,ACTIVE,false,,,
2026,3,2026-09-23T03:17:34.693593+0000,df8ea05,offense,00-0040506,4430656,Myles Price,WR,MIN,TB,2026-09-27T20:05:00.000000+0000,1.0347922353174985,0.0,0.13,ACTIVE,false,,,
2026,3,2026-09-23T03:17:34.693593+0000,df8ea05,offense,00-0040534,4570738,Ke'Shawn Williams,WR,CIN,PIT,2026-09-27T17:00:00.000000+0000,1.2152385845298157,0.5,0.0,ACTIVE,false,,,
2026,3,2026-09-23T03:17:34.693593+0000,df8ea05,offense,00-0040556,4431431,Corey Kiner,RB,NE,JAX,2026-09-27T17:00:00.000000+0000,2.5879839172136077,1.86,0.0,ACTIVE,false,,,
2026,3,2026-09-23T03:17:34.693593+0000,df8ea05,offense,00-0040563,4695193,Efton Chism III,WR,NE,JAX,2026-09-27T17:00:00.000000+0000,2.2110129855030265,3.46,0.54,ACTIVE,false,,,
2026,3,2026-09-23T03:17:34.693593+0000,df8ea05,offense,00-0040582,4429105,Arian Smith,WR,NYJ,DET,2026-09-27T17:00:00.000000+0000,1.0527221830389921,0.33999999999999997,0.0,INJURY_RESERVE,false,,,
2026,3,2026-09-23T03:17:34.693593+0000,df8ea05,offense,00-0040583,4429059,Woody Marks,RB,HOU,IND,2026-09-27T17:00:00.000000+0000,8.891598444004678,6.720000000000001,8.6,ACTIVE,false,,,
2026,3,2026-09-23T03:17:34.693593+0000,df8ea05,offense,00-0040584,4686728,Gunnar Helm,TE,TEN,NYG,2026-09-27T17:00:00.000000+0000,6.522661668333088,5.8,7.88,ACTIVE,false,,,
2026,3,2026-09-23T03:17:34.693593+0000,df8ea05,offense,00-0040589,4430431,Kurtis Rourke,QB,SF,ARI,2026-09-27T20:05:00.000000+0000,3.200730948495564,13.149895931882691,0.0,ACTIVE,false,,,
2026,3,2026-09-23T03:17:34.693593+0000,df8ea05,offense,00-0040590,4710855,Konata Mumpfield,WR,LA,DEN,2026-09-28T00:20:00.000000+0000,2.8910778158641293,2.44,1.58,ACTIVE,false,,,
2026,3,2026-09-23T03:17:34.693593+0000,df8ea05,offense,00-0040598,,Mark Redman,TE,GB,ATL,2026-09-25T00:15:00.000000+0000,2.5916329540037024,4.0870036658306015,,,false,,,
2026,3,2026-09-23T03:17:34.693593+0000,df8ea05,offense,00-0040621,4600597,Montorie Foster Jr,WR,SEA,WAS,2026-09-27T17:00:00.000000+0000,0.9964058334467286,0.0,0.0,ACTIVE,false,,,
2026,3,2026-09-23T03:17:34.693593+0000,df8ea05,offense,00-0040646,5082630,Jalen Royals,WR,KC,MIA,2026-09-27T17:00:00.000000+0000,2.8479491417599574,2.2,1.62,ACTIVE,false,,,
2026,3,2026-09-23T03:17:34.693593+0000,df8ea05,offense,00-0040648,4597703,Tory Horton,WR,SEA,WAS,2026-09-27T17:00:00.000000+0000,4.03684748264323,6.74,1.12,ACTIVE,false,,,
2026,3,2026-09-23T03:17:34.693593+0000,df8ea05,offense,00-0040663,5083076,Harold Fannin Jr.,TE,CLE,CAR,2026-09-27T17:00:00.000000+0000,8.595607328498366,11.4,9.79,ACTIVE,false,,,
2026,3,2026-09-23T03:17:34.693593+0000,df8ea05,offense,00-0040666,4685382,Omarion Hampton,RB,LAC,BUF,2026-09-27T17:00:00.000000+0000,13.746494703103822,13.959999999999999,15.02,ACTIVE,false,,,
2026,3,2026-09-23T03:17:34.693593+0000,df8ea05,offense,00-0040667,4701936,Matthew Golden,WR,GB,ATL,2026-09-25T00:15:00.000000+0000,11.222307083914174,5.94,11.41,ACTIVE,false,,,
2026,3,2026-09-23T03:17:34.693593+0000,df8ea05,offense,00-0040668,4432762,Shedeur Sanders,QB,CLE,CAR,2026-09-27T17:00:00.000000+0000,7.911588870348241,12.52,0.0,ACTIVE,false,,,
2026,3,2026-09-23T03:17:34.693593+0000,df8ea05,offense,00-0040669,5123663,Isaac TeSlaa,WR,DET,NYJ,2026-09-27T17:00:00.000000+0000,6.387671289877032,7.3,5.27,ACTIVE,false,,,
2026,3,2026-09-23T03:17:34.693593+0000,df8ea05,offense,00-0040673,4432734,Jalen Milroe,QB,SEA,WAS,2026-09-27T17:00:00.000000+0000,1.8416354843637452,-0.5333333333333333,0.0,ACTIVE,false,,,
2026,3,2026-09-23T03:17:34.693593+0000,df8ea05,offense,00-0040676,4688380,Cam Ward,QB,TEN,NYG,2026-09-27T17:00:00.000000+0000,13.521194865589312,15.191999999999998,13.86,ACTIVE,false,,,
2026,3,2026-09-23T03:17:34.693593+0000,df8ea05,offense,00-0040691,4689114,Jaxson Dart,QB,NYG,TEN,2026-09-27T17:00:00.000000+0000,14.169989570334204,14.579999999999998,0.0,DOUBTFUL,false,,,
2026,3,2026-09-23T03:17:34.693593+0000,df8ea05,offense,00-0040705,4431268,Chimere Dike,WR,TEN,NYG,2026-09-27T17:00:00.000000+0000,2.719040900121939,6.12,0.92,ACTIVE,false,,,
2026,3,2026-09-23T03:17:34.693593+0000,df8ea05,offense,00-0040715,4696981,Cam Skattebo,RB,NYG,TEN,2026-09-27T17:00:00.000000+0000,12.060452119162557,16.6,13.99,ACTIVE,true,RB,,
2026,3,2026-09-23T03:17:34.693593+0000,df8ea05,offense,00-0040718,4685415,Travis Hunter,WR,JAX,NE,2026-09-27T17:00:00.000000+0000,4.2687516163012535,0.0,3.45,ACTIVE,false,,,
2026,3,2026-09-23T03:17:34.693593+0000,df8ea05,offense,00-0040719,4882093,Bhayshul Tuten,RB,JAX,NE,2026-09-27T17:00:00.000000+0000,9.649437142786024,8.02,11.0,ACTIVE,false,,,
2026,3,2026-09-23T03:17:34.693593+0000,df8ea05,offense,00-0040727,4686612,Tre Harris,WR,LAC,BUF,2026-09-27T17:00:00.000000+0000,7.721774049914831,5.6000000000000005,7.96,ACTIVE,false,,,
2026,3,2026-09-23T03:17:34.693593+0000,df8ea05,offense,00-0040729,4603186,Jack Bech,WR,LV,NO,2026-09-27T20:25:00.000000+0000,4.836289128109089,5.16,4.74,ACTIVE,false,,,
2026,3,2026-09-23T03:17:34.693593+0000,df8ea05,offense,00-0040730,4568490,RJ Harvey,RB,DEN,LA,2026-09-28T00:20:00.000000+0000,10.097506510222413,12.719999999999999,9.5,QUESTIONABLE,false,,,
2026,3,2026-09-23T03:17:34.693593+0000,df8ea05,offense,00-0040734,4432710,TreVeyon Henderson,RB,NE,JAX,2026-09-27T17:00:00.000000+0000,11.101760378240844,14.280000000000001,10.5,ACTIVE,false,,,
2026,3,2026-09-23T03:17:34.693593+0000,df8ea05,offense,00-0040735,4685278,Luther Burden III,WR,CHI,PHI,2026-09-29T00:15:00.000000+0000,9.556540434483606,13.080000000000002,11.59,ACTIVE,false,,,
2026,3,2026-09-23T03:17:34.693593+0000,df8ea05,offense,00-0040736,4808766,Mason Taylor,TE,NYJ,DET,2026-09-27T17:00:00.000000+0000,4.115939140717905,4.220000000000001,3.99,DOUBTFUL,false,,,
2026,3,2026-09-23T03:17:34.693593+0000,df8ea05,offense,00-0040737,4570037,Terrance Ferguson,TE,LA,DEN,2026-09-28T00:20:00.000000+0000,8.0558899644017,8.940000000000001,7.94,ACTIVE,false,,,
2026,3,2026-09-23T03:17:34.693593+0000,df8ea05,offense,00-0040739,4678006,Elijah Arroyo,TE,SEA,WAS,2026-09-27T17:00:00.000000+0000,1.378574906909318,0.8400000000000001,2.57,ACTIVE,false,,,
2026,3,2026-09-23T03:17:34.693593+0000,df8ea05,offense,00-0040743,4360689,Tyler Shough,QB,NO,LV,2026-09-27T20:25:00.000000+0000,17.54387655366872,21.276,18.83,ACTIVE,false,,,
2026,3,2026-09-23T03:17:34.693593+0000,df8ea05,offense,00-0040782,4808839,Isaiah Bond,WR,CLE,CAR,2026-09-27T17:00:00.000000+0000,1.5331231267796293,1.86,0.46,ACTIVE,false,,,
2026,3,2026-09-23T03:17:34.693593+0000,df8ea05,offense,00-0040784,4685702,Quinshon Judkins,RB,CLE,CAR,2026-09-27T17:00:00.000000+0000,10.4780304016394,8.2,13.72,ACTIVE,false,,,
2026,3,2026-09-23T03:17:34.693593+0000,df8ea05,offense,00-0040785,4384852,Dohnte Meyers,WR,CIN,PIT,2026-09-27T17:00:00.000000+0000,2.2694842023077086,1.9000000000000001,1.54,ACTIVE,false,,,
2026,3,2026-09-23T03:17:34.693593+0000,df8ea05,offense,00-0040867,4870795,Makai Lemon,WR,PHI,CHI,2026-09-29T00:15:00.000000+0000,5.675481491407239,2.2,7.26,ACTIVE,false,,,
2026,3,2026-09-23T03:17:34.693593+0000,df8ea05,offense,00-0040876,5088338,Elijah Sarratt,WR,BAL,DAL,2026-09-27T20:25:00.000000+0000,2.5566518940651735,6.375924685225839,0.0,ACTIVE,false,,,
2026,3,2026-09-23T03:17:34.693593+0000,df8ea05,offense,00-0040878,4686658,Mike Washington Jr.,RB,LV,NO,2026-09-27T20:25:00.000000+0000,3.4287285595338237,2.4000000000000004,3.71,ACTIVE,false,,,
2026,3,2026-09-23T03:17:34.693593+0000,df8ea05,offense,00-0040879,4432260,Matthew Hibner,TE,BAL,DAL,2026-09-27T20:25:00.000000+0000,1.4708789392515096,1.15,0.53,ACTIVE,false,,,
2026,3,2026-09-23T03:17:34.693593+0000,df8ea05,offense,00-0040886,4685555,Nicholas Singleton,RB,TEN,NYG,2026-09-27T17:00:00.000000+0000,2.100501057185438,1.0,1.42,ACTIVE,false,,,
2026,3,2026-09-23T03:17:34.693593+0000,df8ea05,offense,00-0040887,4876132,Josh Cuevas,TE,BAL,DAL,2026-09-27T20:25:00.000000+0000,1.0917909527445482,0.0,0.0,ACTIVE,false,,,
2026,3,2026-09-23T03:17:34.693593+0000,df8ea05,offense,00-0040890,4912218,Cyrus Allen,WR,KC,MIA,2026-09-27T17:00:00.000000+0000,1.1184798184460125,0.0,1.08,ACTIVE,false,,,
2026,3,2026-09-23T03:17:34.693593+0000,df8ea05,offense,00-0040891,4879250,Cole Payton,QB,PHI,CHI,2026-09-29T00:15:00.000000+0000,3.2714512110897234,13.149895931882691,0.0,ACTIVE,false,,,
2026,3,2026-09-23T03:17:34.693593+0000,df8ea05,offense,00-0040894,5150247,Malik Benson,WR,LV,NO,2026-09-27T20:25:00.000000+0000,2.5980928284466387,0.4,1.75,ACTIVE,false,,,
2026,3,2026-09-23T03:17:34.693593+0000,df8ea05,offense,00-0040906,4567747,Garrett Nussmeier,QB,KC,MIA,2026-09-27T17:00:00.000000+0000,3.2714512110897234,13.149895931882691,0.0,ACTIVE,false,,,
2026,3,2026-09-23T03:17:34.693593+0000,df8ea05,offense,00-0040930,4808759,Camden Brown,WR,DAL,BAL,2026-09-27T20:25:00.000000+0000,2.68442918067176,6.375924685225839,0.0,ACTIVE,false,,,
2026,3,2026-09-23T03:17:34.693593+0000,df8ea05,offense,00-0040948,4635009,J. Michael Sturdivant,WR,GB,ATL,2026-09-25T00:15:00.000000+0000,1.1385352151090087,0.0,0.51,ACTIVE,false,,,
2026,3,2026-09-23T03:17:34.693593+0000,df8ea05,offense,00-0040981,4429582,Joe Fagnano,QB,BAL,DAL,2026-09-27T20:25:00.000000+0000,3.394848166057879,13.149895931882691,0.0,ACTIVE,false,,,
2026,3,2026-09-23T03:17:34.693593+0000,df8ea05,offense,00-0041013,4832955,Emmett Johnson,RB,KC,MIA,2026-09-27T17:00:00.000000+0000,6.038569586120098,7.15,6.12,ACTIVE,false,,,
2026,3,2026-09-23T03:17:34.693593+0000,df8ea05,offense,00-0041027,4870808,Jeremiyah Love,RB,ARI,SF,2026-09-27T20:05:00.000000+0000,10.220024288528382,10.25,12.75,ACTIVE,false,,,
2026,3,2026-09-23T03:17:34.693593+0000,df8ea05,offense,00-0041032,5083315,Kenyon Sadiq,TE,NYJ,DET,2026-09-27T17:00:00.000000+0000,6.06808544628527,7.550000000000001,7.34,ACTIVE,false,,,
2026,3,2026-09-23T03:17:34.693593+0000,df8ea05,offense,00-0041037,4832800,Denzel Boston,WR,CLE,CAR,2026-09-27T17:00:00.000000+0000,12.892018484915747,17.2,11.31,ACTIVE,false,,,
2026,3,2026-09-23T03:17:34.693593+0000,df8ea05,offense,00-0041040,5081432,Antonio Williams,WR,WAS,SEA,2026-09-27T17:00:00.000000+0000,8.232786005174876,10.899999999999999,5.16,ACTIVE,false,,,
2026,3,2026-09-23T03:17:34.693593+0000,df8ea05,offense,00-0041041,4702559,Oscar Delp,TE,NO,LV,2026-09-27T20:25:00.000000+0000,1.766906312722652,1.8,0.56,ACTIVE,false,,,
2026,3,2026-09-23T03:17:34.693593+0000,df8ea05,offense,00-0041042,4682648,Malachi Fields,WR,NYG,TEN,2026-09-27T17:00:00.000000+0000,8.62550917909158,4.75,8.26,ACTIVE,false,,,
2026,3,2026-09-23T03:17:34.693593+0000,df8ea05,offense,00-0041044,4870612,Zachariah Branch,WR,ATL,GB,2026-09-25T00:15:00.000000+0000,1.6890573961457374,1.7000000000000002,1.66,ACTIVE,false,,,
2026,3,2026-09-23T03:17:34.693593+0000,df8ea05,offense,00-0041048,5220680,Ted Hurst III,WR,TB,MIN,2026-09-27T20:05:00.000000+0000,8.529980818794177,5.65,5.83,ACTIVE,false,,,
2026,3,2026-09-23T03:17:34.693593+0000,df8ea05,offense,00-0041051,4869748,Zavion Thomas,WR,CHI,PHI,2026-09-29T00:15:00.000000+0000,1.1353523052461376,0.0,0.03,ACTIVE,false,,,
2026,3,2026-09-23T03:17:34.693593+0000,df8ea05,offense,00-0041052,4696044,Kaelon Black,RB,SF,ARI,2026-09-27T20:05:00.000000+0000,6.263490002912928,5.25,7.38,ACTIVE,false,,,
2026,3,2026-09-23T03:17:34.693593+0000,df8ea05,offense,00-0041056,4685413,Cade Klubnik,QB,NYJ,DET,2026-09-27T17:00:00.000000+0000,3.4865399180059153,13.149895931882691,0.0,ACTIVE,false,,,
2026,3,2026-09-23T03:17:34.693593+0000,df8ea05,offense,00-0041067,4879276,Bryce Lance,WR,NO,LV,2026-09-27T20:25:00.000000+0000,5.736051578401695,4.5,3.84,ACTIVE,false,,,
2026,3,2026-09-23T03:17:34.693593+0000,df8ea05,offense,00-0041069,5092508,Colbie Young,WR,CIN,PIT,2026-09-27T17:00:00.000000+0000,1.3093914835742526,0.8500000000000001,1.09,ACTIVE,false,,,
2026,3,2026-09-23T03:17:34.693593+0000,df8ea05,offense,00-0041070,4869132,Reggie Virgil,WR,ARI,SF,2026-09-27T20:05:00.000000+0000,2.565704905802265,6.375924685225839,0.0,ACTIVE,false,,,
2026,3,2026-09-23T03:17:34.693593+0000,df8ea05,offense,00-0041077,4912052,Justin Joly,TE,MIA,KC,2026-09-27T17:00:00.000000+0000,2.574352858863662,4.0870036658306015,0.0,ACTIVE,false,,,
2026,3,2026-09-23T03:17:34.693593+0000,df8ea05,offense,00-0041081,4878695,Max Bredeson,RB,MIN,TB,2026-09-27T20:05:00.000000+0000,2.5598348039280445,7.425130276711768,0.0,ACTIVE,false,,,
2026,3,2026-09-23T03:17:34.693593+0000,df8ea05,offense,00-0041084,4917427,Tanner Koziol,TE,JAX,NE,2026-09-27T17:00:00.000000+0000,2.5684827569894417,4.0870036658306015,0.0,ACTIVE,false,,,
2026,3,2026-09-23T03:17:34.693593+0000,df8ea05,offense,00-0041092,4431325,Taylen Green,QB,CLE,CAR,2026-09-27T17:00:00.000000+0000,3.3917582032505464,13.149895931882691,0.0,ACTIVE,false,,,
2026,3,2026-09-23T03:17:34.693593+0000,df8ea05,offense,00-0041094,4890373,Bauer Sharp,TE,TB,MIN,2026-09-27T20:05:00.000000+0000,1.1353523052461376,0.0,0.0,ACTIVE,false,,,
2026,3,2026-09-23T03:17:34.693593+0000,df8ea05,offense,00-0041096,4685246,Kaytron Allen,RB,WAS,SEA,2026-09-27T17:00:00.000000+0000,3.1624463274855397,2.0,1.1,ACTIVE,false,,,
2026,3,2026-09-23T03:17:34.693593+0000,df8ea05,offense,00-0041099,4698597,Barion Brown,WR,NO,LV,2026-09-27T20:25:00.000000+0000,1.413077027347719,0.15000000000000002,0.9,ACTIVE,false,,,
2026,3,2026-09-23T03:17:34.693593+0000,df8ea05,offense,00-0041100,4879194,Josh Cameron,WR,JAX,NE,2026-09-27T17:00:00.000000+0000,3.084459535790358,5.0,0.54,ACTIVE,false,,,
2026,3,2026-09-23T03:17:34.693593+0000,df8ea05,offense,00-0041104,4832846,Demond Claiborne,RB,MIN,TB,2026-09-27T20:05:00.000000+0000,1.5930958536163573,1.2,1.39,ACTIVE,false,,,
2026,3,2026-09-23T03:17:34.693593+0000,df8ea05,offense,00-0041106,5085024,C.J. Williams,WR,JAX,NE,2026-09-27T17:00:00.000000+0000,0.9777769843339935,0.0,,,false,,,
2026,3,2026-09-23T03:17:34.693593+0000,df8ea05,offense,00-0041116,5085189,Jack Endries,TE,CIN,PIT,2026-09-27T17:00:00.000000+0000,1.0949738626074192,0.0,0.0,ACTIVE,false,,,
2026,3,2026-09-23T03:17:34.693593+0000,df8ea05,offense,00-0041117,4432722,Athan Kaliakmanis,QB,WAS,SEA,2026-09-27T17:00:00.000000+0000,3.605165530511889,13.149895931882691,0.0,ACTIVE,false,,,
2026,3,2026-09-23T03:17:34.693593+0000,df8ea05,offense,00-0041123,4431465,Behren Morton,QB,NE,JAX,2026-09-27T17:00:00.000000+0000,3.131706832905733,13.149895931882691,0.0,ACTIVE,false,,,
2026,3,2026-09-23T03:17:34.693593+0000,df8ea05,offense,00-0041125,4686468,Seth McGowan,RB,IND,HOU,2026-09-27T17:00:00.000000+0000,1.5789140534000363,0.5,2.59,ACTIVE,false,,,
2026,3,2026-09-23T03:17:34.693593+0000,df8ea05,offense,00-0041131,4685540,Carsen Ryan,TE,CLE,CAR,2026-09-27T17:00:00.000000+0000,1.1353523052461376,0.0,0.0,ACTIVE,false,,,
2026,3,2026-09-23T03:17:34.693593+0000,df8ea05,offense,00-0041132,4683151,Deion Burks,WR,IND,HOU,2026-09-27T17:00:00.000000+0000,2.2830687753740255,1.4000000000000001,,,false,,,
2026,3,2026-09-23T03:17:34.693593+0000,df8ea05,offense,00-0041133,5159802,Dallen Bentley,TE,DEN,LA,2026-09-28T00:20:00.000000+0000,2.5652998471265707,4.0870036658306015,0.0,ACTIVE,false,,,
2026,3,2026-09-23T03:17:34.693593+0000,df8ea05,offense,00-0041149,4428993,Haynes King,QB,CAR,CLE,2026-09-27T17:00:00.000000+0000,3.3631429630377596,13.149895931882691,0.0,ACTIVE,false,,,
2026,3,2026-09-23T03:17:34.693593+0000,df8ea05,offense,00-0041194,5344782,Jack Strand,QB,ATL,GB,2026-09-25T00:15:00.000000+0000,6.345149311897252,-0.040000000000000036,0.0,ACTIVE,false,,,
2026,3,2026-09-23T03:17:34.693593+0000,df8ea05,offense,00-0041251,4596472,Jalon Daniels,QB,TB,MIN,2026-09-27T20:05:00.000000+0000,3.163504982981391,13.149895931882691,0.0,ACTIVE,false,,,
2026,3,2026-09-23T03:17:34.693593+0000,df8ea05,offense,00-0041314,,Tanner Arkin,TE,NE,JAX,2026-09-27T17:00:00.000000+0000,2.5335016970509128,4.0870036658306015,,,false,,,
2026,3,2026-09-23T03:17:34.693593+0000,df8ea05,offense,00-0041326,5081999,CJ Donaldson,RB,NO,LV,2026-09-27T20:25:00.000000+0000,2.1068529711847637,0.7,,,false,,,
2026,3,2026-09-23T03:17:34.693593+0000,df8ea05,offense,00-0041395,4831959,Eli Raridon,TE,NE,JAX,2026-09-27T17:00:00.000000+0000,3.2185106111843997,5.6,2.86,QUESTIONABLE,false,,,
2026,3,2026-09-23T03:17:34.693593+0000,df8ea05,offense,00-0041397,5081338,Kaden Wetjen,WR,PIT,CIN,2026-09-27T17:00:00.000000+0000,1.1353523052461376,0.0,0.14,ACTIVE,false,,,
2026,3,2026-09-23T03:17:34.693593+0000,df8ea05,offense,00-0041398,4693370,Riley Nowakowski,TE,PIT,CIN,2026-09-27T17:00:00.000000+0000,2.597503055877923,4.0870036658306015,0.0,ACTIVE,false,,,
2026,3,2026-09-23T03:17:34.693593+0000,df8ea05,offense,00-0041399,4605951,CJ Daniels,WR,LA,DEN,2026-09-28T00:20:00.000000+0000,2.5598348039280445,6.375924685225839,0.0,ACTIVE,false,,,
2026,3,2026-09-23T03:17:34.693593+0000,df8ea05,offense,00-0041436,,DJ Herman,RB,MIA,KC,2026-09-27T17:00:00.000000+0000,3.6317544789578236,2.8,,,false,,,
2026,3,2026-09-23T03:17:34.693593+0000,df8ea05,offense,00-0041438,4871023,Carnell Tate,WR,TEN,NYG,2026-09-27T17:00:00.000000+0000,8.940144660207778,6.75,11.78,ACTIVE,false,,,
2026,3,2026-09-23T03:17:34.693593+0000,df8ea05,offense,00-0041443,4683153,Skyler Bell,WR,BUF,LAC,2026-09-27T17:00:00.000000+0000,2.8616954612785612,6.375924685225839,0.0,ACTIVE,false,,,
2026,3,2026-09-23T03:17:34.693593+0000,df8ea05,offense,00-0041472,4695705,Marlin Klein,TE,HOU,IND,2026-09-27T17:00:00.000000+0000,1.5383244827442846,1.3,0.54,ACTIVE,false,,,
2026,3,2026-09-23T03:17:34.693593+0000,df8ea05,offense,00-0041489,4685261,Germie Bernard,WR,PIT,CIN,2026-09-27T17:00:00.000000+0000,4.628072365833713,3.75,2.09,ACTIVE,false,,,
2026,3,2026-09-23T03:17:34.693593+0000,df8ea05,offense,00-0041490,5081508,Eli Heidenreich,RB,PIT,CIN,2026-09-27T17:00:00.000000+0000,1.1353523052461376,0.0,0.02,ACTIVE,false,,,
2026,3,2026-09-23T03:17:34.693593+0000,df8ea05,offense,00-0041496,4702555,Jonah Coleman,RB,DEN,LA,2026-09-28T00:20:00.000000+0000,5.815515804552482,7.4,1.7,ACTIVE,false,,,
2026,3,2026-09-23T03:17:34.693593+0000,df8ea05,offense,00-0041503,4686248,Nate Boerkircher,TE,JAX,NE,2026-09-27T17:00:00.000000+0000,2.0248427971980845,0.95,1.63,ACTIVE,false,,,
2026,3,2026-09-23T03:17:34.693593+0000,df8ea05,offense,00-0041510,4833029,Max Klare,TE,LA,DEN,2026-09-28T00:20:00.000000+0000,2.536684606913784,4.0870036658306015,0.0,ACTIVE,false,,,
2026,3,2026-09-23T03:17:34.693593+0000,df8ea05,offense,00-0041512,4685512,Jadarian Price,RB,SEA,WAS,2026-09-27T17:00:00.000000+0000,8.866690535584894,6.4,12.08,QUESTIONABLE,false,,,
2026,3,2026-09-23T03:17:34.693593+0000,df8ea05,offense,00-0041523,4869645,Caleb Douglas,WR,MIA,KC,2026-09-27T17:00:00.000000+0000,9.198664205270962,9.15,8.75,QUESTIONABLE,false,,,
2026,3,2026-09-23T03:17:34.693593+0000,df8ea05,offense,00-0041524,4880236,Will Kacmarek,TE,MIA,KC,2026-09-27T17:00:00.000000+0000,1.7282808990897904,0.7,1.84,ACTIVE,false,,,
2026,3,2026-09-23T03:17:34.693593+0000,df8ea05,offense,00-0041525,4869961,Chris Bell,WR,MIA,KC,2026-09-27T17:00:00.000000+0000,2.679051565483031,1.75,5.75,ACTIVE,false,,,
2026,3,2026-09-23T03:17:34.693593+0000,df8ea05,offense,00-0041529,4685307,Kevin Coleman Jr.,WR,MIA,KC,2026-09-27T17:00:00.000000+0000,1.6580729353994241,0.0,3.98,ACTIVE,false,,,
2026,3,2026-09-23T03:17:34.693593+0000,df8ea05,offense,00-0041547,4870653,KC Concepcion,WR,CLE,CAR,2026-09-27T17:00:00.000000+0000,9.665545200005019,8.0,10.97,ACTIVE,false,,,
2026,3,2026-09-23T03:17:34.693593+0000,df8ea05,offense,00-0041550,4685553,Brenen Thompson,WR,LAC,BUF,2026-09-27T17:00:00.000000+0000,2.1669022810070078,1.15,2.07,ACTIVE,false,,,
2026,3,2026-09-23T03:17:34.693593+0000,df8ea05,offense,00-0041558,4685504,Sam Roush,TE,CHI,PHI,2026-09-29T00:15:00.000000+0000,2.2141849021125917,0.95,1.02,ACTIVE,false,,,
2026,3,2026-09-23T03:17:34.693593+0000,df8ea05,offense,00-0041561,4430841,Carson Beck,QB,ARI,SF,2026-09-27T20:05:00.000000+0000,3.4719066253692197,13.149895931882691,0.0,ACTIVE,false,,,
2026,3,2026-09-23T03:17:34.693593+0000,df8ea05,offense,00-0041562,4837248,Fernando Mendoza,QB,LV,NO,2026-09-27T20:25:00.000000+0000,3.131706832905733,13.149895931882691,0.0,ACTIVE,false,,,
2026,3,2026-09-23T03:17:34.693593+0000,df8ea05,offense,00-0041565,4714771,Drew Allar,QB,PIT,CIN,2026-09-27T17:00:00.000000+0000,3.5037047754448776,13.149895931882691,0.0,ACTIVE,false,,,
2026,3,2026-09-23T03:17:34.693593+0000,df8ea05,offense,00-0041568,4685522,Ty Simpson,QB,LA,DEN,2026-09-28T00:20:00.000000+0000,3.043197990820568,13.149895931882691,0.0,ACTIVE,false,,,
2026,3,2026-09-23T03:17:34.693593+0000,df8ea05,offense,00-0041579,4714379,Seydou Traore,TE,MIA,KC,2026-09-27T17:00:00.000000+0000,2.574352858863662,4.0870036658306015,0.0,ACTIVE,false,,,
2026,3,2026-09-23T03:17:34.693593+0000,df8ea05,k,00-0025565,10621,Nick Folk,K,ATL,GB,2026-09-25T00:15:00.000000+0000,8.603411926641115,6.4,7.87,ACTIVE,false,,,
2026,3,2026-09-23T03:17:34.693593+0000,df8ea05,k,00-0031136,17372,Chris Boswell,K,PIT,CIN,2026-09-27T17:00:00.000000+0000,8.488389662344675,7.8,8.46,ACTIVE,false,,,
2026,3,2026-09-23T03:17:34.693593+0000,df8ea05,k,00-0031203,17427,Cairo Santos,K,CHI,PHI,2026-09-29T00:15:00.000000+0000,9.311110199456476,7.6,7.91,ACTIVE,false,,,
2026,3,2026-09-23T03:17:34.693593+0000,df8ea05,k,00-0031492,2473037,Jason Myers,K,SEA,WAS,2026-09-27T17:00:00.000000+0000,10.017515413471441,6.4,9.44,ACTIVE,false,,,
2026,3,2026-09-23T03:17:34.693593+0000,df8ea05,k,00-0032569,2985659,Wil Lutz,K,DEN,LA,2026-09-28T00:20:00.000000+0000,9.490064308759585,8.8,8.03,ACTIVE,false,,,
2026,3,2026-09-23T03:17:34.693593+0000,df8ea05,k,00-0032726,2971573,Ka'imi Fairbairn,K,HOU,IND,2026-09-27T17:00:00.000000+0000,9.62989483738432,13.4,9.28,ACTIVE,false,,,
2026,3,2026-09-23T03:17:34.693593+0000,df8ea05,k,00-0033303,3055899,Harrison Butker,K,KC,MIA,2026-09-27T17:00:00.000000+0000,11.037418457450967,11.8,9.05,ACTIVE,false,,,
2026,3,2026-09-23T03:17:34.693593+0000,df8ea05,k,00-0033787,3050478,Jake Elliott,K,PHI,CHI,2026-09-29T00:15:00.000000+0000,10.917291327121438,5.6,8.09,ACTIVE,false,,,
2026,3,2026-09-23T03:17:34.693593+0000,df8ea05,k,00-0034161,3051909,Daniel Carlson,K,NO,LV,2026-09-27T20:25:00.000000+0000,8.595734987831447,8.6,8.84,ACTIVE,false,,,
2026,3,2026-09-23T03:17:34.693593+0000,df8ea05,k,00-0034173,4034949,Eddy Pineiro,K,SF,ARI,2026-09-27T20:05:00.000000+0000,9.619464743839275,7.2,9.85,ACTIVE,false,,,
2026,3,2026-09-23T03:17:34.693593+0000,df8ea05,k,00-0035192,3124084,Joey Slye,K,TEN,NYG,2026-09-27T17:00:00.000000+0000,8.906721682232144,7.4,7.16,ACTIVE,false,,,
2026,3,2026-09-23T03:17:34.693593+0000,df8ea05,k,00-0035269,4249087,Matt Gay,K,LV,NO,2026-09-27T20:25:00.000000+0000,9.605010483403012,8.0,7.71,ACTIVE,false,,,
2026,3,2026-09-23T03:17:34.693593+0000,df8ea05,k,00-0035358,3150744,Chase McLaughlin,K,TB,MIN,2026-09-27T20:05:00.000000+0000,8.747838238326038,10.2,8.4,ACTIVE,false,,,
2026,3,2026-09-23T03:17:34.693593+0000,df8ea05,k,00-0036162,3917232,Tyler Bass,K,BUF,LAC,2026-09-27T17:00:00.000000+0000,8.8539796807809,7.8,8.64,ACTIVE,false,,,
2026,3,2026-09-23T03:17:34.693593+0000,df8ea05,k,00-0036816,4243371,Riley Patterson,K,MIA,KC,2026-09-27T17:00:00.000000+0000,8.374824832665833,6.0,7.49,ACTIVE,false,,,
2026,3,2026-09-23T03:17:34.693593+0000,df8ea05,k,00-0036854,4360234,Evan McPherson,K,CIN,PIT,2026-09-27T17:00:00.000000+0000,10.322898057929088,10.0,7.8,ACTIVE,false,,,
2026,3,2026-09-23T03:17:34.693593+0000,df8ea05,k,00-0037224,4362081,Cameron Dicker,K,LAC,BUF,2026-09-27T17:00:00.000000+0000,9.725558896648375,3.8,9.1,ACTIVE,false,,,
2026,3,2026-09-23T03:17:34.693593+0000,df8ea05,k,00-0037692,3953687,Brandon Aubrey,K,DAL,BAL,2026-09-27T20:25:00.000000+0000,10.09030464474351,8.8,9.72,ACTIVE,true,K,,
2026,3,2026-09-23T03:17:34.693593+0000,df8ea05,k,00-0038428,4258620,Andre Szmyt,K,CLE,CAR,2026-09-27T17:00:00.000000+0000,9.48483130517233,8.8,7.8,ACTIVE,false,,,
2026,3,2026-09-23T03:17:34.693593+0000,df8ea05,k,00-0038567,4363538,Chad Ryland,K,ARI,SF,2026-09-27T20:05:00.000000+0000,8.408903348862273,8.8,7.31,ACTIVE,false,,,
2026,3,2026-09-23T03:17:34.693593+0000,df8ea05,k,00-0038905,4259619,Blake Grupe,K,NYJ,DET,2026-09-27T17:00:00.000000+0000,9.579400477136732,10.6,0.0,ACTIVE,false,,,
2026,3,2026-09-23T03:17:34.693593+0000,df8ea05,k,00-0039172,4689936,Jake Bates,K,DET,NYJ,2026-09-27T17:00:00.000000+0000,9.23654171785967,7.6,8.79,ACTIVE,false,,,
2026,3,2026-09-23T03:17:34.693593+0000,df8ea05,k,00-0039404,4567104,Will Reichard,K,MIN,TB,2026-09-27T20:05:00.000000+0000,9.40092792146536,11.0,8.22,ACTIVE,false,,,
2026,3,2026-09-23T03:17:34.693593+0000,df8ea05,k,00-0039409,4686361,Cam Little,K,JAX,NE,2026-09-27T17:00:00.000000+0000,10.073276968358012,12.0,8.68,ACTIVE,false,,,
2026,3,2026-09-23T03:17:34.693593+0000,df8ea05,k,00-0039498,4574716,Harrison Mevis,K,LA,DEN,2026-09-28T00:20:00.000000+0000,9.279733490532855,7.6,8.31,ACTIVE,false,,,
2026,3,2026-09-23T03:17:34.693593+0000,df8ea05,k,00-0039576,4571557,Spencer Shrader,K,IND,HOU,2026-09-27T17:00:00.000000+0000,9.566614710603382,8.6,8.46,ACTIVE,false,,,
2026,3,2026-09-23T03:17:34.693593+0000,df8ea05,k,00-0040074,4697745,Tyler Loop,K,BAL,DAL,2026-09-27T20:25:00.000000+0000,8.909262730761398,8.2,8.69,ACTIVE,false,,,
2026,3,2026-09-23T03:17:34.693593+0000,df8ea05,k,00-0040200,4569923,Andy Borregales,K,NE,JAX,2026-09-27T17:00:00.000000+0000,8.988934226633047,7.6,7.36,ACTIVE,false,,,
2026,3,2026-09-23T03:17:34.693593+0000,df8ea05,k,00-0040279,4568263,Ryan Fitzgerald,K,CAR,CLE,2026-09-27T17:00:00.000000+0000,10.933783960578852,7.2,7.69,ACTIVE,false,,,
2026,3,2026-09-23T03:17:34.693593+0000,df8ea05,k,00-0040899,4869461,Trey Smack,K,GB,ATL,2026-09-25T00:15:00.000000+0000,10.274607358197528,10.5,9.21,ACTIVE,false,,,
2026,3,2026-09-23T03:17:34.693593+0000,df8ea05,k,00-0041145,5082424,Dominic Zvada,K,NYG,TEN,2026-09-27T17:00:00.000000+0000,10.116503643347711,6.0,8.56,ACTIVE,false,,,
2026,3,2026-09-23T03:17:34.693593+0000,df8ea05,k,00-0041182,5081335,Drew Stevens,K,WAS,SEA,2026-09-27T17:00:00.000000+0000,7.030634346236538,6.5,7.73,ACTIVE,false,,,
2026,3,2026-09-23T03:17:34.693593+0000,df8ea05,dst,ARI,-16022,ARI D/ST,D/ST,ARI,SF,2026-09-27T20:05:00.000000+0000,2.2866970282308268,2.8,2.64,,false,,,
2026,3,2026-09-23T03:17:34.693593+0000,df8ea05,dst,ATL,-16001,ATL D/ST,D/ST,ATL,GB,2026-09-25T00:15:00.000000+0000,3.9316506649832332,7.4,3.4,,false,,,
2026,3,2026-09-23T03:17:34.693593+0000,df8ea05,dst,BAL,-16033,BAL D/ST,D/ST,BAL,DAL,2026-09-27T20:25:00.000000+0000,3.550307885091909,4.6,4.37,NORMAL,true,D/ST,,
2026,3,2026-09-23T03:17:34.693593+0000,df8ea05,dst,BUF,-16002,BUF D/ST,D/ST,BUF,LAC,2026-09-27T17:00:00.000000+0000,5.921946388417255,6.0,5.77,,false,,,
2026,3,2026-09-23T03:17:34.693593+0000,df8ea05,dst,CAR,-16029,CAR D/ST,D/ST,CAR,CLE,2026-09-27T17:00:00.000000+0000,10.334369092372462,7.6,7.15,,false,,,
2026,3,2026-09-23T03:17:34.693593+0000,df8ea05,dst,CHI,-16003,CHI D/ST,D/ST,CHI,PHI,2026-09-29T00:15:00.000000+0000,4.898525019211077,3.4,4.28,,false,,,
2026,3,2026-09-23T03:17:34.693593+0000,df8ea05,dst,CIN,-16004,CIN D/ST,D/ST,CIN,PIT,2026-09-27T17:00:00.000000+0000,8.350476458816456,10.4,6.46,,false,,,
2026,3,2026-09-23T03:17:34.693593+0000,df8ea05,dst,CLE,-16005,CLE D/ST,D/ST,CLE,CAR,2026-09-27T17:00:00.000000+0000,5.490553045979067,7.0,5.52,,false,,,
2026,3,2026-09-23T03:17:34.693593+0000,df8ea05,dst,DAL,-16006,DAL D/ST,D/ST,DAL,BAL,2026-09-27T20:25:00.000000+0000,2.9863561117922655,0.6,3.05,,false,,,
2026,3,2026-09-23T03:17:34.693593+0000,df8ea05,dst,DEN,-16007,DEN D/ST,D/ST,DEN,LA,2026-09-28T00:20:00.000000+0000,1.9610212024149207,8.4,3.72,NORMAL,false,,,
2026,3,2026-09-23T03:17:34.693593+0000,df8ea05,dst,DET,-16008,DET D/ST,D/ST,DET,NYJ,2026-09-27T17:00:00.000000+0000,6.816521721772926,3.0,6.77,,false,,,
2026,3,2026-09-23T03:17:34.693593+0000,df8ea05,dst,GB,-16009,GB D/ST,D/ST,GB,ATL,2026-09-25T00:15:00.000000+0000,8.358032084485368,1.4,4.75,,false,,,
2026,3,2026-09-23T03:17:34.693593+0000,df8ea05,dst,HOU,-16034,HOU D/ST,D/ST,HOU,IND,2026-09-27T17:00:00.000000+0000,6.3051056566872505,7.0,6.56,NORMAL,false,,,
2026,3,2026-09-23T03:17:34.693593+0000,df8ea05,dst,IND,-16011,IND D/ST,D/ST,IND,HOU,2026-09-27T17:00:00.000000+0000,4.479205552342557,-1.8,4.47,,false,,,
2026,3,2026-09-23T03:17:34.693593+0000,df8ea05,dst,JAX,-16030,JAX D/ST,D/ST,JAX,NE,2026-09-27T17:00:00.000000+0000,8.275305615130387,8.2,4.88,NORMAL,false,,,
2026,3,2026-09-23T03:17:34.693593+0000,df8ea05,dst,KC,-16012,KC D/ST,D/ST,KC,MIA,2026-09-27T17:00:00.000000+0000,8.066401178121744,6.0,6.37,,false,,,
2026,3,2026-09-23T03:17:34.693593+0000,df8ea05,dst,LA,-16014,LA D/ST,D/ST,LA,DEN,2026-09-28T00:20:00.000000+0000,6.624739066173569,6.8,5.37,NORMAL,false,,,
2026,3,2026-09-23T03:17:34.693593+0000,df8ea05,dst,LAC,-16024,LAC D/ST,D/ST,LAC,BUF,2026-09-27T17:00:00.000000+0000,2.4580221096464707,4.0,2.64,NORMAL,false,,,
2026,3,2026-09-23T03:17:34.693593+0000,df8ea05,dst,LV,-16013,LV D/ST,D/ST,LV,NO,2026-09-27T20:25:00.000000+0000,4.762589754074371,10.0,5.05,,false,,,
2026,3,2026-09-23T03:17:34.693593+0000,df8ea05,dst,MIA,-16015,MIA D/ST,D/ST,MIA,KC,2026-09-27T17:00:00.000000+0000,0.21000471994029293,0.6,2.63,,false,,,
2026,3,2026-09-23T03:17:34.693593+0000,df8ea05,dst,MIN,-16016,MIN D/ST,D/ST,MIN,TB,2026-09-27T20:05:00.000000+0000,6.843717022459448,13.4,6.57,,false,,,
2026,3,2026-09-23T03:17:34.693593+0000,df8ea05,dst,NE,-16017,NE D/ST,D/ST,NE,JAX,2026-09-27T17:00:00.000000+0000,4.1325704303424065,10.4,5.01,,false,,,
2026,3,2026-09-23T03:17:34.693593+0000,df8ea05,dst,NO,-16018,NO D/ST,D/ST,NO,LV,2026-09-27T20:25:00.000000+0000,6.224267495925226,9.6,6.68,,false,,,
2026,3,2026-09-23T03:17:34.693593+0000,df8ea05,dst,NYG,-16019,NYG D/ST,D/ST,NYG,TEN,2026-09-27T17:00:00.000000+0000,8.330079477086565,9.2,6.72,,false,,,
2026,3,2026-09-23T03:17:34.693593+0000,df8ea05,dst,NYJ,-16020,NYJ D/ST,D/ST,NYJ,DET,2026-09-27T17:00:00.000000+0000,3.346319309128388,1.4,3.73,,false,,,
2026,3,2026-09-23T03:17:34.693593+0000,df8ea05,dst,PHI,-16021,PHI D/ST,D/ST,PHI,CHI,2026-09-29T00:15:00.000000+0000,8.808702054799232,6.6,5.36,NORMAL,false,,,
2026,3,2026-09-23T03:17:34.693593+0000,df8ea05,dst,PIT,-16023,PIT D/ST,D/ST,PIT,CIN,2026-09-27T17:00:00.000000+0000,5.468411388918279,9.2,6.28,NORMAL,false,,,
2026,3,2026-09-23T03:17:34.693593+0000,df8ea05,dst,SEA,-16026,SEA D/ST,D/ST,SEA,WAS,2026-09-27T17:00:00.000000+0000,6.305523186090649,8.8,7.49,NORMAL,false,,,
2026,3,2026-09-23T03:17:34.693593+0000,df8ea05,dst,SF,-16025,SF D/ST,D/ST,SF,ARI,2026-09-27T20:05:00.000000+0000,7.391441117288397,6.0,7.47,NORMAL,false,,,
2026,3,2026-09-23T03:17:34.693593+0000,df8ea05,dst,TB,-16027,TB D/ST,D/ST,TB,MIN,2026-09-27T20:05:00.000000+0000,6.568123713101821,5.8,5.44,NORMAL,false,,,
2026,3,2026-09-23T03:17:34.693593+0000,df8ea05,dst,TEN,-16010,TEN D/ST,D/ST,TEN,NYG,2026-09-27T17:00:00.000000+0000,7.348060813695737,3.4,6.11,,false,,,
2026,3,2026-09-23T03:17:34.693593+0000,df8ea05,dst,WAS,-16028,WAS D/ST,D/ST,WAS,SEA,2026-09-27T17:00:00.000000+0000,4.298346329825863,2.0,4.64,,false,,,
2026,3,2026-09-23T03:28:59.370802+0000,f23d4fa,offense,00-0023459,8439,Aaron Rodgers,QB,PIT,CIN,2026-09-27T17:00:00.000000+0000,14.318349917308312,11.428,14.15,ACTIVE,false,,,
2026,3,2026-09-23T03:28:59.370802+0000,f23d4fa,offense,00-0026158,11252,Joe Flacco,QB,CIN,PIT,2026-09-27T17:00:00.000000+0000,2.5350193250007895,4.200000000000001,0.0,ACTIVE,false,,,
2026,3,2026-09-23T03:28:59.370802+0000,f23d4fa,offense,00-0026498,12483,Matthew Stafford,QB,LA,DEN,2026-09-28T00:20:00.000000+0000,17.46181351738963,20.276,15.72,ACTIVE,false,,,
2026,3,2026-09-23T03:28:59.370802+0000,f23d4fa,offense,00-0027973,14012,Andy Dalton,QB,PHI,CHI,2026-09-29T00:15:00.000000+0000,3.5066044058092456,1.908,0.0,ACTIVE,false,,,
2026,3,2026-09-23T03:28:59.370802+0000,f23d4fa,offense,00-0028118,14163,Tyrod Taylor,QB,GB,ATL,2026-09-25T00:15:00.000000+0000,8.196308729238078,10.224,0.0,ACTIVE,false,,,
2026,3,2026-09-23T03:28:59.370802+0000,f23d4fa,offense,00-0028986,15168,Case Keenum,QB,CHI,PHI,2026-09-29T00:15:00.000000+0000,5.740647034195887,4.87,0.0,ACTIVE,false,,,
2026,3,2026-09-23T03:28:59.370802+0000,f23d4fa,offense,00-0029604,14880,Kirk Cousins,QB,LV,NO,2026-09-27T20:25:00.000000+0000,14.752254216089048,13.988,13.0,ACTIVE,false,,,
2026,3,2026-09-23T03:28:59.370802+0000,f23d4fa,offense,00-0029892,16002,Kyle Juszczyk,RB,SF,ARI,2026-09-27T20:05:00.000000+0000,2.5684827569894417,7.425130276711768,2.61,ACTIVE,false,,,
2026,3,2026-09-23T03:28:59.370802+0000,f23d4fa,offense,00-0030279,15818,Keenan Allen,WR,IND,HOU,2026-09-27T17:00:00.000000+0000,8.104912733935986,6.6800000000000015,9.53,ACTIVE,false,,,
2026,3,2026-09-23T03:28:59.370802+0000,f23d4fa,offense,00-0030506,15847,Travis Kelce,TE,KC,MIA,2026-09-27T17:00:00.000000+0000,12.505746403210184,9.919999999999998,12.68,ACTIVE,true,BE,,
2026,3,2026-09-23T03:28:59.370802+0000,f23d4fa,offense,00-0030565,15864,Geno Smith,QB,NYJ,DET,2026-09-27T17:00:00.000000+0000,13.47589504148519,11.02,15.07,ACTIVE,false,,,
2026,3,2026-09-23T03:28:59.370802+0000,f23d4fa,offense,00-0031235,16733,Odell Beckham Jr.,WR,NYG,TEN,2026-09-27T17:00:00.000000+0000,1.4304644583769022,0.6,0.58,ACTIVE,false,,,
2026,3,2026-09-23T03:28:59.370802+0000,f23d4fa,offense,00-0031381,16800,Davante Adams,WR,LA,DEN,2026-09-28T00:20:00.000000+0000,15.539930754969394,16.98,13.82,ACTIVE,false,,,
2026,3,2026-09-23T03:28:59.370802+0000,f23d4fa,offense,00-0031408,16737,Mike Evans,WR,SF,ARI,2026-09-27T20:05:00.000000+0000,11.40833265138646,11.379999999999999,12.48,QUESTIONABLE,false,,,
2026,3,2026-09-23T03:28:59.370802+0000,f23d4fa,offense,00-0031484,2531358,Chris Manhertz,TE,NYG,TEN,2026-09-27T17:00:00.000000+0000,1.1228847660720946,0.0,0.0,ACTIVE,false,,,
2026,3,2026-09-23T03:28:59.370802+0000,f23d4fa,offense,00-0031503,2969939,Jameis Winston,QB,NYG,TEN,2026-09-27T17:00:00.000000+0000,11.391233885850113,9.092,14.68,ACTIVE,false,,,
2026,3,2026-09-23T03:28:59.370802+0000,f23d4fa,offense,00-0031588,2976212,Stefon Diggs,WR,WAS,SEA,2026-09-27T17:00:00.000000+0000,12.228589735066237,17.880000000000003,10.83,ACTIVE,false,,,
2026,3,2026-09-23T03:28:59.370802+0000,f23d4fa,offense,00-0031595,2515270,Michael Burton,RB,CLE,CAR,2026-09-27T17:00:00.000000+0000,2.5884500441408314,7.425130276711768,0.62,ACTIVE,false,,,
2026,3,2026-09-23T03:28:59.370802+0000,f23d4fa,offense,00-0031610,2576925,Darren Waller,TE,CAR,CLE,2026-09-27T17:00:00.000000+0000,6.403639676609638,11.34,5.56,ACTIVE,false,,,
2026,3,2026-09-23T03:28:59.370802+0000,f23d4fa,offense,00-0032104,2576336,Ameer Abdullah,RB,JAX,NE,2026-09-27T17:00:00.000000+0000,3.491227525194633,2.7600000000000002,1.85,ACTIVE,false,,,
2026,3,2026-09-23T03:28:59.370802+0000,f23d4fa,offense,00-0032268,2576980,Marcus Mariota,QB,WAS,SEA,2026-09-27T17:00:00.000000+0000,10.833792331180149,9.667999999999997,15.32,ACTIVE,false,,,
2026,3,2026-09-23T03:28:59.370802+0000,f23d4fa,offense,00-0032392,3043275,Austin Hooper,TE,ATL,GB,2026-09-25T00:15:00.000000+0000,2.735192419064402,3.999999999999999,1.56,ACTIVE,false,,,
2026,3,2026-09-23T03:28:59.370802+0000,f23d4fa,offense,00-0032398,2576581,Chris Moore,WR,BAL,DAL,2026-09-27T20:25:00.000000+0000,3.7616356134930635,2.08,5.54,ACTIVE,false,,,
2026,3,2026-09-23T03:28:59.370802+0000,f23d4fa,offense,00-0032464,2973405,Kalif Raymond,WR,CHI,PHI,2026-09-29T00:15:00.000000+0000,8.377388411169783,10.26,7.44,ACTIVE,false,,,
2026,3,2026-09-23T03:28:59.370802+0000,f23d4fa,offense,00-0032764,3043078,Derrick Henry,RB,BAL,DAL,2026-09-27T20:25:00.000000+0000,20.753648104244437,26.8,17.77,ACTIVE,false,,,
2026,3,2026-09-23T03:28:59.370802+0000,f23d4fa,offense,00-0032775,3043116,Demarcus Robinson,WR,SF,ARI,2026-09-27T20:05:00.000000+0000,6.8126239098479315,8.02,0.0,OUT,false,,,
2026,3,2026-09-23T03:28:59.370802+0000,f23d4fa,offense,00-0032950,2573079,Carson Wentz,QB,MIN,TB,2026-09-27T20:05:00.000000+0000,13.413576811138347,11.872,0.0,ACTIVE,false,,,
2026,3,2026-09-23T03:28:59.370802+0000,f23d4fa,offense,00-0032951,3051889,Laquon Treadwell,WR,IND,HOU,2026-09-27T17:00:00.000000+0000,2.816970832394048,1.8200000000000003,6.27,ACTIVE,false,,,
2026,3,2026-09-23T03:28:59.370802+0000,f23d4fa,offense,00-0033077,2577417,Dak Prescott,QB,DAL,BAL,2026-09-27T20:25:00.000000+0000,18.786547723225027,17.34,17.11,ACTIVE,false,,,
2026,3,2026-09-23T03:28:59.370802+0000,f23d4fa,offense,00-0033090,3046439,Hunter Henry,TE,NE,JAX,2026-09-27T17:00:00.000000+0000,8.763508778560457,10.52,10.06,ACTIVE,false,,,
2026,3,2026-09-23T03:28:59.370802+0000,f23d4fa,offense,00-0033106,3046779,Jared Goff,QB,DET,NYJ,2026-09-27T17:00:00.000000+0000,20.54682792545136,18.0,16.62,ACTIVE,false,,,
2026,3,2026-09-23T03:28:59.370802+0000,f23d4fa,offense,00-0033110,2573401,Tyler Higbee,TE,LA,DEN,2026-09-28T00:20:00.000000+0000,3.4262915707147767,6.180000000000001,1.06,ACTIVE,false,,,
2026,3,2026-09-23T03:28:59.370802+0000,f23d4fa,offense,00-0033119,2578570,Jacoby Brissett,QB,ARI,SF,2026-09-27T20:05:00.000000+0000,14.459310691814489,13.14,13.65,ACTIVE,false,,,
2026,3,2026-09-23T03:28:59.370802+0000,f23d4fa,offense,00-0033217,2998565,Mo Alie-Cox,TE,IND,HOU,2026-09-27T17:00:00.000000+0000,1.7114542635807326,3.96,0.53,ACTIVE,false,,,
2026,3,2026-09-23T03:28:59.370802+0000,f23d4fa,offense,00-0033246,3052096,Johnny Mundt,TE,PHI,CHI,2026-09-29T00:15:00.000000+0000,2.043751897169472,1.08,3.91,ACTIVE,false,,,
2026,3,2026-09-23T03:28:59.370802+0000,f23d4fa,offense,00-0033280,3117251,Christian McCaffrey,RB,SF,ARI,2026-09-27T20:05:00.000000+0000,21.016124948792097,21.76,20.9,ACTIVE,false,,,
2026,3,2026-09-23T03:28:59.370802+0000,f23d4fa,offense,00-0033288,3040151,George Kittle,TE,SF,ARI,2026-09-27T20:05:00.000000+0000,11.087088490618996,15.280000000000001,12.67,ACTIVE,false,,,
2026,3,2026-09-23T03:28:59.370802+0000,f23d4fa,offense,00-0033293,3042519,Aaron Jones,RB,MIN,TB,2026-09-27T20:05:00.000000+0000,11.283856021383684,11.320000000000002,13.65,ACTIVE,false,,,
2026,3,2026-09-23T03:28:59.370802+0000,f23d4fa,offense,00-0033307,3045523,Kendrick Bourne,WR,ARI,SF,2026-09-27T20:05:00.000000+0000,6.523996223197349,5.5600000000000005,6.71,ACTIVE,false,,,
2026,3,2026-09-23T03:28:59.370802+0000,f23d4fa,offense,00-0033376,2975417,Patrick Ricard,RB,NYG,TEN,2026-09-27T17:00:00.000000+0000,1.094809834781231,0.36,0.43,ACTIVE,false,,,
2026,3,2026-09-23T03:28:59.370802+0000,f23d4fa,offense,00-0033526,3116389,Samaje Perine,RB,CIN,PIT,2026-09-27T17:00:00.000000+0000,5.938167082124928,7.960000000000001,4.63,ACTIVE,false,,,
2026,3,2026-09-23T03:28:59.370802+0000,f23d4fa,offense,00-0033537,3122840,Deshaun Watson,QB,CLE,CAR,2026-09-27T17:00:00.000000+0000,13.347379133540274,11.132,15.4,ACTIVE,false,,,
2026,3,2026-09-23T03:28:59.370802+0000,f23d4fa,offense,00-0033555,2991662,Mack Hollins,WR,NE,JAX,2026-09-27T17:00:00.000000+0000,8.533353619279172,8.040000000000001,8.79,ACTIVE,false,,,
2026,3,2026-09-23T03:28:59.370802+0000,f23d4fa,offense,00-0033576,2975863,Eric Saubert,TE,SEA,WAS,2026-09-27T17:00:00.000000+0000,1.2753113302308974,1.0,1.53,ACTIVE,false,,,
2026,3,2026-09-23T03:28:59.370802+0000,f23d4fa,offense,00-0033662,2972515,Cooper Rush,QB,ATL,GB,2026-09-25T00:15:00.000000+0000,7.603963422474157,1.456,0.0,ACTIVE,false,,,
2026,3,2026-09-23T03:28:59.370802+0000,f23d4fa,offense,00-0033757,2975674,Robert Tonyan,TE,PIT,CIN,2026-09-27T17:00:00.000000+0000,0.9027491797109776,0.0,0.0,ACTIVE,false,,,
2026,3,2026-09-23T03:28:59.370802+0000,f23d4fa,offense,00-0033858,3054212,Jonnu Smith,TE,GB,ATL,2026-09-25T00:15:00.000000+0000,3.480526545584619,3.78,3.38,ACTIVE,false,,,
2026,3,2026-09-23T03:28:59.370802+0000,f23d4fa,offense,00-0033869,3039707,Mitchell Trubisky,QB,TEN,NYG,2026-09-27T17:00:00.000000+0000,6.605349609916957,8.072,0.0,ACTIVE,false,,,
2026,3,2026-09-23T03:28:59.370802+0000,f23d4fa,offense,00-0033873,3139477,Patrick Mahomes,QB,KC,MIA,2026-09-27T17:00:00.000000+0000,21.334947546969996,19.888,19.63,ACTIVE,false,,,
2026,3,2026-09-23T03:28:59.370802+0000,f23d4fa,offense,00-0033881,3051876,Evan Engram,TE,DEN,LA,2026-09-28T00:20:00.000000+0000,5.818097879160809,7.239999999999999,6.14,ACTIVE,false,,,
2026,3,2026-09-23T03:28:59.370802+0000,f23d4fa,offense,00-0033885,3123076,David Njoku,TE,LAC,BUF,2026-09-27T17:00:00.000000+0000,4.9743711298947355,4.4399999999999995,0.0,OUT,false,,,
2026,3,2026-09-23T03:28:59.370802+0000,f23d4fa,offense,00-0033906,3054850,Alvin Kamara,RB,NO,LV,2026-09-27T20:25:00.000000+0000,8.734005125122072,6.480000000000001,9.58,ACTIVE,false,,,
2026,3,2026-09-23T03:28:59.370802+0000,f23d4fa,offense,00-0033908,2977187,Cooper Kupp,WR,SEA,WAS,2026-09-27T17:00:00.000000+0000,5.486309112590157,4.58,5.87,ACTIVE,false,,,
2026,3,2026-09-23T03:28:59.370802+0000,f23d4fa,offense,00-0033921,3116165,Chris Godwin Jr.,WR,TB,MIN,2026-09-27T20:05:00.000000+0000,8.230338145095798,10.14,8.8,ACTIVE,false,,,
2026,3,2026-09-23T03:28:59.370802+0000,f23d4fa,offense,00-0033949,3044720,Joshua Dobbs,QB,DET,NYJ,2026-09-27T17:00:00.000000+0000,2.6011899928949203,4.968,0.0,ACTIVE,false,,,
2026,3,2026-09-23T03:28:59.370802+0000,f23d4fa,offense,00-0034270,3915486,Tyler Conklin,TE,DET,NYJ,2026-09-27T17:00:00.000000+0000,0.9059320895738484,0.76,0.0,ACTIVE,false,,,
2026,3,2026-09-23T03:28:59.370802+0000,f23d4fa,offense,00-0034348,3128429,Courtland Sutton,WR,DEN,LA,2026-09-28T00:20:00.000000+0000,8.809164192054627,7.74,10.92,ACTIVE,true,BE,,
2026,3,2026-09-23T03:28:59.370802+0000,f23d4fa,offense,00-0034351,3121023,Dallas Goedert,TE,PHI,CHI,2026-09-29T00:15:00.000000+0000,9.83100987294825,14.420000000000002,0.0,DOUBTFUL,false,,,
2026,3,2026-09-23T03:28:59.370802+0000,f23d4fa,offense,00-0034365,4045305,Ian Thomas,TE,LV,NO,2026-09-27T20:25:00.000000+0000,1.4330679858589388,1.1600000000000001,0.55,ACTIVE,false,,,
2026,3,2026-09-23T03:28:59.370802+0000,f23d4fa,offense,00-0034383,3117256,Dalton Schultz,TE,HOU,IND,2026-09-27T17:00:00.000000+0000,12.332181385369237,12.84,9.53,ACTIVE,false,,,
2026,3,2026-09-23T03:28:59.370802+0000,f23d4fa,offense,00-0034419,3123075,Braxton Berrios,WR,NYG,TEN,2026-09-27T17:00:00.000000+0000,1.200534840260128,1.7600000000000002,0.57,ACTIVE,false,,,
2026,3,2026-09-23T03:28:59.370802+0000,f23d4fa,offense,00-0034577,3115293,Kyle Allen,QB,BUF,LAC,2026-09-27T17:00:00.000000+0000,1.87856159770576,0.05199999999999998,0.0,ACTIVE,false,,,
2026,3,2026-09-23T03:28:59.370802+0000,f23d4fa,offense,00-0034753,3116365,Mark Andrews,TE,BAL,DAL,2026-09-27T20:25:00.000000+0000,8.683475504918162,6.880000000000001,10.21,ACTIVE,false,,,
2026,3,2026-09-23T03:28:59.370802+0000,f23d4fa,offense,00-0034771,3116407,Mason Rudolph,QB,PIT,CIN,2026-09-27T17:00:00.000000+0000,4.824537842934935,2.964,0.0,ACTIVE,false,,,
2026,3,2026-09-23T03:28:59.370802+0000,f23d4fa,offense,00-0034796,3916387,Lamar Jackson,QB,BAL,DAL,2026-09-27T20:25:00.000000+0000,17.84205471302903,15.904,21.07,ACTIVE,false,,,
2026,3,2026-09-23T03:28:59.370802+0000,f23d4fa,offense,00-0034798,3052897,Durham Smythe,TE,BAL,DAL,2026-09-27T20:25:00.000000+0000,1.8100572402364923,0.7,1.97,ACTIVE,false,,,
2026,3,2026-09-23T03:28:59.370802+0000,f23d4fa,offense,00-0034827,3915416,DJ Moore,WR,BUF,LAC,2026-09-27T17:00:00.000000+0000,9.674471998664973,9.319999999999999,12.56,QUESTIONABLE,false,,,
2026,3,2026-09-23T03:28:59.370802+0000,f23d4fa,offense,00-0034829,3116164,Mike Gesicki,TE,CIN,PIT,2026-09-27T17:00:00.000000+0000,6.5772692382206035,8.260000000000002,6.63,ACTIVE,false,,,
2026,3,2026-09-23T03:28:59.370802+0000,f23d4fa,offense,00-0034837,3925357,Calvin Ridley,WR,TEN,NYG,2026-09-27T17:00:00.000000+0000,3.6059508259710347,5.74,6.38,ACTIVE,false,,,
2026,3,2026-09-23T03:28:59.370802+0000,f23d4fa,offense,00-0034844,3929630,Saquon Barkley,RB,PHI,CHI,2026-09-29T00:15:00.000000+0000,11.898373569931245,11.440000000000001,17.37,QUESTIONABLE,false,,,
2026,3,2026-09-23T03:28:59.370802+0000,f23d4fa,offense,00-0034854,3047876,KhaDarel Hodge,WR,SF,ARI,2026-09-27T20:05:00.000000+0000,1.2982048269869526,0.5599999999999999,,,false,,,
2026,3,2026-09-23T03:28:59.370802+0000,f23d4fa,offense,00-0034855,3052587,Baker Mayfield,QB,TB,MIN,2026-09-27T20:05:00.000000+0000,15.795802823120775,13.436000000000002,15.6,ACTIVE,false,,,
2026,3,2026-09-23T03:28:59.370802+0000,f23d4fa,offense,00-0034857,3918298,Josh Allen,QB,BUF,LAC,2026-09-27T17:00:00.000000+0000,22.307388335360272,21.312,23.56,ACTIVE,true,QB,,
2026,3,2026-09-23T03:28:59.370802+0000,f23d4fa,offense,00-0034869,3912547,Sam Darnold,QB,SEA,WAS,2026-09-27T17:00:00.000000+0000,7.973105142568646,9.251999999999999,15.82,QUESTIONABLE,false,,,
2026,3,2026-09-23T03:28:59.370802+0000,f23d4fa,offense,00-0034959,3125107,Andrew Beck,RB,NYJ,DET,2026-09-27T17:00:00.000000+0000,2.5566518940651735,7.425130276711768,0.0,ACTIVE,false,,,
2026,3,2026-09-23T03:28:59.370802+0000,f23d4fa,offense,00-0034960,3916433,Jakobi Meyers,WR,JAX,NE,2026-09-27T17:00:00.000000+0000,9.052835659300431,8.38,9.29,ACTIVE,true,BE,,
2026,3,2026-09-23T03:28:59.370802+0000,f23d4fa,offense,00-0034975,4038441,Justice Hill,RB,BAL,DAL,2026-09-27T20:25:00.000000+0000,4.090990201830922,3.8800000000000017,6.65,ACTIVE,false,,,
2026,3,2026-09-23T03:28:59.370802+0000,f23d4fa,offense,00-0034981,3843945,Foster Moreau,TE,HOU,IND,2026-09-27T17:00:00.000000+0000,2.6810914623161293,2.6,2.32,ACTIVE,false,,,
2026,3,2026-09-23T03:28:59.370802+0000,f23d4fa,offense,00-0035021,4061956,Ashton Dulin,WR,IND,HOU,2026-09-27T17:00:00.000000+0000,1.1259841765983039,1.6000000000000003,1.72,QUESTIONABLE,false,,,
2026,3,2026-09-23T03:28:59.370802+0000,f23d4fa,offense,00-0035125,3917668,Alec Ingold,RB,LAC,BUF,2026-09-27T17:00:00.000000+0000,2.5566518940651735,7.425130276711768,1.03,ACTIVE,false,,,
2026,3,2026-09-23T03:28:59.370802+0000,f23d4fa,offense,00-0035208,3917914,Olamide Zaccheaus,WR,ATL,GB,2026-09-25T00:15:00.000000+0000,2.420131145934237,1.6200000000000003,3.92,ACTIVE,false,,,
2026,3,2026-09-23T03:28:59.370802+0000,f23d4fa,offense,00-0035228,3917315,Kyler Murray,QB,MIN,TB,2026-09-27T20:05:00.000000+0000,11.903893963949274,11.816,17.33,ACTIVE,false,,,
2026,3,2026-09-23T03:28:59.370802+0000,f23d4fa,offense,00-0035229,4036133,T.J. Hockenson,TE,MIN,TB,2026-09-27T20:05:00.000000+0000,7.447088750330231,8.1,9.18,ACTIVE,false,,,
2026,3,2026-09-23T03:28:59.370802+0000,f23d4fa,offense,00-0035249,3921690,Josh Oliver,TE,MIN,TB,2026-09-27T20:05:00.000000+0000,4.048115118771974,3.6399999999999997,3.32,ACTIVE,false,,,
2026,3,2026-09-23T03:28:59.370802+0000,f23d4fa,offense,00-0035250,4040761,Devin Singletary,RB,NYG,TEN,2026-09-27T17:00:00.000000+0000,7.919858022513952,9.58,5.19,ACTIVE,false,,,
2026,3,2026-09-23T03:28:59.370802+0000,f23d4fa,offense,00-0035261,3916148,Tony Pollard,RB,TEN,NYG,2026-09-27T17:00:00.000000+0000,9.437997864470045,8.62,10.54,ACTIVE,false,,,
2026,3,2026-09-23T03:28:59.370802+0000,f23d4fa,offense,00-0035264,3892775,Jarrett Stidham,QB,DEN,LA,2026-09-28T00:20:00.000000+0000,2.246961799449674,2.696,0.0,ACTIVE,false,,,
2026,3,2026-09-23T03:28:59.370802+0000,f23d4fa,offense,00-0035289,4038524,Gardner Minshew,QB,ARI,SF,2026-09-27T20:05:00.000000+0000,2.47192582430968,2.2760000000000002,0.0,ACTIVE,false,,,
2026,3,2026-09-23T03:28:59.370802+0000,f23d4fa,offense,00-0035406,4039057,Lil'Jordan Humphrey,WR,DEN,LA,2026-09-28T00:20:00.000000+0000,2.3765237879583676,3.88,0.0,ACTIVE,false,,,
2026,3,2026-09-23T03:28:59.370802+0000,f23d4fa,offense,00-0035537,3915411,Ty Johnson,RB,BUF,LAC,2026-09-27T17:00:00.000000+0000,7.306612767464263,9.34,5.26,QUESTIONABLE,false,,,
2026,3,2026-09-23T03:28:59.370802+0000,f23d4fa,offense,00-0035544,3126997,Tom Kennedy,WR,DET,NYJ,2026-09-27T17:00:00.000000+0000,0.9177437175722989,0.0,0.11,ACTIVE,false,,,
2026,3,2026-09-23T03:28:59.370802+0000,f23d4fa,offense,00-0035589,3916071,Gary Jennings,WR,LAC,BUF,2026-09-27T17:00:00.000000+0000,2.75797792300149,6.375924685225839,,,false,,,
2026,3,2026-09-23T03:28:59.370802+0000,f23d4fa,offense,00-0035631,3127310,Drew Sample,TE,CIN,PIT,2026-09-27T17:00:00.000000+0000,3.8804775964603895,3.3,2.73,ACTIVE,false,,,
2026,3,2026-09-23T03:28:59.370802+0000,f23d4fa,offense,00-0035640,4047650,DK Metcalf,WR,PIT,CIN,2026-09-27T17:00:00.000000+0000,12.549824731452768,11.84,11.34,ACTIVE,false,,,
2026,3,2026-09-23T03:28:59.370802+0000,f23d4fa,offense,00-0035644,4036131,Noah Fant,TE,NO,LV,2026-09-27T20:25:00.000000+0000,5.021394106851629,2.56,3.26,ACTIVE,false,,,
2026,3,2026-09-23T03:28:59.370802+0000,f23d4fa,offense,00-0035659,3121422,Terry McLaurin,WR,WAS,SEA,2026-09-27T17:00:00.000000+0000,10.137200767337557,7.94,11.89,ACTIVE,false,,,
2026,3,2026-09-23T03:28:59.370802+0000,f23d4fa,offense,00-0035662,4241372,Marquise Brown,WR,PHI,CHI,2026-09-29T00:15:00.000000+0000,4.212363710702927,4.4,0.73,ACTIVE,false,,,
2026,3,2026-09-23T03:28:59.370802+0000,f23d4fa,offense,00-0035685,4035538,David Montgomery,RB,HOU,IND,2026-09-27T17:00:00.000000+0000,12.057885069893548,9.439999999999998,11.91,ACTIVE,false,,,
2026,3,2026-09-23T03:28:59.370802+0000,f23d4fa,offense,00-0035689,3930086,Dawson Knox,TE,BUF,LAC,2026-09-27T17:00:00.000000+0000,5.449856985900784,6.12,4.03,ACTIVE,false,,,
2026,3,2026-09-23T03:28:59.370802+0000,f23d4fa,offense,00-0035704,3924327,Drew Lock,QB,SEA,WAS,2026-09-27T17:00:00.000000+0000,10.196976529476409,6.756,0.0,ACTIVE,false,,,
2026,3,2026-09-23T03:28:59.370802+0000,f23d4fa,offense,00-0035710,3917792,Daniel Jones,QB,IND,HOU,2026-09-27T17:00:00.000000+0000,12.019982082269143,10.844,13.99,ACTIVE,false,,,
2026,3,2026-09-23T03:28:59.370802+0000,f23d4fa,offense,00-0035719,3126486,Deebo Samuel Sr.,WR,SF,ARI,2026-09-27T20:05:00.000000+0000,11.077703138819665,9.280000000000001,12.33,ACTIVE,true,RB/WR/TE,,
2026,3,2026-09-23T03:28:59.370802+0000,f23d4fa,offense,00-0035993,4035671,Tyler Huntley,QB,BAL,DAL,2026-09-27T20:25:00.000000+0000,7.022599990644113,8.028,0.0,ACTIVE,false,,,
2026,3,2026-09-23T03:28:59.370802+0000,f23d4fa,offense,00-0036040,3929645,Juwan Johnson,TE,NO,LV,2026-09-27T20:25:00.000000+0000,10.96756503713909,12.5,9.18,ACTIVE,false,,,
2026,3,2026-09-23T03:28:59.370802+0000,f23d4fa,offense,00-0036139,4038815,Rico Dowdle,RB,PIT,CIN,2026-09-27T17:00:00.000000+0000,8.302858621867813,6.220000000000001,10.38,QUESTIONABLE,false,,,
2026,3,2026-09-23T03:28:59.370802+0000,f23d4fa,offense,00-0036158,4241985,J.K. Dobbins,RB,DEN,LA,2026-09-28T00:20:00.000000+0000,9.141734455407795,7.5200000000000005,10.64,QUESTIONABLE,false,,,
2026,3,2026-09-23T03:28:59.370802+0000,f23d4fa,offense,00-0036187,4039505,Reggie Gilliam,RB,NE,JAX,2026-09-27T17:00:00.000000+0000,1.8131594552610124,1.0,0.47,ACTIVE,false,,,
2026,3,2026-09-23T03:28:59.370802+0000,f23d4fa,offense,00-0036212,4241479,Tua Tagovailoa,QB,ATL,GB,2026-09-25T00:15:00.000000+0000,8.043669041336091,9.528,0.0,ACTIVE,false,,,
2026,3,2026-09-23T03:28:59.370802+0000,f23d4fa,offense,00-0036223,4242335,Jonathan Taylor,RB,IND,HOU,2026-09-27T17:00:00.000000+0000,17.17220209719642,18.9,20.61,ACTIVE,true,RB,,
2026,3,2026-09-23T03:28:59.370802+0000,f23d4fa,offense,00-0036244,4242557,Colby Parkinson,TE,LA,DEN,2026-09-28T00:20:00.000000+0000,8.271205074208183,8.020000000000001,4.12,ACTIVE,false,,,
2026,3,2026-09-23T03:28:59.370802+0000,f23d4fa,offense,00-0036252,4035687,Michael Pittman,WR,PIT,CIN,2026-09-27T17:00:00.000000+0000,7.362887752920484,5.66,11.38,QUESTIONABLE,false,,,
2026,3,2026-09-23T03:28:59.370802+0000,f23d4fa,offense,00-0036259,3886598,Jauan Jennings,WR,MIN,TB,2026-09-27T20:05:00.000000+0000,6.95289504283988,11.3,6.15,QUESTIONABLE,false,,,
2026,3,2026-09-23T03:28:59.370802+0000,f23d4fa,offense,00-0036264,4036378,Jordan Love,QB,GB,ATL,2026-09-25T00:15:00.000000+0000,15.226838304500221,14.052000000000001,17.29,ACTIVE,false,,,
2026,3,2026-09-23T03:28:59.370802+0000,f23d4fa,offense,00-0036265,4239934,AJ Dillon,RB,CAR,CLE,2026-09-27T17:00:00.000000+0000,2.052588815470855,1.4,5.67,ACTIVE,false,,,
2026,3,2026-09-23T03:28:59.370802+0000,f23d4fa,offense,00-0036275,4259545,D'Andre Swift,RB,CHI,PHI,2026-09-29T00:15:00.000000+0000,14.878786434719068,16.4,12.68,ACTIVE,false,,,
2026,3,2026-09-23T03:28:59.370802+0000,f23d4fa,offense,00-0036290,4258595,Cole Kmet,TE,CHI,PHI,2026-09-29T00:15:00.000000+0000,5.7452238488142795,4.82,3.7,ACTIVE,false,,,
2026,3,2026-09-23T03:28:59.370802+0000,f23d4fa,offense,00-0036309,4040655,Darnell Mooney,WR,NYG,TEN,2026-09-27T17:00:00.000000+0000,6.656597350485427,5.28,4.95,ACTIVE,false,,,
2026,3,2026-09-23T03:28:59.370802+0000,f23d4fa,offense,00-0036322,4262921,Justin Jefferson,WR,MIN,TB,2026-09-27T20:05:00.000000+0000,14.713933032597398,15.919999999999998,18.26,ACTIVE,false,,,
2026,3,2026-09-23T03:28:59.370802+0000,f23d4fa,offense,00-0036331,4039050,Devin Duvernay,WR,ARI,SF,2026-09-27T20:05:00.000000+0000,0.8591878272093879,-1.7763568394002506e-16,0.12,ACTIVE,false,,,
2026,3,2026-09-23T03:28:59.370802+0000,f23d4fa,offense,00-0036355,4038941,Justin Herbert,QB,LAC,BUF,2026-09-27T17:00:00.000000+0000,15.956531776689136,15.376,17.26,ACTIVE,false,,,
2026,3,2026-09-23T03:28:59.370802+0000,f23d4fa,offense,00-0036358,4241389,CeeDee Lamb,WR,DAL,BAL,2026-09-27T20:25:00.000000+0000,16.007417373472112,14.560000000000002,17.32,ACTIVE,true,WR,,
2026,3,2026-09-23T03:28:59.370802+0000,f23d4fa,offense,00-0036389,4040715,Jalen Hurts,QB,PHI,CHI,2026-09-29T00:15:00.000000+0000,18.32484803924667,18.416000000000004,19.8,ACTIVE,false,,,
2026,3,2026-09-23T03:28:59.370802+0000,f23d4fa,offense,00-0036407,4241463,Jerry Jeudy,WR,CLE,CAR,2026-09-27T17:00:00.000000+0000,5.5467513019907635,4.68,5.71,ACTIVE,false,,,
2026,3,2026-09-23T03:28:59.370802+0000,f23d4fa,offense,00-0036410,4239993,Tee Higgins,WR,CIN,PIT,2026-09-27T17:00:00.000000+0000,12.390726318016322,13.26,12.74,ACTIVE,false,,,
2026,3,2026-09-23T03:28:59.370802+0000,f23d4fa,offense,00-0036422,3911853,Adam Trautman,TE,DEN,LA,2026-09-28T00:20:00.000000+0000,2.4464237788582386,2.1599999999999993,2.25,ACTIVE,false,,,
2026,3,2026-09-23T03:28:59.370802+0000,f23d4fa,offense,00-0036425,4240631,DeeJay Dallas,RB,MIN,TB,2026-09-27T20:05:00.000000+0000,1.9700724405318646,1.24,3.94,ACTIVE,false,,,
2026,3,2026-09-23T03:28:59.370802+0000,f23d4fa,offense,00-0036429,4035020,Charlie Woerner,TE,ATL,GB,2026-09-25T00:15:00.000000+0000,1.1330459033780773,0.26,0.97,ACTIVE,false,,,
2026,3,2026-09-23T03:28:59.370802+0000,f23d4fa,offense,00-0036442,3915511,Joe Burrow,QB,CIN,PIT,2026-09-27T17:00:00.000000+0000,17.10230722165805,20.168,16.42,ACTIVE,false,,,
2026,3,2026-09-23T03:28:59.370802+0000,f23d4fa,offense,00-0036463,4369886,Chris Blair,WR,ATL,GB,2026-09-25T00:15:00.000000+0000,1.5151366053471758,0.32,1.46,ACTIVE,false,,,
2026,3,2026-09-23T03:28:59.370802+0000,f23d4fa,offense,00-0036550,4360939,Rashod Bateman,WR,BAL,DAL,2026-09-27T20:25:00.000000+0000,7.739280211785746,5.5600000000000005,7.62,ACTIVE,true,RB/WR/TE,,
2026,3,2026-09-23T03:28:59.370802+0000,f23d4fa,offense,00-0036554,4258173,Nico Collins,WR,HOU,IND,2026-09-27T17:00:00.000000+0000,14.366137190381426,15.88,15.79,QUESTIONABLE,false,,,
2026,3,2026-09-23T03:28:59.370802+0000,f23d4fa,offense,00-0036555,4241416,Chuba Hubbard,RB,CAR,CLE,2026-09-27T17:00:00.000000+0000,12.51357764107629,9.8,14.43,ACTIVE,false,,,
2026,3,2026-09-23T03:28:59.370802+0000,f23d4fa,offense,00-0036556,4362504,Brevin Jordan,TE,HOU,IND,2026-09-27T17:00:00.000000+0000,1.879827872042213,3.46,0.0,ACTIVE,false,,,
2026,3,2026-09-23T03:28:59.370802+0000,f23d4fa,offense,00-0036590,4244049,Quintin Morris,TE,JAX,NE,2026-09-27T17:00:00.000000+0000,2.1274878274277618,2.1399999999999997,1.64,ACTIVE,false,,,
2026,3,2026-09-23T03:28:59.370802+0000,f23d4fa,offense,00-0036613,4372016,Jaylen Waddle,WR,DEN,LA,2026-09-28T00:20:00.000000+0000,10.670497076041602,8.1,13.08,ACTIVE,false,,,
2026,3,2026-09-23T03:28:59.370802+0000,f23d4fa,offense,00-0036626,4361577,Dyami Brown,WR,WAS,SEA,2026-09-27T17:00:00.000000+0000,4.87491300544204,0.86,5.91,ACTIVE,false,,,
2026,3,2026-09-23T03:28:59.370802+0000,f23d4fa,offense,00-0036628,4048228,John Bates,TE,WAS,SEA,2026-09-27T17:00:00.000000+0000,3.346743612958846,2.5200000000000005,1.47,ACTIVE,false,,,
2026,3,2026-09-23T03:28:59.370802+0000,f23d4fa,offense,00-0036630,4241424,Tylan Wallace,WR,CLE,CAR,2026-09-27T17:00:00.000000+0000,1.102812527108971,0.0,0.5,ACTIVE,false,,,
2026,3,2026-09-23T03:28:59.370802+0000,f23d4fa,offense,00-0036637,4240472,Noah Gray,TE,KC,MIA,2026-09-27T17:00:00.000000+0000,3.0684904822843735,1.7399999999999998,2.64,ACTIVE,false,,,
2026,3,2026-09-23T03:28:59.370802+0000,f23d4fa,offense,00-0036646,4360739,Simi Fehoko,WR,ARI,SF,2026-09-27T20:05:00.000000+0000,0.8709994552078384,0.0,,,false,,,
2026,3,2026-09-23T03:28:59.370802+0000,f23d4fa,offense,00-0036754,4242392,Brock Wright,TE,DET,NYJ,2026-09-27T17:00:00.000000+0000,3.0352428020356914,2.04,1.63,ACTIVE,false,,,
2026,3,2026-09-23T03:28:59.370802+0000,f23d4fa,offense,00-0036825,4034948,Feleipe Franks,TE,CAR,CLE,2026-09-27T17:00:00.000000+0000,0.8741823650707092,0.0,0.0,ACTIVE,false,,,
2026,3,2026-09-23T03:28:59.370802+0000,f23d4fa,offense,00-0036842,4035537,Kene Nwangwu,RB,NYJ,DET,2026-09-27T17:00:00.000000+0000,2.1706923546727985,0.9800000000000001,0.07,QUESTIONABLE,false,,,
2026,3,2026-09-23T03:28:59.370802+0000,f23d4fa,offense,00-0036849,4360797,Tutu Atwell,WR,LA,DEN,2026-09-28T00:20:00.000000+0000,3.084833551650822,1.5400000000000003,0.0,ACTIVE,false,,,
2026,3,2026-09-23T03:28:59.370802+0000,f23d4fa,offense,00-0036862,4035656,Ben Skowronek,WR,PIT,CIN,2026-09-27T17:00:00.000000+0000,1.2236214340323484,0.7,0.0,ACTIVE,false,,,
2026,3,2026-09-23T03:28:59.370802+0000,f23d4fa,offense,00-0036875,4569173,Rhamondre Stevenson,RB,NE,JAX,2026-09-27T17:00:00.000000+0000,11.546794322062311,19.68,12.05,ACTIVE,false,,,
2026,3,2026-09-23T03:28:59.370802+0000,f23d4fa,offense,00-0036876,4039160,Kylen Granson,TE,TEN,NYG,2026-09-27T17:00:00.000000+0000,1.5164624789684071,1.4,0.0,ACTIVE,false,,,
2026,3,2026-09-23T03:28:59.370802+0000,f23d4fa,offense,00-0036879,4241820,Sam Ehlinger,QB,DEN,LA,2026-09-28T00:20:00.000000+0000,1.845450079617518,0.0,0.0,ACTIVE,false,,,
2026,3,2026-09-23T03:28:59.370802+0000,f23d4fa,offense,00-0036887,4040612,Luke Farrell,TE,SF,ARI,2026-09-27T20:05:00.000000+0000,2.2730288374166454,0.78,1.63,ACTIVE,false,,,
2026,3,2026-09-23T03:28:59.370802+0000,f23d4fa,offense,00-0036893,4241457,Najee Harris,RB,NYG,TEN,2026-09-27T17:00:00.000000+0000,4.152168937045889,5.5600000000000005,3.4,ACTIVE,false,,,
2026,3,2026-09-23T03:28:59.370802+0000,f23d4fa,offense,00-0036894,4361411,Pat Freiermuth,TE,PIT,CIN,2026-09-27T17:00:00.000000+0000,8.971095814238213,9.28,8.32,ACTIVE,false,,,
2026,3,2026-09-23T03:28:59.370802+0000,f23d4fa,offense,00-0036898,4242546,Davis Mills,QB,HOU,IND,2026-09-27T17:00:00.000000+0000,10.141338651840744,13.475999999999999,0.0,ACTIVE,false,,,
2026,3,2026-09-23T03:28:59.370802+0000,f23d4fa,offense,00-0036900,4362628,Ja'Marr Chase,WR,CIN,PIT,2026-09-27T17:00:00.000000+0000,16.92660071327366,19.639999999999997,19.03,ACTIVE,false,,,
2026,3,2026-09-23T03:28:59.370802+0000,f23d4fa,offense,00-0036912,4241478,DeVonta Smith,WR,PHI,CHI,2026-09-29T00:15:00.000000+0000,13.128032340602998,12.98,15.63,ACTIVE,true,WR,,
2026,3,2026-09-23T03:28:59.370802+0000,f23d4fa,offense,00-0036919,4371733,Kenny Gainwell,RB,TB,MIN,2026-09-27T20:05:00.000000+0000,9.142434092950515,11.86,7.6,ACTIVE,false,,,
2026,3,2026-09-23T03:28:59.370802+0000,f23d4fa,offense,00-0036945,4362887,Justin Fields,QB,KC,MIA,2026-09-27T17:00:00.000000+0000,9.469315321731882,10.24,0.0,ACTIVE,false,,,
2026,3,2026-09-23T03:28:59.370802+0000,f23d4fa,offense,00-0036963,4374302,Amon-Ra St. Brown,WR,DET,NYJ,2026-09-27T17:00:00.000000+0000,20.591181677758186,22.6,19.86,ACTIVE,false,,,
2026,3,2026-09-23T03:28:59.370802+0000,f23d4fa,offense,00-0036970,4360248,Kyle Pitts,TE,ATL,GB,2026-09-25T00:15:00.000000+0000,7.862734729981916,7.320000000000002,9.89,ACTIVE,false,,,
2026,3,2026-09-23T03:28:59.370802+0000,f23d4fa,offense,00-0036971,4360310,Trevor Lawrence,QB,JAX,NE,2026-09-27T17:00:00.000000+0000,18.141273599710434,21.968,17.44,ACTIVE,false,,,
2026,3,2026-09-23T03:28:59.370802+0000,f23d4fa,offense,00-0036972,4241464,Mac Jones,QB,SF,ARI,2026-09-27T20:05:00.000000+0000,2.653186302055443,4.491999999999999,0.0,ACTIVE,false,,,
2026,3,2026-09-23T03:28:59.370802+0000,f23d4fa,offense,00-0036973,4239996,Travis Etienne,RB,NO,LV,2026-09-27T20:25:00.000000+0000,12.275086611483674,10.900000000000002,11.93,ACTIVE,false,,,
2026,3,2026-09-23T03:28:59.370802+0000,f23d4fa,offense,00-0036980,4372414,Elijah Moore,WR,PHI,CHI,2026-09-29T00:15:00.000000+0000,2.41286690840104,1.9400000000000017,0.0,ACTIVE,false,,,
2026,3,2026-09-23T03:28:59.370802+0000,f23d4fa,offense,00-0036988,4242433,Josh Palmer,WR,BUF,LAC,2026-09-27T17:00:00.000000+0000,5.116166778812832,5.24,2.63,ACTIVE,false,,,
2026,3,2026-09-23T03:28:59.370802+0000,f23d4fa,offense,00-0036997,4361579,Javonte Williams,RB,DAL,BAL,2026-09-27T20:25:00.000000+0000,15.931348770044048,13.0,15.0,ACTIVE,false,,,
2026,3,2026-09-23T03:28:59.370802+0000,f23d4fa,offense,00-0037004,4239944,Hunter Long,TE,ARI,SF,2026-09-27T20:05:00.000000+0000,1.3279973569314567,1.0400000000000005,1.04,ACTIVE,false,,,
2026,3,2026-09-23T03:28:59.370802+0000,f23d4fa,offense,00-0037005,4372780,Tommy Tremble,TE,CAR,CLE,2026-09-27T17:00:00.000000+0000,5.449077477238763,4.58,4.77,ACTIVE,false,,,
2026,3,2026-09-23T03:28:59.370802+0000,f23d4fa,offense,00-0037012,4383351,Trey Lance,QB,LAC,BUF,2026-09-27T17:00:00.000000+0000,5.980316729460653,5.180000000000001,0.0,ACTIVE,false,,,
2026,3,2026-09-23T03:28:59.370802+0000,f23d4fa,offense,00-0037013,4361259,Zach Wilson,QB,NO,LV,2026-09-27T20:25:00.000000+0000,1.6627402453799764,0.08399999999999931,0.0,ACTIVE,false,,,
2026,3,2026-09-23T03:28:59.370802+0000,f23d4fa,offense,00-0037077,4426875,Sam Howell,QB,DAL,BAL,2026-09-27T20:25:00.000000+0000,4.002459469801059,2.2960000000000003,0.0,ACTIVE,false,,,
2026,3,2026-09-23T03:28:59.370802+0000,f23d4fa,offense,00-0037085,4362748,Tyler Badie,RB,DEN,LA,2026-09-28T00:20:00.000000+0000,4.117431021514673,2.3600000000000003,0.01,ACTIVE,false,,,
2026,3,2026-09-23T03:28:59.370802+0000,f23d4fa,offense,00-0037091,4259305,Bo Melton,WR,GB,ATL,2026-09-25T00:15:00.000000+0000,1.4453111008923807,1.28,3.08,ACTIVE,false,,,
2026,3,2026-09-23T03:28:59.370802+0000,f23d4fa,offense,00-0037093,4401805,Dareke Young,WR,LV,NO,2026-09-27T20:25:00.000000+0000,1.2227719651660232,0.74,1.06,QUESTIONABLE,false,,,
2026,3,2026-09-23T03:28:59.370802+0000,f23d4fa,offense,00-0037120,4429676,Tyler Goodson,RB,DAL,BAL,2026-09-27T20:25:00.000000+0000,1.2596679434882585,0.24000000000000005,0.0,ACTIVE,false,,,
2026,3,2026-09-23T03:28:59.370802+0000,f23d4fa,offense,00-0037132,3926231,Britain Covey,WR,PHI,CHI,2026-09-29T00:15:00.000000+0000,1.410720586058574,0.7999999999999996,,,false,,,
2026,3,2026-09-23T03:28:59.370802+0000,f23d4fa,offense,00-0037157,4427728,Bam Knight,RB,ARI,SF,2026-09-27T20:05:00.000000+0000,2.530145446764647,5.08,0.0,ACTIVE,false,,,
2026,3,2026-09-23T03:28:59.370802+0000,f23d4fa,offense,00-0037228,4569987,Jaylen Warren,RB,PIT,CIN,2026-09-27T17:00:00.000000+0000,11.447836363895108,14.080000000000002,13.27,ACTIVE,true,BE,,
2026,3,2026-09-23T03:28:59.370802+0000,f23d4fa,offense,00-0037238,4426502,Drake London,WR,ATL,GB,2026-09-25T00:15:00.000000+0000,12.333572653973654,7.860000000000001,15.39,ACTIVE,false,,,
2026,3,2026-09-23T03:28:59.370802+0000,f23d4fa,offense,00-0037239,4361370,Chris Olave,WR,NO,LV,2026-09-27T20:25:00.000000+0000,17.228371884132724,26.8,17.76,ACTIVE,false,,,
2026,3,2026-09-23T03:28:59.370802+0000,f23d4fa,offense,00-0037240,4426388,Jameson Williams,WR,DET,NYJ,2026-09-27T17:00:00.000000+0000,12.16140669509732,8.98,10.93,ACTIVE,false,,,
2026,3,2026-09-23T03:28:59.370802+0000,f23d4fa,offense,00-0037247,4426354,George Pickens,WR,DAL,BAL,2026-09-27T20:25:00.000000+0000,11.556624277223762,11.1,13.81,ACTIVE,false,,,
2026,3,2026-09-23T03:28:59.370802+0000,f23d4fa,offense,00-0037248,4379399,James Cook,RB,BUF,LAC,2026-09-27T17:00:00.000000+0000,15.715038988743832,13.48,16.95,ACTIVE,false,,,
2026,3,2026-09-23T03:28:59.370802+0000,f23d4fa,offense,00-0037252,4367209,Greg Dulcich,TE,MIA,KC,2026-09-27T17:00:00.000000+0000,6.144752990103657,7.0600000000000005,6.39,ACTIVE,false,,,
2026,3,2026-09-23T03:28:59.370802+0000,f23d4fa,offense,00-0037256,4697815,Rachaad White,RB,WAS,SEA,2026-09-27T17:00:00.000000+0000,8.720574963776496,7.359999999999999,9.33,ACTIVE,false,,,
2026,3,2026-09-23T03:28:59.370802+0000,f23d4fa,offense,00-0037261,4373678,Khalil Shakir,WR,BUF,LAC,2026-09-27T17:00:00.000000+0000,9.64514113894875,8.84,10.35,ACTIVE,false,,,
2026,3,2026-09-23T03:28:59.370802+0000,f23d4fa,offense,00-0037263,4373626,Tyler Allgeier,RB,ARI,SF,2026-09-27T20:05:00.000000+0000,8.127942062416437,5.28,7.51,ACTIVE,false,,,
2026,3,2026-09-23T03:28:59.370802+0000,f23d4fa,offense,00-0037291,4382466,Jalen Nailor,WR,LV,NO,2026-09-27T20:25:00.000000+0000,5.5090375114232915,3.1,6.31,ACTIVE,false,,,
2026,3,2026-09-23T03:28:59.370802+0000,f23d4fa,offense,00-0037292,4722908,Andrew Ogletree,TE,IND,HOU,2026-09-27T17:00:00.000000+0000,1.564564994287481,0.41999999999999976,1.0,ACTIVE,false,,,
2026,3,2026-09-23T03:28:59.370802+0000,f23d4fa,offense,00-0037304,4241961,Connor Heyward,RB,LV,NO,2026-09-27T20:25:00.000000+0000,1.751926488327584,0.0,0.8,ACTIVE,false,,,
2026,3,2026-09-23T03:28:59.370802+0000,f23d4fa,offense,00-0037311,4034779,Ko Kieft,TE,TB,MIN,2026-09-27T20:05:00.000000+0000,0.7748707999672252,0.0,0.0,ACTIVE,false,,,
2026,3,2026-09-23T03:28:59.370802+0000,f23d4fa,offense,00-0037317,4249624,Nick Muse,TE,ATL,GB,2026-09-25T00:15:00.000000+0000,1.0917909527445482,0.0,,,false,,,
2026,3,2026-09-23T03:28:59.370802+0000,f23d4fa,offense,00-0037524,4245144,Tay Martin,WR,DET,NYJ,2026-09-27T17:00:00.000000+0000,0.9177437175722989,0.8600000000000001,0.0,ACTIVE,false,,,
2026,3,2026-09-23T03:28:59.370802+0000,f23d4fa,offense,00-0037545,4032473,Rashid Shaheed,WR,SEA,WAS,2026-09-27T17:00:00.000000+0000,5.910523824293854,4.08,10.94,ACTIVE,false,,,
2026,3,2026-09-23T03:28:59.370802+0000,f23d4fa,offense,00-0037557,4243003,Ronnie Rivers,RB,LA,DEN,2026-09-28T00:20:00.000000+0000,2.4368803498393605,0.7800000000000005,0.0,QUESTIONABLE,false,,,
2026,3,2026-09-23T03:28:59.370802+0000,f23d4fa,offense,00-0037594,4367567,Julius Chestnut,RB,TEN,NYG,2026-09-27T17:00:00.000000+0000,0.887244298360095,0.02,0.0,ACTIVE,false,,,
2026,3,2026-09-23T03:28:59.370802+0000,f23d4fa,offense,00-0037614,4567096,John Metchie III,WR,CAR,CLE,2026-09-27T17:00:00.000000+0000,2.934207744013102,4.08,0.53,ACTIVE,false,,,
2026,3,2026-09-23T03:28:59.370802+0000,f23d4fa,offense,00-0037664,4360078,Alec Pierce,WR,IND,HOU,2026-09-27T17:00:00.000000+0000,8.861857202979792,13.2,0.0,DOUBTFUL,false,,,
2026,3,2026-09-23T03:28:59.370802+0000,f23d4fa,offense,00-0037666,4249417,Jalen Tolbert,WR,MIA,KC,2026-09-27T17:00:00.000000+0000,2.713528431559429,1.42,0.0,ACTIVE,false,,,
2026,3,2026-09-23T03:28:59.370802+0000,f23d4fa,offense,00-0037740,4569618,Garrett Wilson,WR,NYJ,DET,2026-09-27T17:00:00.000000+0000,12.301501864702843,10.799999999999999,14.81,ACTIVE,false,,,
2026,3,2026-09-23T03:28:59.370802+0000,f23d4fa,offense,00-0037741,4361409,Jahan Dotson,WR,ATL,GB,2026-09-25T00:15:00.000000+0000,6.153181609677041,3.46,6.27,ACTIVE,false,,,
2026,3,2026-09-23T03:28:59.370802+0000,f23d4fa,offense,00-0037742,4567156,Treylon Burks,WR,WAS,SEA,2026-09-27T17:00:00.000000+0000,3.931576620461037,2.06,0.48,ACTIVE,false,,,
2026,3,2026-09-23T03:28:59.370802+0000,f23d4fa,offense,00-0037744,4361307,Trey McBride,TE,ARI,SF,2026-09-27T20:05:00.000000+0000,18.131962686544213,17.28,16.46,ACTIVE,false,,,
2026,3,2026-09-23T03:28:59.370802+0000,f23d4fa,offense,00-0037746,4241474,Brian Robinson,RB,ATL,GB,2026-09-25T00:15:00.000000+0000,5.583797363302604,3.7,5.74,ACTIVE,false,,,
2026,3,2026-09-23T03:28:59.370802+0000,f23d4fa,offense,00-0037755,4241410,Jelani Woods,TE,NYJ,DET,2026-09-27T17:00:00.000000+0000,0.960657281375883,0.27999999999999997,0.0,ACTIVE,false,,,
2026,3,2026-09-23T03:28:59.370802+0000,f23d4fa,offense,00-0037801,3676833,KaVontae Turpin,WR,DAL,BAL,2026-09-27T20:25:00.000000+0000,2.55488937576409,4.58,2.14,ACTIVE,false,,,
2026,3,2026-09-23T03:28:59.370802+0000,f23d4fa,offense,00-0037805,4361372,Jeremy Ruckert,TE,NYJ,DET,2026-09-27T17:00:00.000000+0000,2.377209868008991,1.7,2.01,ACTIVE,false,,,
2026,3,2026-09-23T03:28:59.370802+0000,f23d4fa,offense,00-0037809,4360635,Chig Okonkwo,TE,WAS,SEA,2026-09-27T17:00:00.000000+0000,7.7055351363683355,8.8,6.67,QUESTIONABLE,false,,,
2026,3,2026-09-23T03:28:59.370802+0000,f23d4fa,offense,00-0037816,4361432,Romeo Doubs,WR,NE,JAX,2026-09-27T17:00:00.000000+0000,6.9439714643329555,9.360000000000001,11.51,ACTIVE,false,,,
2026,3,2026-09-23T03:28:59.370802+0000,f23d4fa,offense,00-0037834,4361741,Brock Purdy,QB,SF,ARI,2026-09-27T20:05:00.000000+0000,22.114200567318775,24.516000000000002,20.8,ACTIVE,true,BE,,
2026,3,2026-09-23T03:28:59.370802+0000,f23d4fa,offense,00-0037838,4361050,Isaiah Likely,TE,NYG,TEN,2026-09-27T17:00:00.000000+0000,10.495272621001966,9.4,12.25,ACTIVE,false,,,
2026,3,2026-09-23T03:28:59.370802+0000,f23d4fa,offense,00-0037840,4430737,Kyren Williams,RB,LA,DEN,2026-09-28T00:20:00.000000+0000,14.306807292556444,13.960000000000003,12.58,ACTIVE,false,,,
2026,3,2026-09-23T03:28:59.370802+0000,f23d4fa,offense,00-0038041,4242355,Jake Ferguson,TE,DAL,BAL,2026-09-27T20:25:00.000000+0000,8.475753007194015,7.38,8.71,ACTIVE,false,,,
2026,3,2026-09-23T03:28:59.370802+0000,f23d4fa,offense,00-0038046,4241263,Charlie Kolar,TE,LAC,BUF,2026-09-27T17:00:00.000000+0000,2.076973420328145,1.5799999999999996,0.0,OUT,false,,,
2026,3,2026-09-23T03:28:59.370802+0000,f23d4fa,offense,00-0038090,4430191,Skyy Moore,WR,GB,ATL,2026-09-25T00:15:00.000000+0000,1.9918944037142885,1.3800000000000003,5.37,ACTIVE,false,,,
2026,3,2026-09-23T03:28:59.370802+0000,f23d4fa,offense,00-0038102,4240703,Kenny Pickett,QB,CAR,CLE,2026-09-27T17:00:00.000000+0000,3.332577121469293,0.5840000000000002,0.0,ACTIVE,false,,,
2026,3,2026-09-23T03:28:59.370802+0000,f23d4fa,offense,00-0038104,4362921,Tyquan Thornton,WR,KC,MIA,2026-09-27T17:00:00.000000+0000,5.446372297618807,4.640000000000001,5.29,ACTIVE,false,,,
2026,3,2026-09-23T03:28:59.370802+0000,f23d4fa,offense,00-0038115,4361516,Daniel Bellinger,TE,TEN,NYG,2026-09-27T17:00:00.000000+0000,2.778775950992358,3.3200000000000003,2.02,ACTIVE,false,,,
2026,3,2026-09-23T03:28:59.370802+0000,f23d4fa,offense,00-0038117,4569587,Wan'Dale Robinson,WR,TEN,NYG,2026-09-27T17:00:00.000000+0000,10.496319303767343,10.92,8.02,ACTIVE,false,,,
2026,3,2026-09-23T03:28:59.370802+0000,f23d4fa,offense,00-0038120,4427366,Breece Hall,RB,NYJ,DET,2026-09-27T17:00:00.000000+0000,13.677451546325964,13.780000000000001,16.2,ACTIVE,false,,,
2026,3,2026-09-23T03:28:59.370802+0000,f23d4fa,offense,00-0038124,4248528,Christian Watson,WR,GB,ATL,2026-09-25T00:15:00.000000+0000,14.272559742548252,15.739999999999998,14.03,ACTIVE,false,,,
2026,3,2026-09-23T03:28:59.370802+0000,f23d4fa,offense,00-0038128,4242512,Malik Willis,QB,MIA,KC,2026-09-27T17:00:00.000000+0000,13.498718419204025,14.904,14.74,ACTIVE,false,,,
2026,3,2026-09-23T03:28:59.370802+0000,f23d4fa,offense,00-0038129,4243331,Cade Otton,TE,TB,MIN,2026-09-27T20:05:00.000000+0000,10.389467485463554,9.52,7.48,ACTIVE,false,,,
2026,3,2026-09-23T03:28:59.370802+0000,f23d4fa,offense,00-0038134,4567048,Kenneth Walker III,RB,KC,MIA,2026-09-27T17:00:00.000000+0000,20.53711338125599,21.660000000000004,21.0,ACTIVE,false,,,
2026,3,2026-09-23T03:28:59.370802+0000,f23d4fa,offense,00-0038359,4386544,Xavier Smith,WR,LA,DEN,2026-09-28T00:20:00.000000+0000,2.198708524042871,4.0,0.64,ACTIVE,false,,,
2026,3,2026-09-23T03:28:59.370802+0000,f23d4fa,offense,00-0038393,4428850,Dontayvion Wicks,WR,PHI,CHI,2026-09-29T00:15:00.000000+0000,7.521253372717011,6.840000000000001,9.9,ACTIVE,false,,,
2026,3,2026-09-23T03:28:59.370802+0000,f23d4fa,offense,00-0038400,4685201,Tanner McKee,QB,PHI,CHI,2026-09-29T00:15:00.000000+0000,4.429283085755105,6.524000000000001,0.0,ACTIVE,false,,,
2026,3,2026-09-23T03:28:59.370802+0000,f23d4fa,offense,00-0038416,4434153,Tyson Bagent,QB,CHI,PHI,2026-09-29T00:15:00.000000+0000,4.507434008216755,0.9880000000000002,14.67,QUESTIONABLE,false,,,
2026,3,2026-09-23T03:28:59.370802+0000,f23d4fa,offense,00-0038454,4596334,Keaton Mitchell,RB,LAC,BUF,2026-09-27T17:00:00.000000+0000,3.660751059340825,2.62,5.04,ACTIVE,false,,,
2026,3,2026-09-23T03:28:59.370802+0000,f23d4fa,offense,00-0038476,4240391,Tommy DeVito,QB,NE,JAX,2026-09-27T17:00:00.000000+0000,3.4964858280065187,3.3480000000000003,0.0,ACTIVE,false,,,
2026,3,2026-09-23T03:28:59.370802+0000,f23d4fa,offense,00-0038488,4243176,Brady Russell,RB,SEA,WAS,2026-09-27T17:00:00.000000+0000,1.621362722320509,0.8,0.0,ACTIVE,false,,,
2026,3,2026-09-23T03:28:59.370802+0000,f23d4fa,offense,00-0038489,4372070,Ben VanSumeren,RB,KC,MIA,2026-09-27T17:00:00.000000+0000,0.92284033854391,0.2,,,false,,,
2026,3,2026-09-23T03:28:59.370802+0000,f23d4fa,offense,00-0038498,4248557,E.J. Jenkins,TE,PHI,CHI,2026-09-29T00:15:00.000000+0000,0.8855576583592026,1.54,1.56,ACTIVE,false,,,
2026,3,2026-09-23T03:28:59.370802+0000,f23d4fa,offense,00-0038519,4372716,Nikko Remigio,WR,KC,MIA,2026-09-27T17:00:00.000000+0000,0.8741823650707092,0.0,0.11,ACTIVE,false,,,
2026,3,2026-09-23T03:28:59.370802+0000,f23d4fa,offense,00-0038542,4430807,Bijan Robinson,RB,ATL,GB,2026-09-25T00:15:00.000000+0000,16.917935187687174,23.880000000000003,19.54,ACTIVE,false,,,
2026,3,2026-09-23T03:28:59.370802+0000,f23d4fa,offense,00-0038543,4430878,Jaxon Smith-Njigba,WR,SEA,WAS,2026-09-27T17:00:00.000000+0000,17.848702737079922,24.580000000000002,20.8,ACTIVE,false,,,
2026,3,2026-09-23T03:28:59.370802+0000,f23d4fa,offense,00-0038544,4429025,Quentin Johnston,WR,LAC,BUF,2026-09-27T17:00:00.000000+0000,9.908438826235097,8.819999999999999,10.89,ACTIVE,false,,,
2026,3,2026-09-23T03:28:59.370802+0000,f23d4fa,offense,00-0038547,4372096,Luke Schoonmaker,TE,DAL,BAL,2026-09-27T20:25:00.000000+0000,1.3895500683244637,1.5800000000000005,1.1,ACTIVE,false,,,
2026,3,2026-09-23T03:28:59.370802+0000,f23d4fa,offense,00-0038551,4599739,Kendre Miller,RB,NO,LV,2026-09-27T20:25:00.000000+0000,5.372858004485948,6.459999999999999,0.0,ACTIVE,false,,,
2026,3,2026-09-23T03:28:59.370802+0000,f23d4fa,offense,00-0038555,4429013,Tank Bigsby,RB,PHI,CHI,2026-09-29T00:15:00.000000+0000,6.587816089088875,8.26,3.4,ACTIVE,false,,,
2026,3,2026-09-23T03:28:59.370802+0000,f23d4fa,offense,00-0038558,4430802,Darnell Washington,TE,PIT,CIN,2026-09-27T17:00:00.000000+0000,3.5740631159464433,3.8199999999999994,3.75,ACTIVE,false,,,
2026,3,2026-09-23T03:28:59.370802+0000,f23d4fa,offense,00-0038559,4360761,Michael Wilson,WR,ARI,SF,2026-09-27T20:05:00.000000+0000,11.400851774079607,13.680000000000001,11.28,ACTIVE,false,,,
2026,3,2026-09-23T03:28:59.370802+0000,f23d4fa,offense,00-0038563,4428718,Tre Tucker,WR,LV,NO,2026-09-27T20:25:00.000000+0000,10.817437861855282,10.459999999999997,9.81,ACTIVE,false,,,
2026,3,2026-09-23T03:28:59.370802+0000,f23d4fa,offense,00-0038564,4372026,Cameron Latu,TE,NE,JAX,2026-09-27T17:00:00.000000+0000,0.9262558485825669,0.0,0.0,ACTIVE,false,,,
2026,3,2026-09-23T03:28:59.370802+0000,f23d4fa,offense,00-0038573,4362477,Derius Davis,WR,LAC,BUF,2026-09-27T17:00:00.000000+0000,1.3156260336778625,0.3400000000000004,1.76,ACTIVE,false,,,
2026,3,2026-09-23T03:28:59.370802+0000,f23d4fa,offense,00-0038579,4260394,Aidan O'Connell,QB,LV,NO,2026-09-27T20:25:00.000000+0000,8.486118689859236,11.292,0.0,QUESTIONABLE,false,,,
2026,3,2026-09-23T03:28:59.370802+0000,f23d4fa,offense,00-0038589,4360086,Josh Whyle,TE,GB,ATL,2026-09-25T00:15:00.000000+0000,1.2594135946249991,1.2600000000000002,0.0,ACTIVE,false,,,
2026,3,2026-09-23T03:28:59.370802+0000,f23d4fa,offense,00-0038597,4362238,Chase Brown,RB,CIN,PIT,2026-09-27T17:00:00.000000+0000,15.585215697817729,22.200000000000003,16.61,ACTIVE,false,,,
2026,3,2026-09-23T03:28:59.370802+0000,f23d4fa,offense,00-0038606,4432620,Parker Washington,WR,JAX,NE,2026-09-27T17:00:00.000000+0000,14.947264892607503,20.259999999999998,15.0,ACTIVE,false,,,
2026,3,2026-09-23T03:28:59.370802+0000,f23d4fa,offense,00-0038608,4429022,Kayshon Boutte,WR,HOU,IND,2026-09-27T17:00:00.000000+0000,5.829045128314502,4.16,6.79,ACTIVE,false,,,
2026,3,2026-09-23T03:28:59.370802+0000,f23d4fa,offense,00-0038611,4362619,Chris Rodriguez Jr.,RB,JAX,NE,2026-09-27T17:00:00.000000+0000,7.56503464933803,7.6,4.33,ACTIVE,false,,,
2026,3,2026-09-23T03:28:59.370802+0000,f23d4fa,offense,00-0038618,4686422,Xavier Hutchinson,WR,HOU,IND,2026-09-27T17:00:00.000000+0000,9.209805369381648,6.5200000000000005,7.09,ACTIVE,false,,,
2026,3,2026-09-23T03:28:59.370802+0000,f23d4fa,offense,00-0038619,4368003,Andrei Iosivas,WR,CIN,PIT,2026-09-27T17:00:00.000000+0000,4.474040354227724,3.8200000000000016,3.75,ACTIVE,false,,,
2026,3,2026-09-23T03:28:59.370802+0000,f23d4fa,offense,00-0038621,4427095,DeMario Douglas,WR,NE,JAX,2026-09-27T17:00:00.000000+0000,5.144448942954503,3.4799999999999995,8.89,ACTIVE,false,,,
2026,3,2026-09-23T03:28:59.370802+0000,f23d4fa,offense,00-0038640,4692835,Jalen Brooks,WR,ARI,SF,2026-09-27T20:05:00.000000+0000,0.8709994552078384,0.0,0.04,ACTIVE,false,,,
2026,3,2026-09-23T03:28:59.370802+0000,f23d4fa,offense,00-0038643,4360290,Brayden Willis,TE,SF,ARI,2026-09-27T20:05:00.000000+0000,0.998293900726375,0.0,0.0,ACTIVE,false,,,
2026,3,2026-09-23T03:28:59.370802+0000,f23d4fa,offense,00-0038685,3149687,Chris Brooks,RB,GB,ATL,2026-09-25T00:15:00.000000+0000,5.252207115686027,3.0199999999999996,7.31,ACTIVE,false,,,
2026,3,2026-09-23T03:28:59.370802+0000,f23d4fa,offense,00-0038705,4362478,Emari Demercado,RB,DAL,BAL,2026-09-27T20:25:00.000000+0000,2.84291323586725,3.04,3.79,ACTIVE,false,,,
2026,3,2026-09-23T03:28:59.370802+0000,f23d4fa,offense,00-0038710,4362018,Blake Whiteheart,TE,CLE,CAR,2026-09-27T17:00:00.000000+0000,2.6252930516804485,2.2199999999999998,2.88,ACTIVE,false,,,
2026,3,2026-09-23T03:28:59.370802+0000,f23d4fa,offense,00-0038728,4430681,Jared Wayne,WR,HOU,IND,2026-09-27T17:00:00.000000+0000,5.434400881985354,2.3,,,false,,,
2026,3,2026-09-23T03:28:59.370802+0000,f23d4fa,offense,00-0038738,4383396,Hunter Luepke,RB,DAL,BAL,2026-09-27T20:25:00.000000+0000,1.8309571435722385,2.24,1.5,ACTIVE,false,,,
2026,3,2026-09-23T03:28:59.370802+0000,f23d4fa,offense,00-0038783,4383440,Nate Adkins,TE,DEN,LA,2026-09-28T00:20:00.000000+0000,3.0458984397388975,2.5600000000000005,1.67,ACTIVE,false,,,
2026,3,2026-09-23T03:28:59.370802+0000,f23d4fa,offense,00-0038794,4722893,Jaleel McLaughlin,RB,CLE,CAR,2026-09-27T17:00:00.000000+0000,3.226887129150771,3.04,1.78,ACTIVE,false,,,
2026,3,2026-09-23T03:28:59.370802+0000,f23d4fa,offense,00-0038797,4887558,Emanuel Wilson,RB,SEA,WAS,2026-09-27T17:00:00.000000+0000,7.771518669247964,5.380000000000001,8.89,ACTIVE,false,,,
2026,3,2026-09-23T03:28:59.370802+0000,f23d4fa,offense,00-0038824,4369466,Ryan Miller,WR,MIA,KC,2026-09-27T17:00:00.000000+0000,2.3138144156381677,2.94,,,false,,,
2026,3,2026-09-23T03:28:59.370802+0000,f23d4fa,offense,00-0038840,4360763,Brycen Tremayne,WR,CAR,CLE,2026-09-27T17:00:00.000000+0000,1.067252003548112,0.9400000000000001,0.52,ACTIVE,false,,,
2026,3,2026-09-23T03:28:59.370802+0000,f23d4fa,offense,00-0038896,4383429,Jacob Saylors,RB,DET,NYJ,2026-09-27T17:00:00.000000+0000,0.9177437175722989,0.0,0.02,ACTIVE,false,,,
2026,3,2026-09-23T03:28:59.370802+0000,f23d4fa,offense,00-0038933,4385690,Dalton Kincaid,TE,BUF,LAC,2026-09-27T17:00:00.000000+0000,12.109570439453245,10.940000000000001,11.63,ACTIVE,false,,,
2026,3,2026-09-23T03:28:59.370802+0000,f23d4fa,offense,00-0038935,4430539,Brenton Strange,TE,JAX,NE,2026-09-27T17:00:00.000000+0000,8.670991276183713,10.900000000000002,7.9,ACTIVE,false,,,
2026,3,2026-09-23T03:28:59.370802+0000,f23d4fa,offense,00-0038951,4430871,Sean Tucker,RB,TB,MIN,2026-09-27T20:05:00.000000+0000,3.158197625472503,4.459999999999999,0.48,ACTIVE,false,,,
2026,3,2026-09-23T03:28:59.370802+0000,f23d4fa,offense,00-0038976,4686472,Marvin Mims Jr.,WR,DEN,LA,2026-09-28T00:20:00.000000+0000,2.48305496049997,4.119999999999999,2.9,QUESTIONABLE,false,,,
2026,3,2026-09-23T03:28:59.370802+0000,f23d4fa,offense,00-0038994,4429205,Jordan Addison,WR,MIN,TB,2026-09-27T20:05:00.000000+0000,6.492606241535882,4.6,10.57,ACTIVE,false,,,
2026,3,2026-09-23T03:28:59.370802+0000,f23d4fa,offense,00-0038996,4572680,Tucker Kraft,TE,GB,ATL,2026-09-25T00:15:00.000000+0000,9.345309508016125,13.419999999999998,10.28,ACTIVE,false,,,
2026,3,2026-09-23T03:28:59.370802+0000,f23d4fa,offense,00-0038997,4688813,Josh Downs,WR,IND,HOU,2026-09-27T17:00:00.000000+0000,9.834812827291612,9.34,11.47,ACTIVE,false,,,
2026,3,2026-09-23T03:28:59.370802+0000,f23d4fa,offense,00-0039021,4426386,Roschon Johnson,RB,CHI,PHI,2026-09-29T00:15:00.000000+0000,0.9276227409988138,0.34,0.0,ACTIVE,false,,,
2026,3,2026-09-23T03:28:59.370802+0000,f23d4fa,offense,00-0039032,4428557,Tyjae Spears,RB,TEN,NYG,2026-09-27T17:00:00.000000+0000,8.424396656572597,9.14,9.74,ACTIVE,false,,,
2026,3,2026-09-23T03:28:59.370802+0000,f23d4fa,offense,00-0039040,4429160,De'Von Achane,RB,MIA,KC,2026-09-27T17:00:00.000000+0000,14.764256339245566,14.760000000000002,19.4,ACTIVE,false,,,
2026,3,2026-09-23T03:28:59.370802+0000,f23d4fa,offense,00-0039041,4426844,Elijah Higgins,TE,ARI,SF,2026-09-27T20:05:00.000000+0000,1.8194590088580183,4.380000000000001,1.04,ACTIVE,false,,,
2026,3,2026-09-23T03:28:59.370802+0000,f23d4fa,offense,00-0039050,4372505,Payne Durham,TE,TB,MIN,2026-09-27T20:05:00.000000+0000,0.9027491797109776,0.0,0.0,ACTIVE,false,,,
2026,3,2026-09-23T03:28:59.370802+0000,f23d4fa,offense,00-0039062,4426485,Jonathan Mingo,WR,DAL,BAL,2026-09-27T20:25:00.000000+0000,1.1882372024042587,0.4,0.49,ACTIVE,false,,,
2026,3,2026-09-23T03:28:59.370802+0000,f23d4fa,offense,00-0039064,4429615,Zay Flowers,WR,BAL,DAL,2026-09-27T20:25:00.000000+0000,14.961021470588513,21.160000000000004,15.64,QUESTIONABLE,false,,,
2026,3,2026-09-23T03:28:59.370802+0000,f23d4fa,offense,00-0039065,4430027,Sam LaPorta,TE,DET,NYJ,2026-09-27T17:00:00.000000+0000,13.859982313868327,12.7,11.2,ACTIVE,false,,,
2026,3,2026-09-23T03:28:59.370802+0000,f23d4fa,offense,00-0039066,4429086,Michael Mayer,TE,LV,NO,2026-09-27T20:25:00.000000+0000,9.802050117440292,8.419999999999998,6.25,ACTIVE,false,,,
2026,3,2026-09-23T03:28:59.370802+0000,f23d4fa,offense,00-0039067,4428331,Rashee Rice,WR,KC,MIA,2026-09-27T17:00:00.000000+0000,13.838346889471042,14.219999999999999,12.74,ACTIVE,false,,,
2026,3,2026-09-23T03:28:59.370802+0000,f23d4fa,offense,00-0039074,4426553,Davis Allen,TE,LA,DEN,2026-09-28T00:20:00.000000+0000,2.714737048397467,1.8800000000000001,1.64,ACTIVE,false,,,
2026,3,2026-09-23T03:28:59.370802+0000,f23d4fa,offense,00-0039075,4426515,Puka Nacua,WR,LA,DEN,2026-09-28T00:20:00.000000+0000,16.78447916071899,25.7,19.94,QUESTIONABLE,false,,,
2026,3,2026-09-23T03:28:59.370802+0000,f23d4fa,offense,00-0039107,4259553,Stetson Bennett,QB,LA,DEN,2026-09-28T00:20:00.000000+0000,2.672536674601632,1.42,0.0,ACTIVE,false,,,
2026,3,2026-09-23T03:28:59.370802+0000,f23d4fa,offense,00-0039139,4429795,Jahmyr Gibbs,RB,DET,NYJ,2026-09-27T17:00:00.000000+0000,22.599990374619132,21.28,25.34,ACTIVE,false,,,
2026,3,2026-09-23T03:28:59.370802+0000,f23d4fa,offense,00-0039146,4362249,Jayden Reed,WR,GB,ATL,2026-09-25T00:15:00.000000+0000,4.30746322523525,4.32,0.0,DOUBTFUL,false,,,
2026,3,2026-09-23T03:28:59.370802+0000,f23d4fa,offense,00-0039150,4685720,Bryce Young,QB,CAR,CLE,2026-09-27T17:00:00.000000+0000,16.171889351478747,19.711999999999996,16.75,ACTIVE,false,,,
2026,3,2026-09-23T03:28:59.370802+0000,f23d4fa,offense,00-0039163,4432577,C.J. Stroud,QB,HOU,IND,2026-09-27T17:00:00.000000+0000,15.775701041884297,15.196000000000002,16.1,ACTIVE,false,,,
2026,3,2026-09-23T03:28:59.370802+0000,f23d4fa,offense,00-0039164,4429084,Anthony Richardson,QB,IND,HOU,2026-09-27T17:00:00.000000+0000,6.750546906430935,11.588,0.0,ACTIVE,false,,,
2026,3,2026-09-23T03:28:59.370802+0000,f23d4fa,offense,00-0039299,4429835,George Holani,RB,SEA,WAS,2026-09-27T17:00:00.000000+0000,4.534963903326513,3.2,3.17,ACTIVE,false,,,
2026,3,2026-09-23T03:28:59.370802+0000,f23d4fa,offense,00-0039337,4595348,Malik Nabers,WR,NYG,TEN,2026-09-27T17:00:00.000000+0000,9.946086870224573,11.8,14.43,QUESTIONABLE,false,,,
2026,3,2026-09-23T03:28:59.370802+0000,f23d4fa,offense,00-0039338,4432665,Brock Bowers,TE,LV,NO,2026-09-27T20:25:00.000000+0000,8.904391766662048,14.3,14.18,QUESTIONABLE,false,,,
2026,3,2026-09-23T03:28:59.370802+0000,f23d4fa,offense,00-0039342,4430034,Xavier Legette,WR,CAR,CLE,2026-09-27T17:00:00.000000+0000,4.591466319857234,3.4200000000000004,5.67,ACTIVE,false,,,
2026,3,2026-09-23T03:28:59.370802+0000,f23d4fa,offense,00-0039344,4678008,Jonathon Brooks,RB,CAR,CLE,2026-09-27T17:00:00.000000+0000,4.311893208450997,3.3600000000000003,0.0,DOUBTFUL,false,,,
2026,3,2026-09-23T03:28:59.370802+0000,f23d4fa,offense,00-0039355,4426948,Luke McCaffrey,WR,WAS,SEA,2026-09-27T17:00:00.000000+0000,2.380222664871158,4.340000000000001,0.0,ACTIVE,false,,,
2026,3,2026-09-23T03:28:59.370802+0000,f23d4fa,offense,00-0039356,4431588,Ja'Tavion Sanders,TE,CAR,CLE,2026-09-27T17:00:00.000000+0000,1.9889785533118711,2.6000000000000005,0.0,ACTIVE,false,,,
2026,3,2026-09-23T03:28:59.370802+0000,f23d4fa,offense,00-0039359,4426496,Cade Stover,TE,HOU,IND,2026-09-27T17:00:00.000000+0000,1.1443564110840725,1.08,0.51,ACTIVE,false,,,
2026,3,2026-09-23T03:28:59.370802+0000,f23d4fa,offense,00-0039361,4596448,Bucky Irving,RB,TB,MIN,2026-09-27T20:05:00.000000+0000,14.136881175419138,11.9,15.78,ACTIVE,false,,,
2026,3,2026-09-23T03:28:59.370802+0000,f23d4fa,offense,00-0039364,4912274,Sione Vaki,RB,DET,NYJ,2026-09-27T17:00:00.000000+0000,2.115407793475053,1.1600000000000001,4.35,ACTIVE,false,,,
2026,3,2026-09-23T03:28:59.370802+0000,f23d4fa,offense,00-0039365,4575665,Jacob Cowing,WR,SF,ARI,2026-09-27T20:05:00.000000+0000,1.9120185935960452,1.1400000000000001,3.62,ACTIVE,false,,,
2026,3,2026-09-23T03:28:59.370802+0000,f23d4fa,offense,00-0039376,4426339,Spencer Rattler,QB,NO,LV,2026-09-27T20:25:00.000000+0000,6.186423451737233,8.068000000000001,0.0,ACTIVE,false,,,
2026,3,2026-09-23T03:28:59.370802+0000,f23d4fa,offense,00-0039384,4360516,Tyrone Tracy Jr.,RB,NYG,TEN,2026-09-27T17:00:00.000000+0000,7.0436281650449954,8.760000000000002,0.03,ACTIVE,false,,,
2026,3,2026-09-23T03:28:59.370802+0000,f23d4fa,offense,00-0039391,4430968,Kimani Vidal,RB,LAC,BUF,2026-09-27T17:00:00.000000+0000,1.7494427113612618,1.78,0.79,ACTIVE,false,,,
2026,3,2026-09-23T03:28:59.370802+0000,f23d4fa,offense,00-0039407,4366963,Dylan Laube,RB,LV,NO,2026-09-27T20:25:00.000000+0000,0.8709994552078384,0.0,0.05,ACTIVE,false,,,
2026,3,2026-09-23T03:28:59.370802+0000,f23d4fa,offense,00-0039410,5083754,Ryan Flournoy,WR,DAL,BAL,2026-09-27T20:25:00.000000+0000,7.930379819095056,8.22,8.05,ACTIVE,false,,,
2026,3,2026-09-23T03:28:59.370802+0000,f23d4fa,offense,00-0039424,4569559,Devaughn Vele,WR,NO,LV,2026-09-27T20:25:00.000000+0000,12.617347808577422,14.7,11.51,ACTIVE,false,,,
2026,3,2026-09-23T03:28:59.370802+0000,f23d4fa,offense,00-0039451,4569371,Isaiah Williams,WR,NYJ,DET,2026-09-27T17:00:00.000000+0000,7.2466167982906,6.780000000000001,7.02,ACTIVE,false,,,
2026,3,2026-09-23T03:28:59.370802+0000,f23d4fa,offense,00-0039491,4695883,Jalen Coker,WR,CAR,CLE,2026-09-27T17:00:00.000000+0000,12.796771260376671,15.280000000000001,13.83,ACTIVE,false,,,
2026,3,2026-09-23T03:28:59.370802+0000,f23d4fa,offense,00-0039518,4430684,Treyton Welch,TE,NO,LV,2026-09-27T20:25:00.000000+0000,0.9177437175722989,0.0,0.0,ACTIVE,false,,,
2026,3,2026-09-23T03:28:59.370802+0000,f23d4fa,offense,00-0039530,4360967,Brevyn Spann-Ford,TE,DAL,BAL,2026-09-27T20:25:00.000000+0000,2.4003520216644207,2.5,1.69,ACTIVE,false,,,
2026,3,2026-09-23T03:28:59.370802+0000,f23d4fa,offense,00-0039589,5097554,Kameron Johnson,WR,TB,MIN,2026-09-27T20:05:00.000000+0000,0.9534348171517935,0.0,0.03,ACTIVE,false,,,
2026,3,2026-09-23T03:28:59.370802+0000,f23d4fa,offense,00-0039603,4373273,British Brooks,RB,HOU,IND,2026-09-27T17:00:00.000000+0000,1.6994255113193963,1.2600000000000002,0.14,ACTIVE,false,,,
2026,3,2026-09-23T03:28:59.370802+0000,f23d4fa,offense,00-0039648,4360978,David Martin-Robinson,TE,TEN,NYG,2026-09-27T17:00:00.000000+0000,1.0171650428156853,0.8600000000000001,0.0,ACTIVE,false,,,
2026,3,2026-09-23T03:28:59.370802+0000,f23d4fa,offense,00-0039686,4361088,Colson Yankoff,TE,WAS,SEA,2026-09-27T17:00:00.000000+0000,1.0797226302381107,0.4800000000000001,0.0,ACTIVE,false,,,
2026,3,2026-09-23T03:28:59.370802+0000,f23d4fa,offense,00-0039732,4426338,Bo Nix,QB,DEN,LA,2026-09-28T00:20:00.000000+0000,15.223314148799345,12.951999999999998,16.56,ACTIVE,false,,,
2026,3,2026-09-23T03:28:59.370802+0000,f23d4fa,offense,00-0039738,4429096,Blake Corum,RB,LA,DEN,2026-09-28T00:20:00.000000+0000,7.387662871838484,7.68,8.56,ACTIVE,false,,,
2026,3,2026-09-23T03:28:59.370802+0000,f23d4fa,offense,00-0039739,4431492,Roman Wilson,WR,PIT,CIN,2026-09-27T17:00:00.000000+0000,6.606071690877555,2.6799999999999993,7.12,ACTIVE,false,,,
2026,3,2026-09-23T03:28:59.370802+0000,f23d4fa,offense,00-0039746,4431545,Will Shipley,RB,PHI,CHI,2026-09-29T00:15:00.000000+0000,3.8089395506408867,2.3800000000000003,2.21,ACTIVE,false,,,
2026,3,2026-09-23T03:28:59.370802+0000,f23d4fa,offense,00-0039751,4569382,Jordan Whittington,WR,LA,DEN,2026-09-28T00:20:00.000000+0000,1.5887412615977057,0.9400000000000001,2.39,QUESTIONABLE,false,,,
2026,3,2026-09-23T03:28:59.370802+0000,f23d4fa,offense,00-0039792,4696882,Devontez Walker,WR,BAL,DAL,2026-09-27T20:25:00.000000+0000,2.851521557339099,3.66,2.17,ACTIVE,false,,,
2026,3,2026-09-23T03:28:59.370802+0000,f23d4fa,offense,00-0039793,4576297,AJ Barner,TE,SEA,WAS,2026-09-27T17:00:00.000000+0000,7.213939839674792,8.580000000000002,6.55,ACTIVE,false,,,
2026,3,2026-09-23T03:28:59.370802+0000,f23d4fa,offense,00-0039794,4685247,Braelon Allen,RB,NYJ,DET,2026-09-27T17:00:00.000000+0000,5.377644807805874,4.18,6.64,ACTIVE,false,,,
2026,3,2026-09-23T03:28:59.370802+0000,f23d4fa,offense,00-0039796,4690013,Rasheen Ali,RB,BAL,DAL,2026-09-27T20:25:00.000000+0000,0.9586194571903128,1.0,0.0,ACTIVE,false,,,
2026,3,2026-09-23T03:28:59.370802+0000,f23d4fa,offense,00-0039798,4695404,Isaiah Davis,RB,NYJ,DET,2026-09-27T17:00:00.000000+0000,2.6282480035017035,5.74,0.0,ACTIVE,false,,,
2026,3,2026-09-23T03:28:59.370802+0000,f23d4fa,offense,00-0039811,4429023,MarShawn Lloyd,RB,GB,ATL,2026-09-25T00:15:00.000000+0000,6.8117934015744455,5.033333333333333,8.63,ACTIVE,false,,,
2026,3,2026-09-23T03:28:59.370802+0000,f23d4fa,offense,00-0039814,4427834,Erick All,TE,CIN,PIT,2026-09-27T17:00:00.000000+0000,2.488566691482043,2.4200000000000004,2.19,ACTIVE,false,,,
2026,3,2026-09-23T03:28:59.370802+0000,f23d4fa,offense,00-0039824,4430723,Jared Wiley,TE,KC,MIA,2026-09-27T17:00:00.000000+0000,1.0257209158454126,0.27999999999999997,0.0,ACTIVE,false,,,
2026,3,2026-09-23T03:28:59.370802+0000,f23d4fa,offense,00-0039847,4429148,Theo Johnson,TE,NYG,TEN,2026-09-27T17:00:00.000000+0000,4.321328948422612,3.6,2.89,ACTIVE,false,,,
2026,3,2026-09-23T03:28:59.370802+0000,f23d4fa,offense,00-0039849,4432708,Marvin Harrison Jr.,WR,ARI,SF,2026-09-27T20:05:00.000000+0000,5.0438532619861185,3.9200000000000004,7.03,ACTIVE,false,,,
2026,3,2026-09-23T03:28:59.370802+0000,f23d4fa,offense,00-0039851,4431452,Drake Maye,QB,NE,JAX,2026-09-27T17:00:00.000000+0000,14.767732885498047,17.944,18.64,ACTIVE,false,,,
2026,3,2026-09-23T03:28:59.370802+0000,f23d4fa,offense,00-0039855,4430834,Jalen McMillan,WR,TB,MIN,2026-09-27T20:05:00.000000+0000,3.135504769018305,5.98,5.8,ACTIVE,false,,,
2026,3,2026-09-23T03:28:59.370802+0000,f23d4fa,offense,00-0039868,4431280,Troy Franklin,WR,DEN,LA,2026-09-28T00:20:00.000000+0000,3.4460172244832945,4.1,3.12,ACTIVE,false,,,
2026,3,2026-09-23T03:28:59.370802+0000,f23d4fa,offense,00-0039874,4682745,Jaylen Wright,RB,MIA,KC,2026-09-27T17:00:00.000000+0000,3.1075760508564505,4.58,1.63,QUESTIONABLE,false,,,
2026,3,2026-09-23T03:28:59.370802+0000,f23d4fa,offense,00-0039875,4429501,Ray Davis,RB,BUF,LAC,2026-09-27T17:00:00.000000+0000,4.423240870034938,6.74,1.42,ACTIVE,false,,,
2026,3,2026-09-23T03:28:59.370802+0000,f23d4fa,offense,00-0039880,4569603,Malik Washington,WR,MIA,KC,2026-09-27T17:00:00.000000+0000,9.060681820915692,7.7,9.77,ACTIVE,false,,,
2026,3,2026-09-23T03:28:59.370802+0000,f23d4fa,offense,00-0039890,4597500,Adonai Mitchell,WR,NYJ,DET,2026-09-27T17:00:00.000000+0000,9.615063595082654,6.76,10.7,ACTIVE,false,,,
2026,3,2026-09-23T03:28:59.370802+0000,f23d4fa,offense,00-0039893,4432773,Brian Thomas Jr.,WR,JAX,NE,2026-09-27T17:00:00.000000+0000,7.993754193677688,6.720000000000001,10.67,ACTIVE,false,,,
2026,3,2026-09-23T03:28:59.370802+0000,f23d4fa,offense,00-0039894,4683062,Xavier Worthy,WR,KC,MIA,2026-09-27T17:00:00.000000+0000,9.513183953150412,6.0,11.42,ACTIVE,false,,,
2026,3,2026-09-23T03:28:59.370802+0000,f23d4fa,offense,00-0039901,4635008,Keon Coleman,WR,BUF,LAC,2026-09-27T17:00:00.000000+0000,7.267164844042975,5.18,6.36,ACTIVE,false,,,
2026,3,2026-09-23T03:28:59.370802+0000,f23d4fa,offense,00-0039910,4426348,Jayden Daniels,QB,WAS,SEA,2026-09-27T17:00:00.000000+0000,15.918837031511998,13.616,0.0,DOUBTFUL,false,,,
2026,3,2026-09-23T03:28:59.370802+0000,f23d4fa,offense,00-0039912,4690923,Ben Sinnott,TE,WAS,SEA,2026-09-27T17:00:00.000000+0000,1.8786705109166348,2.26,1.0,ACTIVE,false,,,
2026,3,2026-09-23T03:28:59.370802+0000,f23d4fa,offense,00-0039915,4612826,Ladd McConkey,WR,LAC,BUF,2026-09-27T17:00:00.000000+0000,10.489275453263996,9.62,13.6,ACTIVE,false,,,
2026,3,2026-09-23T03:28:59.370802+0000,f23d4fa,offense,00-0039917,4360423,Michael Penix Jr.,QB,ATL,GB,2026-09-25T00:15:00.000000+0000,9.441060382005862,13.691999999999998,14.14,ACTIVE,false,,,
2026,3,2026-09-23T03:28:59.370802+0000,f23d4fa,offense,00-0039918,4431611,Caleb Williams,QB,CHI,PHI,2026-09-29T00:15:00.000000+0000,16.884467948272224,21.112000000000002,0.0,DOUBTFUL,false,,,
2026,3,2026-09-23T03:28:59.370802+0000,f23d4fa,offense,00-0039919,4431299,Rome Odunze,WR,CHI,PHI,2026-09-29T00:15:00.000000+0000,8.364295571194718,6.340000000000002,10.3,ACTIVE,false,,,
2026,3,2026-09-23T03:28:59.370802+0000,f23d4fa,offense,00-0039920,4613104,Malachi Corley,WR,CLE,CAR,2026-09-27T17:00:00.000000+0000,1.930810558502758,2.66,0.02,ACTIVE,false,,,
2026,3,2026-09-23T03:28:59.370802+0000,f23d4fa,offense,00-0039923,4433970,J.J. McCarthy,QB,MIN,TB,2026-09-27T20:05:00.000000+0000,9.44044395009237,12.139999999999999,0.0,ACTIVE,false,,,
2026,3,2026-09-23T03:28:59.370802+0000,f23d4fa,offense,00-0040014,4433971,Kyle McCord,QB,MIA,KC,2026-09-27T17:00:00.000000+0000,3.5037047754448776,13.149895931882691,0.0,ACTIVE,false,,,
2026,3,2026-09-23T03:28:59.370802+0000,f23d4fa,offense,00-0040024,4715355,Darius Cooper,WR,PHI,CHI,2026-09-29T00:15:00.000000+0000,3.8426054358791766,3.66,2.52,ACTIVE,false,,,
2026,3,2026-09-23T03:28:59.370802+0000,f23d4fa,offense,00-0040058,4569547,Nick Kallerup,TE,SEA,WAS,2026-09-27T17:00:00.000000+0000,1.0530233795801653,0.0,0.0,ACTIVE,false,,,
2026,3,2026-09-23T03:28:59.370802+0000,f23d4fa,offense,00-0040075,4690143,LaJohntay Wester,WR,BAL,DAL,2026-09-27T20:25:00.000000+0000,2.358957645268422,1.1800000000000002,3.74,ACTIVE,false,,,
2026,3,2026-09-23T03:28:59.370802+0000,f23d4fa,offense,00-0040078,4596602,Brashard Smith,RB,KC,MIA,2026-09-27T17:00:00.000000+0000,3.182201147194309,3.7600000000000002,0.01,ACTIVE,false,,,
2026,3,2026-09-23T03:28:59.370802+0000,f23d4fa,offense,00-0040081,4431196,Jake Briningstool,TE,KC,MIA,2026-09-27T17:00:00.000000+0000,1.2499893567904834,0.95,0.55,ACTIVE,false,,,
2026,3,2026-09-23T03:28:59.370802+0000,f23d4fa,offense,00-0040122,4890973,Ashton Jeanty,RB,LV,NO,2026-09-27T20:25:00.000000+0000,16.61948558848079,19.3,18.87,ACTIVE,false,,,
2026,3,2026-09-23T03:28:59.370802+0000,f23d4fa,offense,00-0040124,4685472,Tetairoa McMillan,WR,CAR,CLE,2026-09-27T17:00:00.000000+0000,12.823564303362492,11.780000000000003,14.25,ACTIVE,false,,,
2026,3,2026-09-23T03:28:59.370802+0000,f23d4fa,offense,00-0040126,4723086,Colston Loveland,TE,CHI,PHI,2026-09-29T00:15:00.000000+0000,9.828172124693452,10.76,9.89,ACTIVE,false,,,
2026,3,2026-09-23T03:28:59.370802+0000,f23d4fa,offense,00-0040128,4431459,Tyler Warren,TE,IND,HOU,2026-09-27T17:00:00.000000+0000,12.135227992901479,9.520000000000001,12.3,ACTIVE,true,TE,,
2026,3,2026-09-23T03:28:59.370802+0000,f23d4fa,offense,00-0040129,4567750,Emeka Egbuka,WR,TB,MIN,2026-09-27T20:05:00.000000+0000,10.340203582068732,6.6800000000000015,12.37,ACTIVE,false,,,
2026,3,2026-09-23T03:28:59.370802+0000,f23d4fa,offense,00-0040131,4613202,Kyle Williams,WR,NE,JAX,2026-09-27T17:00:00.000000+0000,1.9545001834863887,4.0200000000000005,5.2,ACTIVE,false,,,
2026,3,2026-09-23T03:28:59.370802+0000,f23d4fa,offense,00-0040134,4600981,Pat Bryant,WR,DEN,LA,2026-09-28T00:20:00.000000+0000,6.980955677404849,6.659999999999999,5.77,ACTIVE,false,,,
2026,3,2026-09-23T03:28:59.370802+0000,f23d4fa,offense,00-0040138,4586312,Jaylin Noel,WR,HOU,IND,2026-09-27T17:00:00.000000+0000,5.207147252218533,5.92,3.94,ACTIVE,false,,,
2026,3,2026-09-23T03:28:59.370802+0000,f23d4fa,offense,00-0040142,4819231,Kaleb Johnson,RB,GB,ATL,2026-09-25T00:15:00.000000+0000,2.2239938076305927,0.8600000000000001,7.9,ACTIVE,false,,,
2026,3,2026-09-23T03:28:59.370802+0000,f23d4fa,offense,00-0040154,4565185,Tai Felton,WR,MIN,TB,2026-09-27T20:05:00.000000+0000,0.7463039853269569,0.72,0.0,ACTIVE,false,,,
2026,3,2026-09-23T03:28:59.370802+0000,f23d4fa,offense,00-0040164,4602667,Jaylin Lane,WR,WAS,SEA,2026-09-27T17:00:00.000000+0000,1.2819386445211132,1.48,0.23,ACTIVE,false,,,
2026,3,2026-09-23T03:28:59.370802+0000,f23d4fa,offense,00-0040170,4883647,Elic Ayomanor,WR,TEN,NYG,2026-09-27T17:00:00.000000+0000,8.397641709149735,9.5,4.78,ACTIVE,false,,,
2026,3,2026-09-23T03:28:59.370802+0000,f23d4fa,offense,00-0040172,4431466,Jordan Watkins,WR,SF,ARI,2026-09-27T20:05:00.000000+0000,1.3323444056106482,1.1500000000000001,1.17,ACTIVE,false,,,
2026,3,2026-09-23T03:28:59.370802+0000,f23d4fa,offense,00-0040177,4685397,Jordan James,RB,SF,ARI,2026-09-27T20:05:00.000000+0000,1.9082488889265095,0.75,0.0,ACTIVE,false,,,
2026,3,2026-09-23T03:28:59.370802+0000,f23d4fa,offense,00-0040179,4874509,DJ Giddens,RB,IND,HOU,2026-09-27T17:00:00.000000+0000,1.4014290493526294,1.04,0.0,QUESTIONABLE,false,,,
2026,3,2026-09-23T03:28:59.370802+0000,f23d4fa,offense,00-0040187,4683243,Mitchell Evans,TE,CAR,CLE,2026-09-27T17:00:00.000000+0000,3.1451729080167388,2.5200000000000005,1.6,ACTIVE,false,,,
2026,3,2026-09-23T03:28:59.370802+0000,f23d4fa,offense,00-0040189,4595342,Oronde Gadsden II,TE,LAC,BUF,2026-09-27T17:00:00.000000+0000,4.4077503789441455,6.640000000000001,8.69,ACTIVE,false,,,
2026,3,2026-09-23T03:28:59.370802+0000,f23d4fa,offense,00-0040194,4573699,Jackson Hawes,TE,BUF,LAC,2026-09-27T17:00:00.000000+0000,1.548606870736303,1.1199999999999999,0.55,ACTIVE,false,,,
2026,3,2026-09-23T03:28:59.370802+0000,f23d4fa,offense,00-0040198,4711533,Ollie Gordon II,RB,MIA,KC,2026-09-27T17:00:00.000000+0000,1.8356474422683984,0.54,1.56,ACTIVE,false,,,
2026,3,2026-09-23T03:28:59.370802+0000,f23d4fa,offense,00-0040203,4429955,Will Howard,QB,PIT,CIN,2026-09-27T17:00:00.000000+0000,3.5037047754448776,13.149895931882691,0.0,ACTIVE,false,,,
2026,3,2026-09-23T03:28:59.370802+0000,f23d4fa,offense,00-0040206,4683423,Riley Leonard,QB,IND,HOU,2026-09-27T17:00:00.000000+0000,5.476404639496225,6.2,0.0,ACTIVE,false,,,
2026,3,2026-09-23T03:28:59.370802+0000,f23d4fa,offense,00-0040208,4429299,Tahj Brooks,RB,CIN,PIT,2026-09-27T17:00:00.000000+0000,1.0496419208877574,0.8200000000000001,0.03,ACTIVE,false,,,
2026,3,2026-09-23T03:28:59.370802+0000,f23d4fa,offense,00-0040215,4708049,Gavin Bartholomew,TE,MIN,TB,2026-09-27T20:05:00.000000+0000,2.5598348039280445,4.0870036658306015,0.0,ACTIVE,false,,,
2026,3,2026-09-23T03:28:59.370802+0000,f23d4fa,offense,00-0040225,4590292,Thomas Fidone II,TE,NYG,TEN,2026-09-27T17:00:00.000000+0000,1.069282268347002,0.0,0.0,ACTIVE,false,,,
2026,3,2026-09-23T03:28:59.370802+0000,f23d4fa,offense,00-0040234,4889929,Quinn Ewers,QB,JAX,NE,2026-09-27T17:00:00.000000+0000,7.6233365011012415,8.295,0.0,ACTIVE,false,,,
2026,3,2026-09-23T03:28:59.370802+0000,f23d4fa,offense,00-0040236,4608686,Kyle Monangai,RB,CHI,PHI,2026-09-29T00:15:00.000000+0000,10.274592888305262,10.820000000000002,8.39,ACTIVE,false,,,
2026,3,2026-09-23T03:28:59.370802+0000,f23d4fa,offense,00-0040237,4608810,Tez Johnson,WR,TB,MIN,2026-09-27T20:05:00.000000+0000,4.667436343556051,2.7,2.29,ACTIVE,false,,,
2026,3,2026-09-23T03:28:59.370802+0000,f23d4fa,offense,00-0040238,4911851,LeQuint Allen Jr.,RB,JAX,NE,2026-09-27T17:00:00.000000+0000,1.3492011135547164,0.26,1.68,ACTIVE,false,,,
2026,3,2026-09-23T03:28:59.370802+0000,f23d4fa,offense,00-0040242,4575131,Jacory Croskey-Merritt,RB,WAS,SEA,2026-09-27T17:00:00.000000+0000,9.25948627095189,10.459999999999999,8.78,ACTIVE,false,,,
2026,3,2026-09-23T03:28:59.370802+0000,f23d4fa,offense,00-0040277,5160110,Jahdae Walker,WR,CHI,PHI,2026-09-29T00:15:00.000000+0000,3.8657834393711545,6.76,0.48,ACTIVE,false,,,
2026,3,2026-09-23T03:28:59.370802+0000,f23d4fa,offense,00-0040363,4688552,Keleki Latu,TE,BUF,LAC,2026-09-27T17:00:00.000000+0000,1.0742577962698547,1.22,0.0,ACTIVE,false,,,
2026,3,2026-09-23T03:28:59.370802+0000,f23d4fa,offense,00-0040390,4602788,Jackson Meeks,TE,DET,NYJ,2026-09-27T17:00:00.000000+0000,0.9177437175722989,0.0,0.0,ACTIVE,false,,,
2026,3,2026-09-23T03:28:59.370802+0000,f23d4fa,offense,00-0040398,4429435,Brady Cook,QB,MIA,KC,2026-09-27T17:00:00.000000+0000,5.956905426695152,5.692,0.0,ACTIVE,false,,,
2026,3,2026-09-23T03:28:59.370802+0000,f23d4fa,offense,00-0040466,4601080,Raheim Sanders,RB,CLE,CAR,2026-09-27T17:00:00.000000+0000,4.075099709520668,4.34,4.62,ACTIVE,false,,,
2026,3,2026-09-23T03:28:59.370802+0000,f23d4fa,offense,00-0040506,4430656,Myles Price,WR,MIN,TB,2026-09-27T20:05:00.000000+0000,1.0347922353174985,0.0,0.13,ACTIVE,false,,,
2026,3,2026-09-23T03:28:59.370802+0000,f23d4fa,offense,00-0040534,4570738,Ke'Shawn Williams,WR,CIN,PIT,2026-09-27T17:00:00.000000+0000,1.2152385845298157,0.5,0.0,ACTIVE,false,,,
2026,3,2026-09-23T03:28:59.370802+0000,f23d4fa,offense,00-0040556,4431431,Corey Kiner,RB,NE,JAX,2026-09-27T17:00:00.000000+0000,2.5879839172136077,1.86,0.0,ACTIVE,false,,,
2026,3,2026-09-23T03:28:59.370802+0000,f23d4fa,offense,00-0040563,4695193,Efton Chism III,WR,NE,JAX,2026-09-27T17:00:00.000000+0000,2.2110129855030265,3.46,0.54,ACTIVE,false,,,
2026,3,2026-09-23T03:28:59.370802+0000,f23d4fa,offense,00-0040582,4429105,Arian Smith,WR,NYJ,DET,2026-09-27T17:00:00.000000+0000,1.0527221830389921,0.33999999999999997,0.0,INJURY_RESERVE,false,,,
2026,3,2026-09-23T03:28:59.370802+0000,f23d4fa,offense,00-0040583,4429059,Woody Marks,RB,HOU,IND,2026-09-27T17:00:00.000000+0000,8.891598444004678,6.720000000000001,8.6,ACTIVE,false,,,
2026,3,2026-09-23T03:28:59.370802+0000,f23d4fa,offense,00-0040584,4686728,Gunnar Helm,TE,TEN,NYG,2026-09-27T17:00:00.000000+0000,6.522661668333088,5.8,7.88,ACTIVE,false,,,
2026,3,2026-09-23T03:28:59.370802+0000,f23d4fa,offense,00-0040589,4430431,Kurtis Rourke,QB,SF,ARI,2026-09-27T20:05:00.000000+0000,3.200730948495564,13.149895931882691,0.0,ACTIVE,false,,,
2026,3,2026-09-23T03:28:59.370802+0000,f23d4fa,offense,00-0040590,4710855,Konata Mumpfield,WR,LA,DEN,2026-09-28T00:20:00.000000+0000,2.8910778158641293,2.44,1.58,ACTIVE,false,,,
2026,3,2026-09-23T03:28:59.370802+0000,f23d4fa,offense,00-0040598,,Mark Redman,TE,GB,ATL,2026-09-25T00:15:00.000000+0000,2.5916329540037024,4.0870036658306015,,,false,,,
2026,3,2026-09-23T03:28:59.370802+0000,f23d4fa,offense,00-0040621,4600597,Montorie Foster Jr,WR,SEA,WAS,2026-09-27T17:00:00.000000+0000,0.9964058334467286,0.0,0.0,ACTIVE,false,,,
2026,3,2026-09-23T03:28:59.370802+0000,f23d4fa,offense,00-0040646,5082630,Jalen Royals,WR,KC,MIA,2026-09-27T17:00:00.000000+0000,2.8479491417599574,2.2,1.62,ACTIVE,false,,,
2026,3,2026-09-23T03:28:59.370802+0000,f23d4fa,offense,00-0040648,4597703,Tory Horton,WR,SEA,WAS,2026-09-27T17:00:00.000000+0000,4.03684748264323,6.74,1.12,ACTIVE,false,,,
2026,3,2026-09-23T03:28:59.370802+0000,f23d4fa,offense,00-0040663,5083076,Harold Fannin Jr.,TE,CLE,CAR,2026-09-27T17:00:00.000000+0000,8.595607328498366,11.4,9.79,ACTIVE,false,,,
2026,3,2026-09-23T03:28:59.370802+0000,f23d4fa,offense,00-0040666,4685382,Omarion Hampton,RB,LAC,BUF,2026-09-27T17:00:00.000000+0000,13.746494703103822,13.959999999999999,15.02,ACTIVE,false,,,
2026,3,2026-09-23T03:28:59.370802+0000,f23d4fa,offense,00-0040667,4701936,Matthew Golden,WR,GB,ATL,2026-09-25T00:15:00.000000+0000,11.222307083914174,5.94,11.41,ACTIVE,false,,,
2026,3,2026-09-23T03:28:59.370802+0000,f23d4fa,offense,00-0040668,4432762,Shedeur Sanders,QB,CLE,CAR,2026-09-27T17:00:00.000000+0000,7.911588870348241,12.52,0.0,ACTIVE,false,,,
2026,3,2026-09-23T03:28:59.370802+0000,f23d4fa,offense,00-0040669,5123663,Isaac TeSlaa,WR,DET,NYJ,2026-09-27T17:00:00.000000+0000,6.387671289877032,7.3,5.27,ACTIVE,false,,,
2026,3,2026-09-23T03:28:59.370802+0000,f23d4fa,offense,00-0040673,4432734,Jalen Milroe,QB,SEA,WAS,2026-09-27T17:00:00.000000+0000,1.8416354843637452,-0.5333333333333333,0.0,ACTIVE,false,,,
2026,3,2026-09-23T03:28:59.370802+0000,f23d4fa,offense,00-0040676,4688380,Cam Ward,QB,TEN,NYG,2026-09-27T17:00:00.000000+0000,13.521194865589312,15.191999999999998,13.86,ACTIVE,false,,,
2026,3,2026-09-23T03:28:59.370802+0000,f23d4fa,offense,00-0040691,4689114,Jaxson Dart,QB,NYG,TEN,2026-09-27T17:00:00.000000+0000,14.169989570334204,14.579999999999998,0.0,DOUBTFUL,false,,,
2026,3,2026-09-23T03:28:59.370802+0000,f23d4fa,offense,00-0040705,4431268,Chimere Dike,WR,TEN,NYG,2026-09-27T17:00:00.000000+0000,2.719040900121939,6.12,0.92,ACTIVE,false,,,
2026,3,2026-09-23T03:28:59.370802+0000,f23d4fa,offense,00-0040715,4696981,Cam Skattebo,RB,NYG,TEN,2026-09-27T17:00:00.000000+0000,12.060452119162557,16.6,13.99,ACTIVE,true,RB,,
2026,3,2026-09-23T03:28:59.370802+0000,f23d4fa,offense,00-0040718,4685415,Travis Hunter,WR,JAX,NE,2026-09-27T17:00:00.000000+0000,4.2687516163012535,0.0,3.45,ACTIVE,false,,,
2026,3,2026-09-23T03:28:59.370802+0000,f23d4fa,offense,00-0040719,4882093,Bhayshul Tuten,RB,JAX,NE,2026-09-27T17:00:00.000000+0000,9.649437142786024,8.02,11.0,ACTIVE,false,,,
2026,3,2026-09-23T03:28:59.370802+0000,f23d4fa,offense,00-0040727,4686612,Tre Harris,WR,LAC,BUF,2026-09-27T17:00:00.000000+0000,7.721774049914831,5.6000000000000005,7.96,ACTIVE,false,,,
2026,3,2026-09-23T03:28:59.370802+0000,f23d4fa,offense,00-0040729,4603186,Jack Bech,WR,LV,NO,2026-09-27T20:25:00.000000+0000,4.836289128109089,5.16,4.74,ACTIVE,false,,,
2026,3,2026-09-23T03:28:59.370802+0000,f23d4fa,offense,00-0040730,4568490,RJ Harvey,RB,DEN,LA,2026-09-28T00:20:00.000000+0000,10.097506510222413,12.719999999999999,9.5,QUESTIONABLE,false,,,
2026,3,2026-09-23T03:28:59.370802+0000,f23d4fa,offense,00-0040734,4432710,TreVeyon Henderson,RB,NE,JAX,2026-09-27T17:00:00.000000+0000,11.101760378240844,14.280000000000001,10.5,ACTIVE,false,,,
2026,3,2026-09-23T03:28:59.370802+0000,f23d4fa,offense,00-0040735,4685278,Luther Burden III,WR,CHI,PHI,2026-09-29T00:15:00.000000+0000,9.556540434483606,13.080000000000002,11.59,ACTIVE,false,,,
2026,3,2026-09-23T03:28:59.370802+0000,f23d4fa,offense,00-0040736,4808766,Mason Taylor,TE,NYJ,DET,2026-09-27T17:00:00.000000+0000,4.115939140717905,4.220000000000001,3.99,DOUBTFUL,false,,,
2026,3,2026-09-23T03:28:59.370802+0000,f23d4fa,offense,00-0040737,4570037,Terrance Ferguson,TE,LA,DEN,2026-09-28T00:20:00.000000+0000,8.0558899644017,8.940000000000001,7.94,ACTIVE,false,,,
2026,3,2026-09-23T03:28:59.370802+0000,f23d4fa,offense,00-0040739,4678006,Elijah Arroyo,TE,SEA,WAS,2026-09-27T17:00:00.000000+0000,1.378574906909318,0.8400000000000001,2.57,ACTIVE,false,,,
2026,3,2026-09-23T03:28:59.370802+0000,f23d4fa,offense,00-0040743,4360689,Tyler Shough,QB,NO,LV,2026-09-27T20:25:00.000000+0000,17.54387655366872,21.276,18.83,ACTIVE,false,,,
2026,3,2026-09-23T03:28:59.370802+0000,f23d4fa,offense,00-0040782,4808839,Isaiah Bond,WR,CLE,CAR,2026-09-27T17:00:00.000000+0000,1.5331231267796293,1.86,0.46,ACTIVE,false,,,
2026,3,2026-09-23T03:28:59.370802+0000,f23d4fa,offense,00-0040784,4685702,Quinshon Judkins,RB,CLE,CAR,2026-09-27T17:00:00.000000+0000,10.4780304016394,8.2,13.72,ACTIVE,false,,,
2026,3,2026-09-23T03:28:59.370802+0000,f23d4fa,offense,00-0040785,4384852,Dohnte Meyers,WR,CIN,PIT,2026-09-27T17:00:00.000000+0000,2.2694842023077086,1.9000000000000001,1.54,ACTIVE,false,,,
2026,3,2026-09-23T03:28:59.370802+0000,f23d4fa,offense,00-0040867,4870795,Makai Lemon,WR,PHI,CHI,2026-09-29T00:15:00.000000+0000,5.675481491407239,2.2,7.26,ACTIVE,false,,,
2026,3,2026-09-23T03:28:59.370802+0000,f23d4fa,offense,00-0040876,5088338,Elijah Sarratt,WR,BAL,DAL,2026-09-27T20:25:00.000000+0000,2.5566518940651735,6.375924685225839,0.0,ACTIVE,false,,,
2026,3,2026-09-23T03:28:59.370802+0000,f23d4fa,offense,00-0040878,4686658,Mike Washington Jr.,RB,LV,NO,2026-09-27T20:25:00.000000+0000,3.4287285595338237,2.4000000000000004,3.71,ACTIVE,false,,,
2026,3,2026-09-23T03:28:59.370802+0000,f23d4fa,offense,00-0040879,4432260,Matthew Hibner,TE,BAL,DAL,2026-09-27T20:25:00.000000+0000,1.4708789392515096,1.15,0.53,ACTIVE,false,,,
2026,3,2026-09-23T03:28:59.370802+0000,f23d4fa,offense,00-0040886,4685555,Nicholas Singleton,RB,TEN,NYG,2026-09-27T17:00:00.000000+0000,2.100501057185438,1.0,1.42,ACTIVE,false,,,
2026,3,2026-09-23T03:28:59.370802+0000,f23d4fa,offense,00-0040887,4876132,Josh Cuevas,TE,BAL,DAL,2026-09-27T20:25:00.000000+0000,1.0917909527445482,0.0,0.0,ACTIVE,false,,,
2026,3,2026-09-23T03:28:59.370802+0000,f23d4fa,offense,00-0040890,4912218,Cyrus Allen,WR,KC,MIA,2026-09-27T17:00:00.000000+0000,1.1184798184460125,0.0,1.08,ACTIVE,false,,,
2026,3,2026-09-23T03:28:59.370802+0000,f23d4fa,offense,00-0040891,4879250,Cole Payton,QB,PHI,CHI,2026-09-29T00:15:00.000000+0000,3.2714512110897234,13.149895931882691,0.0,ACTIVE,false,,,
2026,3,2026-09-23T03:28:59.370802+0000,f23d4fa,offense,00-0040894,5150247,Malik Benson,WR,LV,NO,2026-09-27T20:25:00.000000+0000,2.5980928284466387,0.4,1.75,ACTIVE,false,,,
2026,3,2026-09-23T03:28:59.370802+0000,f23d4fa,offense,00-0040906,4567747,Garrett Nussmeier,QB,KC,MIA,2026-09-27T17:00:00.000000+0000,3.2714512110897234,13.149895931882691,0.0,ACTIVE,false,,,
2026,3,2026-09-23T03:28:59.370802+0000,f23d4fa,offense,00-0040930,4808759,Camden Brown,WR,DAL,BAL,2026-09-27T20:25:00.000000+0000,2.68442918067176,6.375924685225839,0.0,ACTIVE,false,,,
2026,3,2026-09-23T03:28:59.370802+0000,f23d4fa,offense,00-0040948,4635009,J. Michael Sturdivant,WR,GB,ATL,2026-09-25T00:15:00.000000+0000,1.1385352151090087,0.0,0.51,ACTIVE,false,,,
2026,3,2026-09-23T03:28:59.370802+0000,f23d4fa,offense,00-0040981,4429582,Joe Fagnano,QB,BAL,DAL,2026-09-27T20:25:00.000000+0000,3.394848166057879,13.149895931882691,0.0,ACTIVE,false,,,
2026,3,2026-09-23T03:28:59.370802+0000,f23d4fa,offense,00-0041013,4832955,Emmett Johnson,RB,KC,MIA,2026-09-27T17:00:00.000000+0000,6.038569586120098,7.15,6.12,ACTIVE,false,,,
2026,3,2026-09-23T03:28:59.370802+0000,f23d4fa,offense,00-0041027,4870808,Jeremiyah Love,RB,ARI,SF,2026-09-27T20:05:00.000000+0000,10.220024288528382,10.25,12.75,ACTIVE,false,,,
2026,3,2026-09-23T03:28:59.370802+0000,f23d4fa,offense,00-0041032,5083315,Kenyon Sadiq,TE,NYJ,DET,2026-09-27T17:00:00.000000+0000,6.06808544628527,7.550000000000001,7.34,ACTIVE,false,,,
2026,3,2026-09-23T03:28:59.370802+0000,f23d4fa,offense,00-0041037,4832800,Denzel Boston,WR,CLE,CAR,2026-09-27T17:00:00.000000+0000,12.892018484915747,17.2,11.31,ACTIVE,false,,,
2026,3,2026-09-23T03:28:59.370802+0000,f23d4fa,offense,00-0041040,5081432,Antonio Williams,WR,WAS,SEA,2026-09-27T17:00:00.000000+0000,8.232786005174876,10.899999999999999,5.16,ACTIVE,false,,,
2026,3,2026-09-23T03:28:59.370802+0000,f23d4fa,offense,00-0041041,4702559,Oscar Delp,TE,NO,LV,2026-09-27T20:25:00.000000+0000,1.766906312722652,1.8,0.56,ACTIVE,false,,,
2026,3,2026-09-23T03:28:59.370802+0000,f23d4fa,offense,00-0041042,4682648,Malachi Fields,WR,NYG,TEN,2026-09-27T17:00:00.000000+0000,8.62550917909158,4.75,8.26,ACTIVE,false,,,
2026,3,2026-09-23T03:28:59.370802+0000,f23d4fa,offense,00-0041044,4870612,Zachariah Branch,WR,ATL,GB,2026-09-25T00:15:00.000000+0000,1.6890573961457374,1.7000000000000002,1.66,ACTIVE,false,,,
2026,3,2026-09-23T03:28:59.370802+0000,f23d4fa,offense,00-0041048,5220680,Ted Hurst III,WR,TB,MIN,2026-09-27T20:05:00.000000+0000,8.529980818794177,5.65,5.83,ACTIVE,false,,,
2026,3,2026-09-23T03:28:59.370802+0000,f23d4fa,offense,00-0041051,4869748,Zavion Thomas,WR,CHI,PHI,2026-09-29T00:15:00.000000+0000,1.1353523052461376,0.0,0.03,ACTIVE,false,,,
2026,3,2026-09-23T03:28:59.370802+0000,f23d4fa,offense,00-0041052,4696044,Kaelon Black,RB,SF,ARI,2026-09-27T20:05:00.000000+0000,6.263490002912928,5.25,7.38,ACTIVE,false,,,
2026,3,2026-09-23T03:28:59.370802+0000,f23d4fa,offense,00-0041056,4685413,Cade Klubnik,QB,NYJ,DET,2026-09-27T17:00:00.000000+0000,3.4865399180059153,13.149895931882691,0.0,ACTIVE,false,,,
2026,3,2026-09-23T03:28:59.370802+0000,f23d4fa,offense,00-0041067,4879276,Bryce Lance,WR,NO,LV,2026-09-27T20:25:00.000000+0000,5.736051578401695,4.5,3.84,ACTIVE,false,,,
2026,3,2026-09-23T03:28:59.370802+0000,f23d4fa,offense,00-0041069,5092508,Colbie Young,WR,CIN,PIT,2026-09-27T17:00:00.000000+0000,1.3093914835742526,0.8500000000000001,1.09,ACTIVE,false,,,
2026,3,2026-09-23T03:28:59.370802+0000,f23d4fa,offense,00-0041070,4869132,Reggie Virgil,WR,ARI,SF,2026-09-27T20:05:00.000000+0000,2.565704905802265,6.375924685225839,0.0,ACTIVE,false,,,
2026,3,2026-09-23T03:28:59.370802+0000,f23d4fa,offense,00-0041077,4912052,Justin Joly,TE,MIA,KC,2026-09-27T17:00:00.000000+0000,2.574352858863662,4.0870036658306015,0.0,ACTIVE,false,,,
2026,3,2026-09-23T03:28:59.370802+0000,f23d4fa,offense,00-0041081,4878695,Max Bredeson,RB,MIN,TB,2026-09-27T20:05:00.000000+0000,2.5598348039280445,7.425130276711768,0.0,ACTIVE,false,,,
2026,3,2026-09-23T03:28:59.370802+0000,f23d4fa,offense,00-0041084,4917427,Tanner Koziol,TE,JAX,NE,2026-09-27T17:00:00.000000+0000,2.5684827569894417,4.0870036658306015,0.0,ACTIVE,false,,,
2026,3,2026-09-23T03:28:59.370802+0000,f23d4fa,offense,00-0041092,4431325,Taylen Green,QB,CLE,CAR,2026-09-27T17:00:00.000000+0000,3.3917582032505464,13.149895931882691,0.0,ACTIVE,false,,,
2026,3,2026-09-23T03:28:59.370802+0000,f23d4fa,offense,00-0041094,4890373,Bauer Sharp,TE,TB,MIN,2026-09-27T20:05:00.000000+0000,1.1353523052461376,0.0,0.0,ACTIVE,false,,,
2026,3,2026-09-23T03:28:59.370802+0000,f23d4fa,offense,00-0041096,4685246,Kaytron Allen,RB,WAS,SEA,2026-09-27T17:00:00.000000+0000,3.1624463274855397,2.0,1.1,ACTIVE,false,,,
2026,3,2026-09-23T03:28:59.370802+0000,f23d4fa,offense,00-0041099,4698597,Barion Brown,WR,NO,LV,2026-09-27T20:25:00.000000+0000,1.413077027347719,0.15000000000000002,0.9,ACTIVE,false,,,
2026,3,2026-09-23T03:28:59.370802+0000,f23d4fa,offense,00-0041100,4879194,Josh Cameron,WR,JAX,NE,2026-09-27T17:00:00.000000+0000,3.084459535790358,5.0,0.54,ACTIVE,false,,,
2026,3,2026-09-23T03:28:59.370802+0000,f23d4fa,offense,00-0041104,4832846,Demond Claiborne,RB,MIN,TB,2026-09-27T20:05:00.000000+0000,1.5930958536163573,1.2,1.39,ACTIVE,false,,,
2026,3,2026-09-23T03:28:59.370802+0000,f23d4fa,offense,00-0041106,5085024,C.J. Williams,WR,JAX,NE,2026-09-27T17:00:00.000000+0000,0.9777769843339935,0.0,,,false,,,
2026,3,2026-09-23T03:28:59.370802+0000,f23d4fa,offense,00-0041116,5085189,Jack Endries,TE,CIN,PIT,2026-09-27T17:00:00.000000+0000,1.0949738626074192,0.0,0.0,ACTIVE,false,,,
2026,3,2026-09-23T03:28:59.370802+0000,f23d4fa,offense,00-0041117,4432722,Athan Kaliakmanis,QB,WAS,SEA,2026-09-27T17:00:00.000000+0000,3.605165530511889,13.149895931882691,0.0,ACTIVE,false,,,
2026,3,2026-09-23T03:28:59.370802+0000,f23d4fa,offense,00-0041123,4431465,Behren Morton,QB,NE,JAX,2026-09-27T17:00:00.000000+0000,3.131706832905733,13.149895931882691,0.0,ACTIVE,false,,,
2026,3,2026-09-23T03:28:59.370802+0000,f23d4fa,offense,00-0041125,4686468,Seth McGowan,RB,IND,HOU,2026-09-27T17:00:00.000000+0000,1.5789140534000363,0.5,2.59,ACTIVE,false,,,
2026,3,2026-09-23T03:28:59.370802+0000,f23d4fa,offense,00-0041131,4685540,Carsen Ryan,TE,CLE,CAR,2026-09-27T17:00:00.000000+0000,1.1353523052461376,0.0,0.0,ACTIVE,false,,,
2026,3,2026-09-23T03:28:59.370802+0000,f23d4fa,offense,00-0041132,4683151,Deion Burks,WR,IND,HOU,2026-09-27T17:00:00.000000+0000,2.2830687753740255,1.4000000000000001,,,false,,,
2026,3,2026-09-23T03:28:59.370802+0000,f23d4fa,offense,00-0041133,5159802,Dallen Bentley,TE,DEN,LA,2026-09-28T00:20:00.000000+0000,2.5652998471265707,4.0870036658306015,0.0,ACTIVE,false,,,
2026,3,2026-09-23T03:28:59.370802+0000,f23d4fa,offense,00-0041149,4428993,Haynes King,QB,CAR,CLE,2026-09-27T17:00:00.000000+0000,3.3631429630377596,13.149895931882691,0.0,ACTIVE,false,,,
2026,3,2026-09-23T03:28:59.370802+0000,f23d4fa,offense,00-0041194,5344782,Jack Strand,QB,ATL,GB,2026-09-25T00:15:00.000000+0000,6.345149311897252,-0.040000000000000036,0.0,ACTIVE,false,,,
2026,3,2026-09-23T03:28:59.370802+0000,f23d4fa,offense,00-0041251,4596472,Jalon Daniels,QB,TB,MIN,2026-09-27T20:05:00.000000+0000,3.163504982981391,13.149895931882691,0.0,ACTIVE,false,,,
2026,3,2026-09-23T03:28:59.370802+0000,f23d4fa,offense,00-0041314,,Tanner Arkin,TE,NE,JAX,2026-09-27T17:00:00.000000+0000,2.5335016970509128,4.0870036658306015,,,false,,,
2026,3,2026-09-23T03:28:59.370802+0000,f23d4fa,offense,00-0041326,5081999,CJ Donaldson,RB,NO,LV,2026-09-27T20:25:00.000000+0000,2.1068529711847637,0.7,,,false,,,
2026,3,2026-09-23T03:28:59.370802+0000,f23d4fa,offense,00-0041395,4831959,Eli Raridon,TE,NE,JAX,2026-09-27T17:00:00.000000+0000,3.2185106111843997,5.6,2.86,QUESTIONABLE,false,,,
2026,3,2026-09-23T03:28:59.370802+0000,f23d4fa,offense,00-0041397,5081338,Kaden Wetjen,WR,PIT,CIN,2026-09-27T17:00:00.000000+0000,1.1353523052461376,0.0,0.14,ACTIVE,false,,,
2026,3,2026-09-23T03:28:59.370802+0000,f23d4fa,offense,00-0041398,4693370,Riley Nowakowski,TE,PIT,CIN,2026-09-27T17:00:00.000000+0000,2.597503055877923,4.0870036658306015,0.0,ACTIVE,false,,,
2026,3,2026-09-23T03:28:59.370802+0000,f23d4fa,offense,00-0041399,4605951,CJ Daniels,WR,LA,DEN,2026-09-28T00:20:00.000000+0000,2.5598348039280445,6.375924685225839,0.0,ACTIVE,false,,,
2026,3,2026-09-23T03:28:59.370802+0000,f23d4fa,offense,00-0041436,,DJ Herman,RB,MIA,KC,2026-09-27T17:00:00.000000+0000,3.6317544789578236,2.8,,,false,,,
2026,3,2026-09-23T03:28:59.370802+0000,f23d4fa,offense,00-0041438,4871023,Carnell Tate,WR,TEN,NYG,2026-09-27T17:00:00.000000+0000,8.940144660207778,6.75,11.78,ACTIVE,false,,,
2026,3,2026-09-23T03:28:59.370802+0000,f23d4fa,offense,00-0041443,4683153,Skyler Bell,WR,BUF,LAC,2026-09-27T17:00:00.000000+0000,2.8616954612785612,6.375924685225839,0.0,ACTIVE,false,,,
2026,3,2026-09-23T03:28:59.370802+0000,f23d4fa,offense,00-0041472,4695705,Marlin Klein,TE,HOU,IND,2026-09-27T17:00:00.000000+0000,1.5383244827442846,1.3,0.54,ACTIVE,false,,,
2026,3,2026-09-23T03:28:59.370802+0000,f23d4fa,offense,00-0041489,4685261,Germie Bernard,WR,PIT,CIN,2026-09-27T17:00:00.000000+0000,4.628072365833713,3.75,2.09,ACTIVE,false,,,
2026,3,2026-09-23T03:28:59.370802+0000,f23d4fa,offense,00-0041490,5081508,Eli Heidenreich,RB,PIT,CIN,2026-09-27T17:00:00.000000+0000,1.1353523052461376,0.0,0.02,ACTIVE,false,,,
2026,3,2026-09-23T03:28:59.370802+0000,f23d4fa,offense,00-0041496,4702555,Jonah Coleman,RB,DEN,LA,2026-09-28T00:20:00.000000+0000,5.815515804552482,7.4,1.7,ACTIVE,false,,,
2026,3,2026-09-23T03:28:59.370802+0000,f23d4fa,offense,00-0041503,4686248,Nate Boerkircher,TE,JAX,NE,2026-09-27T17:00:00.000000+0000,2.0248427971980845,0.95,1.63,ACTIVE,false,,,
2026,3,2026-09-23T03:28:59.370802+0000,f23d4fa,offense,00-0041510,4833029,Max Klare,TE,LA,DEN,2026-09-28T00:20:00.000000+0000,2.536684606913784,4.0870036658306015,0.0,ACTIVE,false,,,
2026,3,2026-09-23T03:28:59.370802+0000,f23d4fa,offense,00-0041512,4685512,Jadarian Price,RB,SEA,WAS,2026-09-27T17:00:00.000000+0000,8.866690535584894,6.4,12.08,QUESTIONABLE,false,,,
2026,3,2026-09-23T03:28:59.370802+0000,f23d4fa,offense,00-0041523,4869645,Caleb Douglas,WR,MIA,KC,2026-09-27T17:00:00.000000+0000,9.198664205270962,9.15,8.75,QUESTIONABLE,false,,,
2026,3,2026-09-23T03:28:59.370802+0000,f23d4fa,offense,00-0041524,4880236,Will Kacmarek,TE,MIA,KC,2026-09-27T17:00:00.000000+0000,1.7282808990897904,0.7,1.84,ACTIVE,false,,,
2026,3,2026-09-23T03:28:59.370802+0000,f23d4fa,offense,00-0041525,4869961,Chris Bell,WR,MIA,KC,2026-09-27T17:00:00.000000+0000,2.679051565483031,1.75,5.75,ACTIVE,false,,,
2026,3,2026-09-23T03:28:59.370802+0000,f23d4fa,offense,00-0041529,4685307,Kevin Coleman Jr.,WR,MIA,KC,2026-09-27T17:00:00.000000+0000,1.6580729353994241,0.0,3.98,ACTIVE,false,,,
2026,3,2026-09-23T03:28:59.370802+0000,f23d4fa,offense,00-0041547,4870653,KC Concepcion,WR,CLE,CAR,2026-09-27T17:00:00.000000+0000,9.665545200005019,8.0,10.97,ACTIVE,false,,,
2026,3,2026-09-23T03:28:59.370802+0000,f23d4fa,offense,00-0041550,4685553,Brenen Thompson,WR,LAC,BUF,2026-09-27T17:00:00.000000+0000,2.1669022810070078,1.15,2.07,ACTIVE,false,,,
2026,3,2026-09-23T03:28:59.370802+0000,f23d4fa,offense,00-0041558,4685504,Sam Roush,TE,CHI,PHI,2026-09-29T00:15:00.000000+0000,2.2141849021125917,0.95,1.02,ACTIVE,false,,,
2026,3,2026-09-23T03:28:59.370802+0000,f23d4fa,offense,00-0041561,4430841,Carson Beck,QB,ARI,SF,2026-09-27T20:05:00.000000+0000,3.4719066253692197,13.149895931882691,0.0,ACTIVE,false,,,
2026,3,2026-09-23T03:28:59.370802+0000,f23d4fa,offense,00-0041562,4837248,Fernando Mendoza,QB,LV,NO,2026-09-27T20:25:00.000000+0000,3.131706832905733,13.149895931882691,0.0,ACTIVE,false,,,
2026,3,2026-09-23T03:28:59.370802+0000,f23d4fa,offense,00-0041565,4714771,Drew Allar,QB,PIT,CIN,2026-09-27T17:00:00.000000+0000,3.5037047754448776,13.149895931882691,0.0,ACTIVE,false,,,
2026,3,2026-09-23T03:28:59.370802+0000,f23d4fa,offense,00-0041568,4685522,Ty Simpson,QB,LA,DEN,2026-09-28T00:20:00.000000+0000,3.043197990820568,13.149895931882691,0.0,ACTIVE,false,,,
2026,3,2026-09-23T03:28:59.370802+0000,f23d4fa,offense,00-0041579,4714379,Seydou Traore,TE,MIA,KC,2026-09-27T17:00:00.000000+0000,2.574352858863662,4.0870036658306015,0.0,ACTIVE,false,,,
2026,3,2026-09-23T03:28:59.370802+0000,f23d4fa,k,00-0025565,10621,Nick Folk,K,ATL,GB,2026-09-25T00:15:00.000000+0000,8.603411926641115,6.4,7.87,ACTIVE,false,,,
2026,3,2026-09-23T03:28:59.370802+0000,f23d4fa,k,00-0031136,17372,Chris Boswell,K,PIT,CIN,2026-09-27T17:00:00.000000+0000,8.488389662344675,7.8,8.46,ACTIVE,false,,,
2026,3,2026-09-23T03:28:59.370802+0000,f23d4fa,k,00-0031203,17427,Cairo Santos,K,CHI,PHI,2026-09-29T00:15:00.000000+0000,9.311110199456476,7.6,7.91,ACTIVE,false,,,
2026,3,2026-09-23T03:28:59.370802+0000,f23d4fa,k,00-0031492,2473037,Jason Myers,K,SEA,WAS,2026-09-27T17:00:00.000000+0000,10.017515413471441,6.4,9.44,ACTIVE,false,,,
2026,3,2026-09-23T03:28:59.370802+0000,f23d4fa,k,00-0032569,2985659,Wil Lutz,K,DEN,LA,2026-09-28T00:20:00.000000+0000,9.490064308759585,8.8,8.03,ACTIVE,false,,,
2026,3,2026-09-23T03:28:59.370802+0000,f23d4fa,k,00-0032726,2971573,Ka'imi Fairbairn,K,HOU,IND,2026-09-27T17:00:00.000000+0000,9.62989483738432,13.4,9.28,ACTIVE,false,,,
2026,3,2026-09-23T03:28:59.370802+0000,f23d4fa,k,00-0033303,3055899,Harrison Butker,K,KC,MIA,2026-09-27T17:00:00.000000+0000,11.037418457450967,11.8,9.05,ACTIVE,false,,,
2026,3,2026-09-23T03:28:59.370802+0000,f23d4fa,k,00-0033787,3050478,Jake Elliott,K,PHI,CHI,2026-09-29T00:15:00.000000+0000,10.917291327121438,5.6,8.09,ACTIVE,false,,,
2026,3,2026-09-23T03:28:59.370802+0000,f23d4fa,k,00-0034161,3051909,Daniel Carlson,K,NO,LV,2026-09-27T20:25:00.000000+0000,8.595734987831447,8.6,8.84,ACTIVE,false,,,
2026,3,2026-09-23T03:28:59.370802+0000,f23d4fa,k,00-0034173,4034949,Eddy Pineiro,K,SF,ARI,2026-09-27T20:05:00.000000+0000,9.619464743839275,7.2,9.85,ACTIVE,false,,,
2026,3,2026-09-23T03:28:59.370802+0000,f23d4fa,k,00-0035192,3124084,Joey Slye,K,TEN,NYG,2026-09-27T17:00:00.000000+0000,8.906721682232144,7.4,7.16,ACTIVE,false,,,
2026,3,2026-09-23T03:28:59.370802+0000,f23d4fa,k,00-0035269,4249087,Matt Gay,K,LV,NO,2026-09-27T20:25:00.000000+0000,9.605010483403012,8.0,7.71,ACTIVE,false,,,
2026,3,2026-09-23T03:28:59.370802+0000,f23d4fa,k,00-0035358,3150744,Chase McLaughlin,K,TB,MIN,2026-09-27T20:05:00.000000+0000,8.747838238326038,10.2,8.4,ACTIVE,false,,,
2026,3,2026-09-23T03:28:59.370802+0000,f23d4fa,k,00-0036162,3917232,Tyler Bass,K,BUF,LAC,2026-09-27T17:00:00.000000+0000,8.8539796807809,7.8,8.64,ACTIVE,false,,,
2026,3,2026-09-23T03:28:59.370802+0000,f23d4fa,k,00-0036816,4243371,Riley Patterson,K,MIA,KC,2026-09-27T17:00:00.000000+0000,8.374824832665833,6.0,7.49,ACTIVE,false,,,
2026,3,2026-09-23T03:28:59.370802+0000,f23d4fa,k,00-0036854,4360234,Evan McPherson,K,CIN,PIT,2026-09-27T17:00:00.000000+0000,10.322898057929088,10.0,7.8,ACTIVE,false,,,
2026,3,2026-09-23T03:28:59.370802+0000,f23d4fa,k,00-0037224,4362081,Cameron Dicker,K,LAC,BUF,2026-09-27T17:00:00.000000+0000,9.725558896648375,3.8,9.1,ACTIVE,false,,,
2026,3,2026-09-23T03:28:59.370802+0000,f23d4fa,k,00-0037692,3953687,Brandon Aubrey,K,DAL,BAL,2026-09-27T20:25:00.000000+0000,10.09030464474351,8.8,9.72,ACTIVE,true,K,,
2026,3,2026-09-23T03:28:59.370802+0000,f23d4fa,k,00-0038428,4258620,Andre Szmyt,K,CLE,CAR,2026-09-27T17:00:00.000000+0000,9.48483130517233,8.8,7.8,ACTIVE,false,,,
2026,3,2026-09-23T03:28:59.370802+0000,f23d4fa,k,00-0038567,4363538,Chad Ryland,K,ARI,SF,2026-09-27T20:05:00.000000+0000,8.408903348862273,8.8,7.31,ACTIVE,false,,,
2026,3,2026-09-23T03:28:59.370802+0000,f23d4fa,k,00-0038905,4259619,Blake Grupe,K,NYJ,DET,2026-09-27T17:00:00.000000+0000,9.579400477136732,10.6,0.0,ACTIVE,false,,,
2026,3,2026-09-23T03:28:59.370802+0000,f23d4fa,k,00-0039172,4689936,Jake Bates,K,DET,NYJ,2026-09-27T17:00:00.000000+0000,9.23654171785967,7.6,8.79,ACTIVE,false,,,
2026,3,2026-09-23T03:28:59.370802+0000,f23d4fa,k,00-0039404,4567104,Will Reichard,K,MIN,TB,2026-09-27T20:05:00.000000+0000,9.40092792146536,11.0,8.22,ACTIVE,false,,,
2026,3,2026-09-23T03:28:59.370802+0000,f23d4fa,k,00-0039409,4686361,Cam Little,K,JAX,NE,2026-09-27T17:00:00.000000+0000,10.073276968358012,12.0,8.68,ACTIVE,false,,,
2026,3,2026-09-23T03:28:59.370802+0000,f23d4fa,k,00-0039498,4574716,Harrison Mevis,K,LA,DEN,2026-09-28T00:20:00.000000+0000,9.279733490532855,7.6,8.31,ACTIVE,false,,,
2026,3,2026-09-23T03:28:59.370802+0000,f23d4fa,k,00-0039576,4571557,Spencer Shrader,K,IND,HOU,2026-09-27T17:00:00.000000+0000,9.566614710603382,8.6,8.46,ACTIVE,false,,,
2026,3,2026-09-23T03:28:59.370802+0000,f23d4fa,k,00-0040074,4697745,Tyler Loop,K,BAL,DAL,2026-09-27T20:25:00.000000+0000,8.909262730761398,8.2,8.69,ACTIVE,false,,,
2026,3,2026-09-23T03:28:59.370802+0000,f23d4fa,k,00-0040200,4569923,Andy Borregales,K,NE,JAX,2026-09-27T17:00:00.000000+0000,8.988934226633047,7.6,7.36,ACTIVE,false,,,
2026,3,2026-09-23T03:28:59.370802+0000,f23d4fa,k,00-0040279,4568263,Ryan Fitzgerald,K,CAR,CLE,2026-09-27T17:00:00.000000+0000,10.933783960578852,7.2,7.69,ACTIVE,false,,,
2026,3,2026-09-23T03:28:59.370802+0000,f23d4fa,k,00-0040899,4869461,Trey Smack,K,GB,ATL,2026-09-25T00:15:00.000000+0000,10.274607358197528,10.5,9.21,ACTIVE,false,,,
2026,3,2026-09-23T03:28:59.370802+0000,f23d4fa,k,00-0041145,5082424,Dominic Zvada,K,NYG,TEN,2026-09-27T17:00:00.000000+0000,10.116503643347711,6.0,8.56,ACTIVE,false,,,
2026,3,2026-09-23T03:28:59.370802+0000,f23d4fa,k,00-0041182,5081335,Drew Stevens,K,WAS,SEA,2026-09-27T17:00:00.000000+0000,7.030634346236538,6.5,7.73,ACTIVE,false,,,
2026,3,2026-09-23T03:28:59.370802+0000,f23d4fa,dst,ARI,-16022,ARI D/ST,D/ST,ARI,SF,2026-09-27T20:05:00.000000+0000,2.2866970282308268,2.8,2.64,,false,,,
2026,3,2026-09-23T03:28:59.370802+0000,f23d4fa,dst,ATL,-16001,ATL D/ST,D/ST,ATL,GB,2026-09-25T00:15:00.000000+0000,3.9316506649832332,7.4,3.4,,false,,,
2026,3,2026-09-23T03:28:59.370802+0000,f23d4fa,dst,BAL,-16033,BAL D/ST,D/ST,BAL,DAL,2026-09-27T20:25:00.000000+0000,3.550307885091909,4.6,4.37,NORMAL,true,D/ST,,
2026,3,2026-09-23T03:28:59.370802+0000,f23d4fa,dst,BUF,-16002,BUF D/ST,D/ST,BUF,LAC,2026-09-27T17:00:00.000000+0000,5.921946388417255,6.0,5.77,,false,,,
2026,3,2026-09-23T03:28:59.370802+0000,f23d4fa,dst,CAR,-16029,CAR D/ST,D/ST,CAR,CLE,2026-09-27T17:00:00.000000+0000,10.334369092372462,7.6,7.15,,false,,,
2026,3,2026-09-23T03:28:59.370802+0000,f23d4fa,dst,CHI,-16003,CHI D/ST,D/ST,CHI,PHI,2026-09-29T00:15:00.000000+0000,4.898525019211077,3.4,4.28,,false,,,
2026,3,2026-09-23T03:28:59.370802+0000,f23d4fa,dst,CIN,-16004,CIN D/ST,D/ST,CIN,PIT,2026-09-27T17:00:00.000000+0000,8.350476458816456,10.4,6.46,,false,,,
2026,3,2026-09-23T03:28:59.370802+0000,f23d4fa,dst,CLE,-16005,CLE D/ST,D/ST,CLE,CAR,2026-09-27T17:00:00.000000+0000,5.490553045979067,7.0,5.52,,false,,,
2026,3,2026-09-23T03:28:59.370802+0000,f23d4fa,dst,DAL,-16006,DAL D/ST,D/ST,DAL,BAL,2026-09-27T20:25:00.000000+0000,2.9863561117922655,0.6,3.05,,false,,,
2026,3,2026-09-23T03:28:59.370802+0000,f23d4fa,dst,DEN,-16007,DEN D/ST,D/ST,DEN,LA,2026-09-28T00:20:00.000000+0000,1.9610212024149207,8.4,3.72,NORMAL,false,,,
2026,3,2026-09-23T03:28:59.370802+0000,f23d4fa,dst,DET,-16008,DET D/ST,D/ST,DET,NYJ,2026-09-27T17:00:00.000000+0000,6.816521721772926,3.0,6.77,,false,,,
2026,3,2026-09-23T03:28:59.370802+0000,f23d4fa,dst,GB,-16009,GB D/ST,D/ST,GB,ATL,2026-09-25T00:15:00.000000+0000,8.358032084485368,1.4,4.75,,false,,,
2026,3,2026-09-23T03:28:59.370802+0000,f23d4fa,dst,HOU,-16034,HOU D/ST,D/ST,HOU,IND,2026-09-27T17:00:00.000000+0000,6.3051056566872505,7.0,6.56,NORMAL,false,,,
2026,3,2026-09-23T03:28:59.370802+0000,f23d4fa,dst,IND,-16011,IND D/ST,D/ST,IND,HOU,2026-09-27T17:00:00.000000+0000,4.479205552342557,-1.8,4.47,,false,,,
2026,3,2026-09-23T03:28:59.370802+0000,f23d4fa,dst,JAX,-16030,JAX D/ST,D/ST,JAX,NE,2026-09-27T17:00:00.000000+0000,8.275305615130387,8.2,4.88,NORMAL,false,,,
2026,3,2026-09-23T03:28:59.370802+0000,f23d4fa,dst,KC,-16012,KC D/ST,D/ST,KC,MIA,2026-09-27T17:00:00.000000+0000,8.066401178121744,6.0,6.37,,false,,,
2026,3,2026-09-23T03:28:59.370802+0000,f23d4fa,dst,LA,-16014,LA D/ST,D/ST,LA,DEN,2026-09-28T00:20:00.000000+0000,6.624739066173569,6.8,5.37,NORMAL,false,,,
2026,3,2026-09-23T03:28:59.370802+0000,f23d4fa,dst,LAC,-16024,LAC D/ST,D/ST,LAC,BUF,2026-09-27T17:00:00.000000+0000,2.4580221096464707,4.0,2.64,NORMAL,false,,,
2026,3,2026-09-23T03:28:59.370802+0000,f23d4fa,dst,LV,-16013,LV D/ST,D/ST,LV,NO,2026-09-27T20:25:00.000000+0000,4.762589754074371,10.0,5.05,,false,,,
2026,3,2026-09-23T03:28:59.370802+0000,f23d4fa,dst,MIA,-16015,MIA D/ST,D/ST,MIA,KC,2026-09-27T17:00:00.000000+0000,0.21000471994029293,0.6,2.63,,false,,,
2026,3,2026-09-23T03:28:59.370802+0000,f23d4fa,dst,MIN,-16016,MIN D/ST,D/ST,MIN,TB,2026-09-27T20:05:00.000000+0000,6.843717022459448,13.4,6.57,,false,,,
2026,3,2026-09-23T03:28:59.370802+0000,f23d4fa,dst,NE,-16017,NE D/ST,D/ST,NE,JAX,2026-09-27T17:00:00.000000+0000,4.1325704303424065,10.4,5.01,,false,,,
2026,3,2026-09-23T03:28:59.370802+0000,f23d4fa,dst,NO,-16018,NO D/ST,D/ST,NO,LV,2026-09-27T20:25:00.000000+0000,6.224267495925226,9.6,6.68,,false,,,
2026,3,2026-09-23T03:28:59.370802+0000,f23d4fa,dst,NYG,-16019,NYG D/ST,D/ST,NYG,TEN,2026-09-27T17:00:00.000000+0000,8.330079477086565,9.2,6.72,,false,,,
2026,3,2026-09-23T03:28:59.370802+0000,f23d4fa,dst,NYJ,-16020,NYJ D/ST,D/ST,NYJ,DET,2026-09-27T17:00:00.000000+0000,3.346319309128388,1.4,3.73,,false,,,
2026,3,2026-09-23T03:28:59.370802+0000,f23d4fa,dst,PHI,-16021,PHI D/ST,D/ST,PHI,CHI,2026-09-29T00:15:00.000000+0000,8.808702054799232,6.6,5.36,NORMAL,false,,,
2026,3,2026-09-23T03:28:59.370802+0000,f23d4fa,dst,PIT,-16023,PIT D/ST,D/ST,PIT,CIN,2026-09-27T17:00:00.000000+0000,5.468411388918279,9.2,6.28,NORMAL,false,,,
2026,3,2026-09-23T03:28:59.370802+0000,f23d4fa,dst,SEA,-16026,SEA D/ST,D/ST,SEA,WAS,2026-09-27T17:00:00.000000+0000,6.305523186090649,8.8,7.49,NORMAL,false,,,
2026,3,2026-09-23T03:28:59.370802+0000,f23d4fa,dst,SF,-16025,SF D/ST,D/ST,SF,ARI,2026-09-27T20:05:00.000000+0000,7.391441117288397,6.0,7.47,NORMAL,false,,,
2026,3,2026-09-23T03:28:59.370802+0000,f23d4fa,dst,TB,-16027,TB D/ST,D/ST,TB,MIN,2026-09-27T20:05:00.000000+0000,6.568123713101821,5.8,5.44,NORMAL,false,,,
2026,3,2026-09-23T03:28:59.370802+0000,f23d4fa,dst,TEN,-16010,TEN D/ST,D/ST,TEN,NYG,2026-09-27T17:00:00.000000+0000,7.348060813695737,3.4,6.11,,false,,,
2026,3,2026-09-23T03:28:59.370802+0000,f23d4fa,dst,WAS,-16028,WAS D/ST,D/ST,WAS,SEA,2026-09-27T17:00:00.000000+0000,4.298346329825863,2.0,4.64,,false,,,
2026,3,2026-09-23T04:55:31.617834+0000,96db6b1,offense,00-0023459,8439,Aaron Rodgers,QB,PIT,CIN,2026-09-27T17:00:00.000000+0000,14.318349917308312,11.428,14.15,ACTIVE,false,,3.991781414190129,25.966837291922108
2026,3,2026-09-23T04:55:31.617834+0000,96db6b1,offense,00-0026158,11252,Joe Flacco,QB,CIN,PIT,2026-09-27T17:00:00.000000+0000,2.5350193250007895,4.200000000000001,0.0,ACTIVE,false,,-0.15690251395662308,13.114871303817
2026,3,2026-09-23T04:55:31.617834+0000,96db6b1,offense,00-0026498,12483,Matthew Stafford,QB,LA,DEN,2026-09-28T00:20:00.000000+0000,17.46181351738963,20.276,15.72,ACTIVE,false,,4.7213791370018585,30.35001137356898
2026,3,2026-09-23T04:55:31.617834+0000,96db6b1,offense,00-0027973,14012,Andy Dalton,QB,PHI,CHI,2026-09-29T00:15:00.000000+0000,3.5066044058092456,1.908,0.0,ACTIVE,false,,-0.18301735219662651,16.535407131687986
2026,3,2026-09-23T04:55:31.617834+0000,96db6b1,offense,00-0028118,14163,Tyrod Taylor,QB,GB,ATL,2026-09-25T00:15:00.000000+0000,8.196308729238078,10.224,0.0,ACTIVE,false,,0.9799943398904858,21.374995643697197
2026,3,2026-09-23T04:55:31.617834+0000,96db6b1,offense,00-0028986,15168,Case Keenum,QB,CHI,PHI,2026-09-29T00:15:00.000000+0000,5.740647034195887,4.87,0.0,ACTIVE,false,,0.19128589623767278,18.055514766006294
2026,3,2026-09-23T04:55:31.617834+0000,96db6b1,offense,00-0029604,14880,Kirk Cousins,QB,LV,NO,2026-09-27T20:25:00.000000+0000,14.745629933472783,13.988,13.0,ACTIVE,false,,4.269887234106647,26.72176137940799
2026,3,2026-09-23T04:55:31.617834+0000,96db6b1,offense,00-0029892,16002,Kyle Juszczyk,RB,SF,ARI,2026-09-27T20:05:00.000000+0000,2.5684827569894417,7.425130276711768,2.61,ACTIVE,false,,0.00020500647765667358,9.717396588142227
2026,3,2026-09-23T04:55:31.617834+0000,96db6b1,offense,00-0030279,15818,Keenan Allen,WR,IND,HOU,2026-09-27T17:00:00.000000+0000,8.104912733935986,6.6800000000000015,9.53,ACTIVE,false,,0.8611165130238488,17.838792113939327
2026,3,2026-09-23T04:55:31.617834+0000,96db6b1,offense,00-0030506,15847,Travis Kelce,TE,KC,MIA,2026-09-27T17:00:00.000000+0000,12.505746403210184,9.919999999999998,12.68,ACTIVE,true,BE,2.955939445278442,21.942588735284055
2026,3,2026-09-23T04:55:31.617834+0000,96db6b1,offense,00-0030565,15864,Geno Smith,QB,NYJ,DET,2026-09-27T17:00:00.000000+0000,13.47589504148519,11.02,15.07,ACTIVE,false,,2.8574718517490085,25.963960282038627
2026,3,2026-09-23T04:55:31.617834+0000,96db6b1,offense,00-0031235,16733,Odell Beckham Jr.,WR,NYG,TEN,2026-09-27T17:00:00.000000+0000,1.4304644583769022,0.6,0.58,ACTIVE,false,,-3.7134267077557646e-6,4.813722954648115
2026,3,2026-09-23T04:55:31.617834+0000,96db6b1,offense,00-0031381,16800,Davante Adams,WR,LA,DEN,2026-09-28T00:20:00.000000+0000,15.539930754969394,16.98,13.82,ACTIVE,false,,4.724445669873752,26.491030607546747
2026,3,2026-09-23T04:55:31.617834+0000,96db6b1,offense,00-0031408,16737,Mike Evans,WR,SF,ARI,2026-09-27T20:05:00.000000+0000,11.40833265138646,11.379999999999999,12.48,QUESTIONABLE,false,,2.280944765230185,21.36758959676438
2026,3,2026-09-23T04:55:31.617834+0000,96db6b1,offense,00-0031484,2531358,Chris Manhertz,TE,NYG,TEN,2026-09-27T17:00:00.000000+0000,1.1228847660720946,0.0,0.0,ACTIVE,false,,-0.0008119570823793129,3.299969066654445
2026,3,2026-09-23T04:55:31.617834+0000,96db6b1,offense,00-0031503,2969939,Jameis Winston,QB,NYG,TEN,2026-09-27T17:00:00.000000+0000,11.391233885850113,9.092,14.68,ACTIVE,false,,2.2265146289236655,23.673866558047642
2026,3,2026-09-23T04:55:31.617834+0000,96db6b1,offense,00-0031588,2976212,Stefon Diggs,WR,WAS,SEA,2026-09-27T17:00:00.000000+0000,12.228589735066237,17.880000000000003,10.83,ACTIVE,false,,3.3472077619503326,22.870052508231023
2026,3,2026-09-23T04:55:31.617834+0000,96db6b1,offense,00-0031595,2515270,Michael Burton,RB,CLE,CAR,2026-09-27T17:00:00.000000+0000,2.5884500441408314,7.425130276711768,0.62,ACTIVE,false,,0.0002589952239914435,9.886688152509402
2026,3,2026-09-23T04:55:31.617834+0000,96db6b1,offense,00-0031610,2576925,Darren Waller,TE,CAR,CLE,2026-09-27T17:00:00.000000+0000,6.403639676609638,11.34,5.56,ACTIVE,false,,1.0982880168506992,14.366723395331855
2026,3,2026-09-23T04:55:31.617834+0000,96db6b1,offense,00-0032104,2576336,Ameer Abdullah,RB,JAX,NE,2026-09-27T17:00:00.000000+0000,3.491227525194633,2.7600000000000002,1.85,ACTIVE,false,,-0.0005491742898556815,9.262920879058989
2026,3,2026-09-23T04:55:31.617834+0000,96db6b1,offense,00-0032268,2576980,Marcus Mariota,QB,WAS,SEA,2026-09-27T17:00:00.000000+0000,10.833792331180149,9.667999999999997,15.32,ACTIVE,false,,1.6611233160825942,21.749608476274815
2026,3,2026-09-23T04:55:31.617834+0000,96db6b1,offense,00-0032392,3043275,Austin Hooper,TE,ATL,GB,2026-09-25T00:15:00.000000+0000,2.735192419064402,3.999999999999999,1.56,ACTIVE,false,,-0.00036347627270864733,7.345987447721536
2026,3,2026-09-23T04:55:31.617834+0000,96db6b1,offense,00-0032398,2576581,Chris Moore,WR,BAL,DAL,2026-09-27T20:25:00.000000+0000,3.7616356134930635,2.08,5.54,ACTIVE,false,,-0.0005738275422634379,10.170660684183042
2026,3,2026-09-23T04:55:31.617834+0000,96db6b1,offense,00-0032464,2973405,Kalif Raymond,WR,CHI,PHI,2026-09-29T00:15:00.000000+0000,8.377388411169783,10.26,7.44,ACTIVE,false,,2.2450630317726565,18.192761456335848
2026,3,2026-09-23T04:55:31.617834+0000,96db6b1,offense,00-0032764,3043078,Derrick Henry,RB,BAL,DAL,2026-09-27T20:25:00.000000+0000,20.753648104244437,26.8,17.77,ACTIVE,false,,4.803031195235395,34.655462504803836
2026,3,2026-09-23T04:55:31.617834+0000,96db6b1,offense,00-0032775,3043116,Demarcus Robinson,WR,SF,ARI,2026-09-27T20:05:00.000000+0000,6.8126239098479315,8.02,0.0,OUT,false,,1.0469096331114953,16.708954812123586
2026,3,2026-09-23T04:55:31.617834+0000,96db6b1,offense,00-0032950,2573079,Carson Wentz,QB,MIN,TB,2026-09-27T20:05:00.000000+0000,13.413576811138347,11.872,0.0,ACTIVE,false,,2.3947219622700313,23.867030073404784
2026,3,2026-09-23T04:55:31.617834+0000,96db6b1,offense,00-0032951,3051889,Laquon Treadwell,WR,IND,HOU,2026-09-27T17:00:00.000000+0000,2.816970832394048,1.8200000000000003,6.27,ACTIVE,false,,0.00004452599670888497,7.686703197271529
2026,3,2026-09-23T04:55:31.617834+0000,96db6b1,offense,00-0033077,2577417,Dak Prescott,QB,DAL,BAL,2026-09-27T20:25:00.000000+0000,18.786547723225027,17.34,17.11,ACTIVE,false,,4.721403790254267,30.393500638465202
2026,3,2026-09-23T04:55:31.617834+0000,96db6b1,offense,00-0033090,3046439,Hunter Henry,TE,NE,JAX,2026-09-27T17:00:00.000000+0000,8.763508778560457,10.52,10.06,ACTIVE,false,,0.5446897764329609,17.806503802343272
2026,3,2026-09-23T04:55:31.617834+0000,96db6b1,offense,00-0033106,3046779,Jared Goff,QB,DET,NYJ,2026-09-27T17:00:00.000000+0000,20.54682792545136,18.0,16.62,ACTIVE,false,,4.721403790254267,33.120406462078286
2026,3,2026-09-23T04:55:31.617834+0000,96db6b1,offense,00-0033110,2573401,Tyler Higbee,TE,LA,DEN,2026-09-28T00:20:00.000000+0000,3.4262915707147767,6.180000000000001,1.06,ACTIVE,false,,0.04030125103098528,9.938177237276212
2026,3,2026-09-23T04:55:31.617834+0000,96db6b1,offense,00-0033119,2578570,Jacoby Brissett,QB,ARI,SF,2026-09-27T20:05:00.000000+0000,14.459310691814489,13.14,13.65,ACTIVE,false,,3.49246289337713,26.208931856216477
2026,3,2026-09-23T04:55:31.617834+0000,96db6b1,offense,00-0033217,2998565,Mo Alie-Cox,TE,IND,HOU,2026-09-27T17:00:00.000000+0000,1.7114542635807326,3.96,0.53,ACTIVE,false,,-0.00041850087110695483,4.45043703594568
2026,3,2026-09-23T04:55:31.617834+0000,96db6b1,offense,00-0033246,3052096,Johnny Mundt,TE,PHI,CHI,2026-09-29T00:15:00.000000+0000,2.043751897169472,1.08,3.91,ACTIVE,false,,0.00001972711606569506,6.118455100607424
2026,3,2026-09-23T04:55:31.617834+0000,96db6b1,offense,00-0033280,3117251,Christian McCaffrey,RB,SF,ARI,2026-09-27T20:05:00.000000+0000,21.016124948792097,21.76,20.9,ACTIVE,false,,4.803031195235395,32.21605581069453
2026,3,2026-09-23T04:55:31.617834+0000,96db6b1,offense,00-0033288,3040151,George Kittle,TE,SF,ARI,2026-09-27T20:05:00.000000+0000,11.087088490618996,15.280000000000001,12.67,ACTIVE,false,,2.402961788105817,20.71910298528615
2026,3,2026-09-23T04:55:31.617834+0000,96db6b1,offense,00-0033293,3042519,Aaron Jones,RB,MIN,TB,2026-09-27T20:05:00.000000+0000,11.283856021383684,11.320000000000002,13.65,ACTIVE,false,,2.609205731106861,21.573836180049774
2026,3,2026-09-23T04:55:31.617834+0000,96db6b1,offense,00-0033307,3045523,Kendrick Bourne,WR,ARI,SF,2026-09-27T20:05:00.000000+0000,6.523996223197349,5.5600000000000005,6.71,ACTIVE,false,,0.9204510908832343,13.394206287650395
2026,3,2026-09-23T04:55:31.617834+0000,96db6b1,offense,00-0033376,2975417,Patrick Ricard,RB,NYG,TEN,2026-09-27T17:00:00.000000+0000,1.094809834781231,0.36,0.43,ACTIVE,false,,-0.00048414681874311147,3.834166689844765
2026,3,2026-09-23T04:55:31.617834+0000,96db6b1,offense,00-0033526,3116389,Samaje Perine,RB,CIN,PIT,2026-09-27T17:00:00.000000+0000,5.938167082124928,7.960000000000001,4.63,ACTIVE,false,,0.3975286933300031,15.67392118336219
2026,3,2026-09-23T04:55:31.617834+0000,96db6b1,offense,00-0033537,3122840,Deshaun Watson,QB,CLE,CAR,2026-09-27T17:00:00.000000+0000,13.347379133540274,11.132,15.4,ACTIVE,false,,2.9908203356558896,23.752115343463515
2026,3,2026-09-23T04:55:31.617834+0000,96db6b1,offense,00-0033555,2991662,Mack Hollins,WR,NE,JAX,2026-09-27T17:00:00.000000+0000,8.533353619279172,8.040000000000001,8.79,ACTIVE,false,,0.45393078623213334,17.917031372582297
2026,3,2026-09-23T04:55:31.617834+0000,96db6b1,offense,00-0033576,2975863,Eric Saubert,TE,SEA,WAS,2026-09-27T17:00:00.000000+0000,1.2753113302308974,1.0,1.53,ACTIVE,false,,0.00006905769400242009,4.109433071817978
2026,3,2026-09-23T04:55:31.617834+0000,96db6b1,offense,00-0033662,2972515,Cooper Rush,QB,ATL,GB,2026-09-25T00:15:00.000000+0000,7.603963422474157,1.456,0.0,ACTIVE,false,,-0.18135737012365127,18.915577024164683
2026,3,2026-09-23T04:55:31.617834+0000,96db6b1,offense,00-0033757,2975674,Robert Tonyan,TE,PIT,CIN,2026-09-27T17:00:00.000000+0000,0.9027491797109776,0.0,0.0,ACTIVE,false,,-6.054345546892069e-12,0.9550662911046485
2026,3,2026-09-23T04:55:31.617834+0000,96db6b1,offense,00-0033858,3054212,Jonnu Smith,TE,GB,ATL,2026-09-25T00:15:00.000000+0000,3.480526545584619,3.78,3.38,ACTIVE,false,,-0.0012456090060005713,9.530153975567748
2026,3,2026-09-23T04:55:31.617834+0000,96db6b1,offense,00-0033869,3039707,Mitchell Trubisky,QB,TEN,NYG,2026-09-27T17:00:00.000000+0000,6.605349609916957,8.072,0.0,ACTIVE,false,,0.3636685698218343,18.213987500320147
2026,3,2026-09-23T04:55:31.617834+0000,96db6b1,offense,00-0033873,3139477,Patrick Mahomes,QB,KC,MIA,2026-09-27T17:00:00.000000+0000,21.334947546969996,19.888,19.63,ACTIVE,false,,4.721403790254267,34.42957479906366
2026,3,2026-09-23T04:55:31.617834+0000,96db6b1,offense,00-0033881,3051876,Evan Engram,TE,DEN,LA,2026-09-28T00:20:00.000000+0000,5.818097879160809,7.239999999999999,6.14,ACTIVE,false,,0.6973801139101458,12.495602700317095
2026,3,2026-09-23T04:55:31.617834+0000,96db6b1,offense,00-0033885,3123076,David Njoku,TE,LAC,BUF,2026-09-27T17:00:00.000000+0000,4.9743711298947355,4.4399999999999995,0.0,OUT,false,,0.08113654262072495,10.119094980767793
2026,3,2026-09-23T04:55:31.617834+0000,96db6b1,offense,00-0033906,3054850,Alvin Kamara,RB,NO,LV,2026-09-27T20:25:00.000000+0000,8.734005125122072,6.480000000000001,9.58,ACTIVE,false,,1.479883015393907,18.34174477759756
2026,3,2026-09-23T04:55:31.617834+0000,96db6b1,offense,00-0033908,2977187,Cooper Kupp,WR,SEA,WAS,2026-09-27T17:00:00.000000+0000,5.486309112590157,4.58,5.87,ACTIVE,false,,0.3559017585686247,12.615273738449025
2026,3,2026-09-23T04:55:31.617834+0000,96db6b1,offense,00-0033921,3116165,Chris Godwin Jr.,WR,TB,MIN,2026-09-27T20:05:00.000000+0000,8.230338145095798,10.14,8.8,ACTIVE,false,,1.1003111249380044,16.697139589998386
2026,3,2026-09-23T04:55:31.617834+0000,96db6b1,offense,00-0033949,3044720,Joshua Dobbs,QB,DET,NYJ,2026-09-27T17:00:00.000000+0000,2.6011899928949203,4.968,0.0,ACTIVE,false,,-0.15690251395662308,12.422969838713712
2026,3,2026-09-23T04:55:31.617834+0000,96db6b1,offense,00-0034270,3915486,Tyler Conklin,TE,DET,NYJ,2026-09-27T17:00:00.000000+0000,0.9059320895738484,0.76,0.0,ACTIVE,false,,1.8321112311090449e-6,1.6357672231389846
2026,3,2026-09-23T04:55:31.617834+0000,96db6b1,offense,00-0034348,3128429,Courtland Sutton,WR,DEN,LA,2026-09-28T00:20:00.000000+0000,8.809164192054627,7.74,10.92,ACTIVE,true,BE,0.8114154397022154,19.113651170301505
2026,3,2026-09-23T04:55:31.617834+0000,96db6b1,offense,00-0034351,3121023,Dallas Goedert,TE,PHI,CHI,2026-09-29T00:15:00.000000+0000,9.83100987294825,14.420000000000002,0.0,DOUBTFUL,false,,1.497546333729454,17.70354464078485
2026,3,2026-09-23T04:55:31.617834+0000,96db6b1,offense,00-0034365,4045305,Ian Thomas,TE,LV,NO,2026-09-27T20:25:00.000000+0000,1.4330679858589388,1.1600000000000001,0.55,ACTIVE,false,,-1.3374696608972626e-6,3.793793072265184
2026,3,2026-09-23T04:55:31.617834+0000,96db6b1,offense,00-0034383,3117256,Dalton Schultz,TE,HOU,IND,2026-09-27T17:00:00.000000+0000,12.332181385369237,12.84,9.53,ACTIVE,false,,3.7079956833461702,22.047121181312324
2026,3,2026-09-23T04:55:31.617834+0000,96db6b1,offense,00-0034419,3123075,Braxton Berrios,WR,NYG,TEN,2026-09-27T17:00:00.000000+0000,1.200534840260128,1.7600000000000002,0.57,ACTIVE,false,,-4.9082538048216785e-6,4.204717055771846
2026,3,2026-09-23T04:55:31.617834+0000,96db6b1,offense,00-0034577,3115293,Kyle Allen,QB,BUF,LAC,2026-09-27T17:00:00.000000+0000,1.87856159770576,0.05199999999999998,0.0,ACTIVE,false,,-0.13266533543317977,8.585645747220283
2026,3,2026-09-23T04:55:31.617834+0000,96db6b1,offense,00-0034753,3116365,Mark Andrews,TE,BAL,DAL,2026-09-27T20:25:00.000000+0000,8.683475504918162,6.880000000000001,10.21,ACTIVE,false,,1.5689372426014392,17.673462894538787
2026,3,2026-09-23T04:55:31.617834+0000,96db6b1,offense,00-0034771,3116407,Mason Rudolph,QB,PIT,CIN,2026-09-27T17:00:00.000000+0000,4.824537842934935,2.964,0.0,ACTIVE,false,,-0.18135334215701848,15.527851878573312
2026,3,2026-09-23T04:55:31.617834+0000,96db6b1,offense,00-0034796,3916387,Lamar Jackson,QB,BAL,DAL,2026-09-27T20:25:00.000000+0000,17.84205471302903,15.904,21.07,ACTIVE,false,,4.094188683297918,30.057995585105704
2026,3,2026-09-23T04:55:31.617834+0000,96db6b1,offense,00-0034798,3052897,Durham Smythe,TE,BAL,DAL,2026-09-27T20:25:00.000000+0000,1.8100572402364923,0.7,1.97,ACTIVE,false,,-8.48774921459741e-6,5.623168175873822
2026,3,2026-09-23T04:55:31.617834+0000,96db6b1,offense,00-0034827,3915416,DJ Moore,WR,BUF,LAC,2026-09-27T17:00:00.000000+0000,9.674471998664973,9.319999999999999,12.56,QUESTIONABLE,false,,1.232598458457858,19.62445133395808
2026,3,2026-09-23T04:55:31.617834+0000,96db6b1,offense,00-0034829,3116164,Mike Gesicki,TE,CIN,PIT,2026-09-27T17:00:00.000000+0000,6.5772692382206035,8.260000000000002,6.63,ACTIVE,false,,1.232598458457858,14.626346219356874
2026,3,2026-09-23T04:55:31.617834+0000,96db6b1,offense,00-0034837,3925357,Calvin Ridley,WR,TEN,NYG,2026-09-27T17:00:00.000000+0000,3.6059508259710347,5.74,6.38,ACTIVE,false,,-0.0004176967486258408,9.900795427172197
2026,3,2026-09-23T04:55:31.617834+0000,96db6b1,offense,00-0034844,3929630,Saquon Barkley,RB,PHI,CHI,2026-09-29T00:15:00.000000+0000,11.898373569931245,11.440000000000001,17.37,QUESTIONABLE,false,,1.3391534718816063,22.34344475527263
2026,3,2026-09-23T04:55:31.617834+0000,96db6b1,offense,00-0034854,3047876,KhaDarel Hodge,WR,SF,ARI,2026-09-27T20:05:00.000000+0000,1.2982048269869526,0.5599999999999999,,,false,,-0.00003655866391153052,4.314076400641234
2026,3,2026-09-23T04:55:31.617834+0000,96db6b1,offense,00-0034855,3052587,Baker Mayfield,QB,TB,MIN,2026-09-27T20:05:00.000000+0000,15.795802823120775,13.436000000000002,15.6,ACTIVE,false,,4.250490022641157,28.303003586174427
2026,3,2026-09-23T04:55:31.617834+0000,96db6b1,offense,00-0034857,3918298,Josh Allen,QB,BUF,LAC,2026-09-27T17:00:00.000000+0000,22.307388335360272,21.312,23.56,ACTIVE,true,QB,4.742031195235395,34.550510507204585
2026,3,2026-09-23T04:55:31.617834+0000,96db6b1,offense,00-0034869,3912547,Sam Darnold,QB,SEA,WAS,2026-09-27T17:00:00.000000+0000,7.973105142568646,9.251999999999999,15.82,QUESTIONABLE,false,,0.4907799841522446,21.37230979019944
2026,3,2026-09-23T04:55:31.617834+0000,96db6b1,offense,00-0034959,3125107,Andrew Beck,RB,NYJ,DET,2026-09-27T17:00:00.000000+0000,2.5566518940651735,7.425130276711768,0.0,ACTIVE,false,,0.00001825583428456212,9.380993666503604
2026,3,2026-09-23T04:55:31.617834+0000,96db6b1,offense,00-0034960,3916433,Jakobi Meyers,WR,JAX,NE,2026-09-27T17:00:00.000000+0000,9.052835659300431,8.38,9.29,ACTIVE,true,BE,0.9266774762458346,17.81604386719242
2026,3,2026-09-23T04:55:31.617834+0000,96db6b1,offense,00-0034975,4038441,Justice Hill,RB,BAL,DAL,2026-09-27T20:25:00.000000+0000,4.090990201830922,3.8800000000000017,6.65,ACTIVE,false,,-0.0012209557535928148,10.829734612983035
2026,3,2026-09-23T04:55:31.617834+0000,96db6b1,offense,00-0034981,3843945,Foster Moreau,TE,HOU,IND,2026-09-27T17:00:00.000000+0000,2.6810914623161293,2.6,2.32,ACTIVE,false,,0.04503953784918049,6.234229470980987
2026,3,2026-09-23T04:55:31.617834+0000,96db6b1,offense,00-0035021,4061956,Ashton Dulin,WR,IND,HOU,2026-09-27T17:00:00.000000+0000,1.1259841765983039,1.6000000000000003,1.72,QUESTIONABLE,false,,-0.0004503718377257223,4.6672608468442185
2026,3,2026-09-23T04:55:31.617834+0000,96db6b1,offense,00-0035125,3917668,Alec Ingold,RB,LAC,BUF,2026-09-27T17:00:00.000000+0000,2.5566518940651735,7.425130276711768,1.03,ACTIVE,false,,0.00023845818378365993,9.929004705272696
2026,3,2026-09-23T04:55:31.617834+0000,96db6b1,offense,00-0035208,3917914,Olamide Zaccheaus,WR,ATL,GB,2026-09-25T00:15:00.000000+0000,2.420131145934237,1.6200000000000003,3.92,ACTIVE,false,,-0.0005026834982686003,8.469939721475619
2026,3,2026-09-23T04:55:31.617834+0000,96db6b1,offense,00-0035228,3917315,Kyler Murray,QB,MIN,TB,2026-09-27T20:05:00.000000+0000,11.903893963949274,11.816,17.33,ACTIVE,false,,1.5992012280865382,23.73758049969121
2026,3,2026-09-23T04:55:31.617834+0000,96db6b1,offense,00-0035229,4036133,T.J. Hockenson,TE,MIN,TB,2026-09-27T20:05:00.000000+0000,7.447088750330231,8.1,9.18,ACTIVE,false,,1.1637741854956838,15.512383110733479
2026,3,2026-09-23T04:55:31.617834+0000,96db6b1,offense,00-0035249,3921690,Josh Oliver,TE,MIN,TB,2026-09-27T20:05:00.000000+0000,4.048115118771974,3.6399999999999997,3.32,ACTIVE,false,,-0.0012456090060005713,8.82142231388256
2026,3,2026-09-23T04:55:31.617834+0000,96db6b1,offense,00-0035250,4040761,Devin Singletary,RB,NYG,TEN,2026-09-27T17:00:00.000000+0000,7.919858022513952,9.58,5.19,ACTIVE,false,,0.5810010011250533,17.317653906775305
2026,3,2026-09-23T04:55:31.617834+0000,96db6b1,offense,00-0035261,3916148,Tony Pollard,RB,TEN,NYG,2026-09-27T17:00:00.000000+0000,9.437997864470045,8.62,10.54,ACTIVE,false,,1.1747061129873888,18.524192889987862
2026,3,2026-09-23T04:55:31.617834+0000,96db6b1,offense,00-0035264,3892775,Jarrett Stidham,QB,DEN,LA,2026-09-28T00:20:00.000000+0000,2.246961799449674,2.696,0.0,ACTIVE,false,,-0.15535356337545808,10.644615479862136
2026,3,2026-09-23T04:55:31.617834+0000,96db6b1,offense,00-0035289,4038524,Gardner Minshew,QB,ARI,SF,2026-09-27T20:05:00.000000+0000,2.47192582430968,2.2760000000000002,0.0,ACTIVE,false,,-0.15690251395662308,12.470495296015383
2026,3,2026-09-23T04:55:31.617834+0000,96db6b1,offense,00-0035406,4039057,Lil'Jordan Humphrey,WR,DEN,LA,2026-09-28T00:20:00.000000+0000,2.3765237879583676,3.88,0.0,ACTIVE,false,,-0.0013016015395619256,7.686418106285302
2026,3,2026-09-23T04:55:31.617834+0000,96db6b1,offense,00-0035537,3915411,Ty Johnson,RB,BUF,LAC,2026-09-27T17:00:00.000000+0000,7.306612767464263,9.34,5.26,QUESTIONABLE,false,,1.0601124729889109,17.20838803447131
2026,3,2026-09-23T04:55:31.617834+0000,96db6b1,offense,00-0035544,3126997,Tom Kennedy,WR,DET,NYJ,2026-09-27T17:00:00.000000+0000,0.9177437175722989,0.0,0.11,ACTIVE,false,,-1.4604444178958769e-8,2.117352390171313
2026,3,2026-09-23T04:55:31.617834+0000,96db6b1,offense,00-0035589,3916071,Gary Jennings,WR,LAC,BUF,2026-09-27T17:00:00.000000+0000,2.75797792300149,6.375924685225839,,,false,,0.0001783196844399935,9.585753669168026
2026,3,2026-09-23T04:55:31.617834+0000,96db6b1,offense,00-0035631,3127310,Drew Sample,TE,CIN,PIT,2026-09-27T17:00:00.000000+0000,3.8804775964603895,3.3,2.73,ACTIVE,false,,-0.0005738275422634379,8.465186638777434
2026,3,2026-09-23T04:55:31.617834+0000,96db6b1,offense,00-0035640,4047650,DK Metcalf,WR,PIT,CIN,2026-09-27T17:00:00.000000+0000,12.549824731452768,11.84,11.34,ACTIVE,false,,3.281114020329782,23.90094065243439
2026,3,2026-09-23T04:55:31.617834+0000,96db6b1,offense,00-0035644,4036131,Noah Fant,TE,NO,LV,2026-09-27T20:25:00.000000+0000,5.021394106851629,2.56,3.26,ACTIVE,false,,0.08113654262072495,10.410369579514175
2026,3,2026-09-23T04:55:31.617834+0000,96db6b1,offense,00-0035659,3121422,Terry McLaurin,WR,WAS,SEA,2026-09-27T17:00:00.000000+0000,10.137200767337557,7.94,11.89,ACTIVE,false,,1.494110200549222,19.72200837142126
2026,3,2026-09-23T04:55:31.617834+0000,96db6b1,offense,00-0035662,4241372,Marquise Brown,WR,PHI,CHI,2026-09-29T00:15:00.000000+0000,4.212363710702927,4.4,0.73,ACTIVE,false,,-0.000028308780308470705,11.421937966985327
2026,3,2026-09-23T04:55:31.617834+0000,96db6b1,offense,00-0035685,4035538,David Montgomery,RB,HOU,IND,2026-09-27T17:00:00.000000+0000,12.057885069893548,9.439999999999998,11.91,ACTIVE,false,,3.2520451694097603,21.54256820810909
2026,3,2026-09-23T04:55:31.617834+0000,96db6b1,offense,00-0035689,3930086,Dawson Knox,TE,BUF,LAC,2026-09-27T17:00:00.000000+0000,5.449856985900784,6.12,4.03,ACTIVE,false,,0.08535667250297008,11.228163041951861
2026,3,2026-09-23T04:55:31.617834+0000,96db6b1,offense,00-0035704,3924327,Drew Lock,QB,SEA,WAS,2026-09-27T17:00:00.000000+0000,10.196976529476409,6.756,0.0,ACTIVE,false,,2.043442687518668,23.16650219844704
2026,3,2026-09-23T04:55:31.617834+0000,96db6b1,offense,00-0035710,3917792,Daniel Jones,QB,IND,HOU,2026-09-27T17:00:00.000000+0000,12.019982082269143,10.844,13.99,ACTIVE,false,,2.045354001250139,24.680328469427653
2026,3,2026-09-23T04:55:31.617834+0000,96db6b1,offense,00-0035719,3126486,Deebo Samuel Sr.,WR,SF,ARI,2026-09-27T20:05:00.000000+0000,11.077703138819665,9.280000000000001,12.33,ACTIVE,true,RB/WR/TE,2.1805843896566945,21.773372548372723
2026,3,2026-09-23T04:55:31.617834+0000,96db6b1,offense,00-0035993,4035671,Tyler Huntley,QB,BAL,DAL,2026-09-27T20:25:00.000000+0000,7.022599990644113,8.028,0.0,ACTIVE,false,,0.22715904304150758,18.33700769425006
2026,3,2026-09-23T04:55:31.617834+0000,96db6b1,offense,00-0036040,3929645,Juwan Johnson,TE,NO,LV,2026-09-27T20:25:00.000000+0000,10.96756503713909,12.5,9.18,ACTIVE,false,,2.1454940369824254,19.553226919087887
2026,3,2026-09-23T04:55:31.617834+0000,96db6b1,offense,00-0036139,4038815,Rico Dowdle,RB,PIT,CIN,2026-09-27T17:00:00.000000+0000,8.302858621867813,6.220000000000001,10.38,QUESTIONABLE,false,,0.6976538214387579,16.580918954608673
2026,3,2026-09-23T04:55:31.617834+0000,96db6b1,offense,00-0036158,4241985,J.K. Dobbins,RB,DEN,LA,2026-09-28T00:20:00.000000+0000,9.141734455407795,7.5200000000000005,10.64,QUESTIONABLE,false,,1.1297061129873889,17.90890406241621
2026,3,2026-09-23T04:55:31.617834+0000,96db6b1,offense,00-0036187,4039505,Reggie Gilliam,RB,NE,JAX,2026-09-27T17:00:00.000000+0000,1.8131594552610124,1.0,0.47,ACTIVE,false,,-0.0006632119823968087,5.6733597102523925
2026,3,2026-09-23T04:55:31.617834+0000,96db6b1,offense,00-0036212,4241479,Tua Tagovailoa,QB,ATL,GB,2026-09-25T00:15:00.000000+0000,8.043669041336091,9.528,0.0,ACTIVE,false,,0.9529436826025526,22.299408111814074
2026,3,2026-09-23T04:55:31.617834+0000,96db6b1,offense,00-0036223,4242335,Jonathan Taylor,RB,IND,HOU,2026-09-27T17:00:00.000000+0000,17.17220209719642,18.9,20.61,ACTIVE,true,RB,4.803031195235395,31.139205494204596
2026,3,2026-09-23T04:55:31.617834+0000,96db6b1,offense,00-0036244,4242557,Colby Parkinson,TE,LA,DEN,2026-09-28T00:20:00.000000+0000,8.271205074208183,8.020000000000001,4.12,ACTIVE,false,,0.3525040400775954,16.707024246768608
2026,3,2026-09-23T04:55:31.617834+0000,96db6b1,offense,00-0036252,4035687,Michael Pittman,WR,PIT,CIN,2026-09-27T17:00:00.000000+0000,7.362887752920484,5.66,11.38,QUESTIONABLE,false,,1.0090814972950979,16.641631103753117
2026,3,2026-09-23T04:55:31.617834+0000,96db6b1,offense,00-0036259,3886598,Jauan Jennings,WR,MIN,TB,2026-09-27T20:05:00.000000+0000,6.95289504283988,11.3,6.15,QUESTIONABLE,false,,0.40537943424974077,16.387075718473177
2026,3,2026-09-23T04:55:31.617834+0000,96db6b1,offense,00-0036264,4036378,Jordan Love,QB,GB,ATL,2026-09-25T00:15:00.000000+0000,15.226838304500221,14.052000000000001,17.29,ACTIVE,false,,4.341556935110158,27.18475107313068
2026,3,2026-09-23T04:55:31.617834+0000,96db6b1,offense,00-0036265,4239934,AJ Dillon,RB,CAR,CLE,2026-09-27T17:00:00.000000+0000,2.052588815470855,1.4,5.67,ACTIVE,false,,0.00004197288343791051,6.62067119851137
2026,3,2026-09-23T04:55:31.617834+0000,96db6b1,offense,00-0036275,4259545,D'Andre Swift,RB,CHI,PHI,2026-09-29T00:15:00.000000+0000,14.878786434719068,16.4,12.68,ACTIVE,false,,4.5399022629976535,26.546447171517098
2026,3,2026-09-23T04:55:31.617834+0000,96db6b1,offense,00-0036290,4258595,Cole Kmet,TE,CHI,PHI,2026-09-29T00:15:00.000000+0000,5.7452238488142795,4.82,3.7,ACTIVE,false,,0.04375439099399942,11.50187216830851
2026,3,2026-09-23T04:55:31.617834+0000,96db6b1,offense,00-0036309,4040655,Darnell Mooney,WR,NYG,TEN,2026-09-27T17:00:00.000000+0000,6.656597350485427,5.28,4.95,ACTIVE,false,,0.3975040400775954,14.82471701551239
2026,3,2026-09-23T04:55:31.617834+0000,96db6b1,offense,00-0036322,4262921,Justin Jefferson,WR,MIN,TB,2026-09-27T20:05:00.000000+0000,14.713933032597398,15.919999999999998,18.26,ACTIVE,false,,4.307680236030934,26.511091896892008
2026,3,2026-09-23T04:55:31.617834+0000,96db6b1,offense,00-0036331,4039050,Devin Duvernay,WR,ARI,SF,2026-09-27T20:05:00.000000+0000,0.8591878272093879,-1.7763568394002506e-16,0.12,ACTIVE,false,,-0.0009287508347416512,2.4745819241114946
2026,3,2026-09-23T04:55:31.617834+0000,96db6b1,offense,00-0036355,4038941,Justin Herbert,QB,LAC,BUF,2026-09-27T17:00:00.000000+0000,15.956531776689136,15.376,17.26,ACTIVE,false,,3.990537900082084,29.011149495615108
2026,3,2026-09-23T04:55:31.617834+0000,96db6b1,offense,00-0036358,4241389,CeeDee Lamb,WR,DAL,BAL,2026-09-27T20:25:00.000000+0000,16.007417373472112,14.560000000000002,17.32,ACTIVE,true,WR,3.976015993371562,26.53276950358349
2026,3,2026-09-23T04:55:31.617834+0000,96db6b1,offense,00-0036389,4040715,Jalen Hurts,QB,PHI,CHI,2026-09-29T00:15:00.000000+0000,18.32484803924667,18.416000000000004,19.8,ACTIVE,false,,4.742031195235395,31.289895295875446
2026,3,2026-09-23T04:55:31.617834+0000,96db6b1,offense,00-0036407,4241463,Jerry Jeudy,WR,CLE,CAR,2026-09-27T17:00:00.000000+0000,5.5467513019907635,4.68,5.71,ACTIVE,false,,0.31090175856862473,14.440059322900602
2026,3,2026-09-23T04:55:31.617834+0000,96db6b1,offense,00-0036410,4239993,Tee Higgins,WR,CIN,PIT,2026-09-27T17:00:00.000000+0000,12.390726318016322,13.26,12.74,ACTIVE,false,,3.5147272961842138,23.273501939578622
2026,3,2026-09-23T04:55:31.617834+0000,96db6b1,offense,00-0036422,3911853,Adam Trautman,TE,DEN,LA,2026-09-28T00:20:00.000000+0000,2.4464237788582386,2.1599999999999993,2.25,ACTIVE,false,,-0.00001584998650166514,6.3466243876892765
2026,3,2026-09-23T04:55:31.617834+0000,96db6b1,offense,00-0036425,4240631,DeeJay Dallas,RB,MIN,TB,2026-09-27T20:05:00.000000+0000,1.9700724405318646,1.24,3.94,ACTIVE,false,,0.00001791616100045784,5.9311676666343445
2026,3,2026-09-23T04:55:31.617834+0000,96db6b1,offense,00-0036429,4035020,Charlie Woerner,TE,ATL,GB,2026-09-25T00:15:00.000000+0000,1.1330459033780773,0.26,0.97,ACTIVE,false,,5.6005512021175606e-6,2.951710904876849
2026,3,2026-09-23T04:55:31.617834+0000,96db6b1,offense,00-0036442,3915511,Joe Burrow,QB,CIN,PIT,2026-09-27T17:00:00.000000+0000,17.10230722165805,20.168,16.42,ACTIVE,false,,4.721403790254267,29.04259184419871
2026,3,2026-09-23T04:55:31.617834+0000,96db6b1,offense,00-0036463,4369886,Chris Blair,WR,ATL,GB,2026-09-25T00:15:00.000000+0000,1.5151366053471758,0.32,1.46,ACTIVE,false,,-0.000039205422578379625,5.783249817225174
2026,3,2026-09-23T04:55:31.617834+0000,96db6b1,offense,00-0036550,4360939,Rashod Bateman,WR,BAL,DAL,2026-09-27T20:25:00.000000+0000,7.739280211785746,5.5600000000000005,7.62,ACTIVE,true,RB/WR/TE,1.129690879179456,17.39720918018294
2026,3,2026-09-23T04:55:31.617834+0000,96db6b1,offense,00-0036554,4258173,Nico Collins,WR,HOU,IND,2026-09-27T17:00:00.000000+0000,14.366137190381426,15.88,15.79,QUESTIONABLE,false,,4.3416837073699615,25.43033041547659
2026,3,2026-09-23T04:55:31.617834+0000,96db6b1,offense,00-0036555,4241416,Chuba Hubbard,RB,CAR,CLE,2026-09-27T17:00:00.000000+0000,12.51357764107629,9.8,14.43,ACTIVE,false,,3.0477573183405116,23.106007763673247
2026,3,2026-09-23T04:55:31.617834+0000,96db6b1,offense,00-0036556,4362504,Brevin Jordan,TE,HOU,IND,2026-09-27T17:00:00.000000+0000,1.879827872042213,3.46,0.0,ACTIVE,false,,-0.00035221701322651926,5.259030522610809
2026,3,2026-09-23T04:55:31.617834+0000,96db6b1,offense,00-0036590,4244049,Quintin Morris,TE,JAX,NE,2026-09-27T17:00:00.000000+0000,2.1274878274277618,2.1399999999999997,1.64,ACTIVE,false,,-0.00001150206524341237,5.649121150396533
2026,3,2026-09-23T04:55:31.617834+0000,96db6b1,offense,00-0036613,4372016,Jaylen Waddle,WR,DEN,LA,2026-09-28T00:20:00.000000+0000,10.670497076041602,8.1,13.08,ACTIVE,false,,1.7129249971117577,19.853383038333256
2026,3,2026-09-23T04:55:31.617834+0000,96db6b1,offense,00-0036626,4361577,Dyami Brown,WR,WAS,SEA,2026-09-27T17:00:00.000000+0000,4.87491300544204,0.86,5.91,ACTIVE,false,,0.09539587570421754,12.997322933387741
2026,3,2026-09-23T04:55:31.617834+0000,96db6b1,offense,00-0036628,4048228,John Bates,TE,WAS,SEA,2026-09-27T17:00:00.000000+0000,3.346743612958846,2.5200000000000005,1.47,ACTIVE,false,,-0.0005738275422634379,8.065006941119464
2026,3,2026-09-23T04:55:31.617834+0000,96db6b1,offense,00-0036630,4241424,Tylan Wallace,WR,CLE,CAR,2026-09-27T17:00:00.000000+0000,1.102812527108971,0.0,0.5,ACTIVE,false,,1.0413618038074392e-7,3.4932546023587436
2026,3,2026-09-23T04:55:31.617834+0000,96db6b1,offense,00-0036637,4240472,Noah Gray,TE,KC,MIA,2026-09-27T17:00:00.000000+0000,3.0684904822843735,1.7399999999999998,2.64,ACTIVE,false,,-0.0005716783110491278,8.367666305705516
2026,3,2026-09-23T04:55:31.617834+0000,96db6b1,offense,00-0036646,4360739,Simi Fehoko,WR,ARI,SF,2026-09-27T20:05:00.000000+0000,0.8709994552078384,0.0,,,false,,-0.0020140835367584986,2.718217409543211
2026,3,2026-09-23T04:55:31.617834+0000,96db6b1,offense,00-0036754,4242392,Brock Wright,TE,DET,NYJ,2026-09-27T17:00:00.000000+0000,3.0352428020356914,2.04,1.63,ACTIVE,false,,-0.0004182921749316167,7.708104588857318
2026,3,2026-09-23T04:55:31.617834+0000,96db6b1,offense,00-0036825,4034948,Feleipe Franks,TE,CAR,CLE,2026-09-27T17:00:00.000000+0000,0.8741823650707092,0.0,0.0,ACTIVE,false,,-6.054345546892069e-12,1.436127966551516
2026,3,2026-09-23T04:55:31.617834+0000,96db6b1,offense,00-0036842,4035537,Kene Nwangwu,RB,NYJ,DET,2026-09-27T17:00:00.000000+0000,2.1706923546727985,0.9800000000000001,0.07,QUESTIONABLE,false,,-0.003087596901206702,7.302591294525093
2026,3,2026-09-23T04:55:31.617834+0000,96db6b1,offense,00-0036849,4360797,Tutu Atwell,WR,LA,DEN,2026-09-28T00:20:00.000000+0000,3.084833551650822,1.5400000000000003,0.0,ACTIVE,false,,-0.0013044235540992915,8.652370888295989
2026,3,2026-09-23T04:55:31.617834+0000,96db6b1,offense,00-0036862,4035656,Ben Skowronek,WR,PIT,CIN,2026-09-27T17:00:00.000000+0000,1.2236214340323484,0.7,0.0,ACTIVE,false,,2.0408074064471538e-6,4.425626570464898
2026,3,2026-09-23T04:55:31.617834+0000,96db6b1,offense,00-0036875,4569173,Rhamondre Stevenson,RB,NE,JAX,2026-09-27T17:00:00.000000+0000,11.546794322062311,19.68,12.05,ACTIVE,false,,2.624578986004866,22.653999883441724
2026,3,2026-09-23T04:55:31.617834+0000,96db6b1,offense,00-0036876,4039160,Kylen Granson,TE,TEN,NYG,2026-09-27T17:00:00.000000+0000,1.5164624789684071,1.4,0.0,ACTIVE,false,,-0.0004264614569446027,3.7472054065062794
2026,3,2026-09-23T04:55:31.617834+0000,96db6b1,offense,00-0036879,4241820,Sam Ehlinger,QB,DEN,LA,2026-09-28T00:20:00.000000+0000,1.845450079617518,0.0,0.0,ACTIVE,false,,-0.07471881421843678,8.594577918507952
2026,3,2026-09-23T04:55:31.617834+0000,96db6b1,offense,00-0036887,4040612,Luke Farrell,TE,SF,ARI,2026-09-27T20:05:00.000000+0000,2.2730288374166454,0.78,1.63,ACTIVE,false,,2.2686335735037836e-7,6.5244469276534485
2026,3,2026-09-23T04:55:31.617834+0000,96db6b1,offense,00-0036893,4241457,Najee Harris,RB,NYG,TEN,2026-09-27T17:00:00.000000+0000,4.152168937045889,5.5600000000000005,3.4,ACTIVE,false,,0.351280624884734,11.4719390651396
2026,3,2026-09-23T04:55:31.617834+0000,96db6b1,offense,00-0036894,4361411,Pat Freiermuth,TE,PIT,CIN,2026-09-27T17:00:00.000000+0000,8.971095814238213,9.28,8.32,ACTIVE,false,,1.4700041890479,17.97216612299362
2026,3,2026-09-23T04:55:31.617834+0000,96db6b1,offense,00-0036898,4242546,Davis Mills,QB,HOU,IND,2026-09-27T17:00:00.000000+0000,10.141338651840744,13.475999999999999,0.0,ACTIVE,false,,1.9945511464486003,23.543188971227348
2026,3,2026-09-23T04:55:31.617834+0000,96db6b1,offense,00-0036900,4362628,Ja'Marr Chase,WR,CIN,PIT,2026-09-27T17:00:00.000000+0000,16.92660071327366,19.639999999999997,19.03,ACTIVE,false,,4.18071903254104,27.510456732043284
2026,3,2026-09-23T04:55:31.617834+0000,96db6b1,offense,00-0036912,4241478,DeVonta Smith,WR,PHI,CHI,2026-09-29T00:15:00.000000+0000,13.128032340602998,12.98,15.63,ACTIVE,true,WR,3.963310487972244,25.46682033941885
2026,3,2026-09-23T04:55:31.617834+0000,96db6b1,offense,00-0036919,4371733,Kenny Gainwell,RB,TB,MIN,2026-09-27T20:05:00.000000+0000,9.142434092950515,11.86,7.6,ACTIVE,false,,0.966549529720625,20.3691496269564
2026,3,2026-09-23T04:55:31.617834+0000,96db6b1,offense,00-0036945,4362887,Justin Fields,QB,KC,MIA,2026-09-27T17:00:00.000000+0000,9.469315321731882,10.24,0.0,ACTIVE,false,,0.4942907194005433,21.325141534806843
2026,3,2026-09-23T04:55:31.617834+0000,96db6b1,offense,00-0036963,4374302,Amon-Ra St. Brown,WR,DET,NYJ,2026-09-27T17:00:00.000000+0000,20.591181677758186,22.6,19.86,ACTIVE,false,,4.7823791370018585,34.223407526533364
2026,3,2026-09-23T04:55:31.617834+0000,96db6b1,offense,00-0036970,4360248,Kyle Pitts,TE,ATL,GB,2026-09-25T00:15:00.000000+0000,7.862734729981916,7.320000000000002,9.89,ACTIVE,false,,0.3525040400775954,16.005447508159932
2026,3,2026-09-23T04:55:31.617834+0000,96db6b1,offense,00-0036971,4360310,Trevor Lawrence,QB,JAX,NE,2026-09-27T17:00:00.000000+0000,18.141273599710434,21.968,17.44,ACTIVE,false,,4.663470323126161,29.17540103904414
2026,3,2026-09-23T04:55:31.617834+0000,96db6b1,offense,00-0036972,4241464,Mac Jones,QB,SF,ARI,2026-09-27T20:05:00.000000+0000,2.653186302055443,4.491999999999999,0.0,ACTIVE,false,,-0.11796793181418122,11.29860000639832
2026,3,2026-09-23T04:55:31.617834+0000,96db6b1,offense,00-0036973,4239996,Travis Etienne,RB,NO,LV,2026-09-27T20:25:00.000000+0000,12.275086611483674,10.900000000000002,11.93,ACTIVE,false,,2.7899107423123626,22.839351840103955
2026,3,2026-09-23T04:55:31.617834+0000,96db6b1,offense,00-0036980,4372414,Elijah Moore,WR,PHI,CHI,2026-09-29T00:15:00.000000+0000,2.41286690840104,1.9400000000000017,0.0,ACTIVE,false,,-0.0016915931956739615,8.97544953010483
2026,3,2026-09-23T04:55:31.617834+0000,96db6b1,offense,00-0036988,4242433,Josh Palmer,WR,BUF,LAC,2026-09-27T17:00:00.000000+0000,5.116166778812832,5.24,2.63,ACTIVE,false,,0.6973801139101458,12.605058065595394
2026,3,2026-09-23T04:55:31.617834+0000,96db6b1,offense,00-0036997,4361579,Javonte Williams,RB,DAL,BAL,2026-09-27T20:25:00.000000+0000,15.931348770044048,13.0,15.0,ACTIVE,false,,4.5399022629976535,26.998888528041125
2026,3,2026-09-23T04:55:31.617834+0000,96db6b1,offense,00-0037004,4239944,Hunter Long,TE,ARI,SF,2026-09-27T20:05:00.000000+0000,1.3279973569314567,1.0400000000000005,1.04,ACTIVE,false,,-0.000029900288402398183,3.3163073942619468
2026,3,2026-09-23T04:55:31.617834+0000,96db6b1,offense,00-0037005,4372780,Tommy Tremble,TE,CAR,CLE,2026-09-27T17:00:00.000000+0000,5.449077477238763,4.58,4.77,ACTIVE,false,,0.036136542620724944,12.656576962529009
2026,3,2026-09-23T04:55:31.617834+0000,96db6b1,offense,00-0037012,4383351,Trey Lance,QB,LAC,BUF,2026-09-27T17:00:00.000000+0000,5.980316729460653,5.180000000000001,0.0,ACTIVE,false,,0.22715904304150758,17.895737672177223
2026,3,2026-09-23T04:55:31.617834+0000,96db6b1,offense,00-0037013,4361259,Zach Wilson,QB,NO,LV,2026-09-27T20:25:00.000000+0000,1.6627402453799764,0.08399999999999931,0.0,ACTIVE,false,,-0.13266936079945155,9.028757779355601
2026,3,2026-09-23T04:55:31.617834+0000,96db6b1,offense,00-0037077,4426875,Sam Howell,QB,DAL,BAL,2026-09-27T20:25:00.000000+0000,4.002459469801059,2.2960000000000003,0.0,ACTIVE,false,,0.12994741907160623,18.024684409952734
2026,3,2026-09-23T04:55:31.617834+0000,96db6b1,offense,00-0037085,4362748,Tyler Badie,RB,DEN,LA,2026-09-28T00:20:00.000000+0000,4.117431021514673,2.3600000000000003,0.01,ACTIVE,false,,0.04375439099399942,9.804213838805875
2026,3,2026-09-23T04:55:31.617834+0000,96db6b1,offense,00-0037091,4259305,Bo Melton,WR,GB,ATL,2026-09-25T00:15:00.000000+0000,1.4453111008923807,1.28,3.08,ACTIVE,false,,-5.5982479846704076e-6,5.4453220671774405
2026,3,2026-09-23T04:55:31.617834+0000,96db6b1,offense,00-0037093,4401805,Dareke Young,WR,LV,NO,2026-09-27T20:25:00.000000+0000,1.2227719651660232,0.74,1.06,QUESTIONABLE,false,,2.088667786624991e-6,3.96345192560909
2026,3,2026-09-23T04:55:31.617834+0000,96db6b1,offense,00-0037120,4429676,Tyler Goodson,RB,DAL,BAL,2026-09-27T20:25:00.000000+0000,1.2596679434882585,0.24000000000000005,0.0,ACTIVE,false,,-0.0065387274720984535,4.040761298749138
2026,3,2026-09-23T04:55:31.617834+0000,96db6b1,offense,00-0037132,3926231,Britain Covey,WR,PHI,CHI,2026-09-29T00:15:00.000000+0000,1.410720586058574,0.7999999999999996,,,false,,-5.598361302894581e-6,4.279893106832544
2026,3,2026-09-23T04:55:31.617834+0000,96db6b1,offense,00-0037157,4427728,Bam Knight,RB,ARI,SF,2026-09-27T20:05:00.000000+0000,2.530145446764647,5.08,0.0,ACTIVE,false,,-0.0015013373171878014,6.3485722868462755
2026,3,2026-09-23T04:55:31.617834+0000,96db6b1,offense,00-0037228,4569987,Jaylen Warren,RB,PIT,CIN,2026-09-27T17:00:00.000000+0000,11.447836363895108,14.080000000000002,13.27,ACTIVE,true,BE,3.3924295461135574,21.920398091039335
2026,3,2026-09-23T04:55:31.617834+0000,96db6b1,offense,00-0037238,4426502,Drake London,WR,ATL,GB,2026-09-25T00:15:00.000000+0000,12.333572653973654,7.860000000000001,15.39,ACTIVE,false,,0.9691359998421462,22.847258495378075
2026,3,2026-09-23T04:55:31.617834+0000,96db6b1,offense,00-0037239,4361370,Chris Olave,WR,NO,LV,2026-09-27T20:25:00.000000+0000,17.228371884132724,26.8,17.76,ACTIVE,false,,4.7823791370018585,29.074208487586017
2026,3,2026-09-23T04:55:31.617834+0000,96db6b1,offense,00-0037240,4426388,Jameson Williams,WR,DET,NYJ,2026-09-27T17:00:00.000000+0000,12.16140669509732,8.98,10.93,ACTIVE,false,,1.989449292658983,23.70604790505072
2026,3,2026-09-23T04:55:31.617834+0000,96db6b1,offense,00-0037247,4426354,George Pickens,WR,DAL,BAL,2026-09-27T20:25:00.000000+0000,11.556624277223762,11.1,13.81,ACTIVE,false,,2.325597162306384,23.72205076138116
2026,3,2026-09-23T04:55:31.617834+0000,96db6b1,offense,00-0037248,4379399,James Cook,RB,BUF,LAC,2026-09-27T17:00:00.000000+0000,15.715038988743832,13.48,16.95,ACTIVE,false,,3.6689890371895855,27.633259695640128
2026,3,2026-09-23T04:55:31.617834+0000,96db6b1,offense,00-0037252,4367209,Greg Dulcich,TE,MIA,KC,2026-09-27T17:00:00.000000+0000,6.144752990103657,7.0600000000000005,6.39,ACTIVE,false,,0.3525040400775954,13.530786046123012
2026,3,2026-09-23T04:55:31.617834+0000,96db6b1,offense,00-0037256,4697815,Rachaad White,RB,WAS,SEA,2026-09-27T17:00:00.000000+0000,8.720574963776496,7.359999999999999,9.33,ACTIVE,false,,1.5895893008349742,17.338044465871825
2026,3,2026-09-23T04:55:31.617834+0000,96db6b1,offense,00-0037261,4373678,Khalil Shakir,WR,BUF,LAC,2026-09-27T17:00:00.000000+0000,9.64514113894875,8.84,10.35,ACTIVE,false,,2.4823361573875387,19.511754728908745
2026,3,2026-09-23T04:55:31.617834+0000,96db6b1,offense,00-0037263,4373626,Tyler Allgeier,RB,ARI,SF,2026-09-27T20:05:00.000000+0000,8.127942062416437,5.28,7.51,ACTIVE,false,,0.7631663284566459,16.9085499583388
2026,3,2026-09-23T04:55:31.617834+0000,96db6b1,offense,00-0037291,4382466,Jalen Nailor,WR,LV,NO,2026-09-27T20:25:00.000000+0000,5.5090375114232915,3.1,6.31,ACTIVE,false,,0.036136542620724944,13.984139000754586
2026,3,2026-09-23T04:55:31.617834+0000,96db6b1,offense,00-0037292,4722908,Andrew Ogletree,TE,IND,HOU,2026-09-27T17:00:00.000000+0000,1.564564994287481,0.41999999999999976,1.0,ACTIVE,false,,-2.5207319288528915e-6,3.1673232764743218
2026,3,2026-09-23T04:55:31.617834+0000,96db6b1,offense,00-0037304,4241961,Connor Heyward,RB,LV,NO,2026-09-27T20:25:00.000000+0000,1.751926488327584,0.0,0.8,ACTIVE,false,,-0.00262730268986687,6.04233869988756
2026,3,2026-09-23T04:55:31.617834+0000,96db6b1,offense,00-0037311,4034779,Ko Kieft,TE,TB,MIN,2026-09-27T20:05:00.000000+0000,0.7748707999672252,0.0,0.0,ACTIVE,false,,0.0,0.5620937882706717
2026,3,2026-09-23T04:55:31.617834+0000,96db6b1,offense,00-0037317,4249624,Nick Muse,TE,ATL,GB,2026-09-25T00:15:00.000000+0000,1.0917909527445482,0.0,,,false,,0.0,1.7559650665102557
2026,3,2026-09-23T04:55:31.617834+0000,96db6b1,offense,00-0037524,4245144,Tay Martin,WR,DET,NYJ,2026-09-27T17:00:00.000000+0000,0.9177437175722989,0.8600000000000001,0.0,ACTIVE,false,,-0.0000887252273098692,2.2806342670887028
2026,3,2026-09-23T04:55:31.617834+0000,96db6b1,offense,00-0037545,4032473,Rashid Shaheed,WR,SEA,WAS,2026-09-27T17:00:00.000000+0000,5.910523824293854,4.08,10.94,ACTIVE,false,,0.22309808966476513,13.418606863468387
2026,3,2026-09-23T04:55:31.617834+0000,96db6b1,offense,00-0037557,4243003,Ronnie Rivers,RB,LA,DEN,2026-09-28T00:20:00.000000+0000,2.4368803498393605,0.7800000000000005,0.0,QUESTIONABLE,false,,0.020200943938433778,6.582453721613146
2026,3,2026-09-23T04:55:31.617834+0000,96db6b1,offense,00-0037594,4367567,Julius Chestnut,RB,TEN,NYG,2026-09-27T17:00:00.000000+0000,0.887244298360095,0.02,0.0,ACTIVE,false,,-0.007378657162175494,2.1309501679630367
2026,3,2026-09-23T04:55:31.617834+0000,96db6b1,offense,00-0037614,4567096,John Metchie III,WR,CAR,CLE,2026-09-27T17:00:00.000000+0000,2.934207744013102,4.08,0.53,ACTIVE,false,,-0.0013006336043988786,8.43818932790823
2026,3,2026-09-23T04:55:31.617834+0000,96db6b1,offense,00-0037664,4360078,Alec Pierce,WR,IND,HOU,2026-09-27T17:00:00.000000+0000,8.861857202979792,13.2,0.0,DOUBTFUL,false,,0.7965962828135082,19.307515198690517
2026,3,2026-09-23T04:55:31.617834+0000,96db6b1,offense,00-0037666,4249417,Jalen Tolbert,WR,MIA,KC,2026-09-27T17:00:00.000000+0000,2.713528431559429,1.42,0.0,ACTIVE,false,,-0.0017504077437726817,10.01762401778024
2026,3,2026-09-23T04:55:31.617834+0000,96db6b1,offense,00-0037740,4569618,Garrett Wilson,WR,NYJ,DET,2026-09-27T17:00:00.000000+0000,12.301501864702843,10.799999999999999,14.81,ACTIVE,false,,2.875548945658419,21.888788079473358
2026,3,2026-09-23T04:55:31.617834+0000,96db6b1,offense,00-0037741,4361409,Jahan Dotson,WR,ATL,GB,2026-09-25T00:15:00.000000+0000,6.153181609677041,3.46,6.27,ACTIVE,false,,0.31090175856862473,14.961999311510237
2026,3,2026-09-23T04:55:31.617834+0000,96db6b1,offense,00-0037742,4567156,Treylon Burks,WR,WAS,SEA,2026-09-27T17:00:00.000000+0000,3.931576620461037,2.06,0.48,ACTIVE,false,,0.05104435084464781,11.204426101259907
2026,3,2026-09-23T04:55:31.617834+0000,96db6b1,offense,00-0037744,4361307,Trey McBride,TE,ARI,SF,2026-09-27T20:05:00.000000+0000,18.131962686544213,17.28,16.46,ACTIVE,false,,4.7823791370018585,28.968353315788317
2026,3,2026-09-23T04:55:31.617834+0000,96db6b1,offense,00-0037746,4241474,Brian Robinson,RB,ATL,GB,2026-09-25T00:15:00.000000+0000,5.583797363302604,3.7,5.74,ACTIVE,false,,0.1030366692995291,11.993289149420473
2026,3,2026-09-23T04:55:31.617834+0000,96db6b1,offense,00-0037755,4241410,Jelani Woods,TE,NYJ,DET,2026-09-27T17:00:00.000000+0000,0.960657281375883,0.27999999999999997,0.0,ACTIVE,false,,-0.00003678373387595552,2.760744745647158
2026,3,2026-09-23T04:55:31.617834+0000,96db6b1,offense,00-0037801,3676833,KaVontae Turpin,WR,DAL,BAL,2026-09-27T20:25:00.000000+0000,2.55488937576409,4.58,2.14,ACTIVE,false,,-0.0015285881383574125,7.334535063873774
2026,3,2026-09-23T04:55:31.617834+0000,96db6b1,offense,00-0037805,4361372,Jeremy Ruckert,TE,NYJ,DET,2026-09-27T17:00:00.000000+0000,2.377209868008991,1.7,2.01,ACTIVE,false,,0.00006663283366051179,6.9531282444287585
2026,3,2026-09-23T04:55:31.617834+0000,96db6b1,offense,00-0037809,4360635,Chig Okonkwo,TE,WAS,SEA,2026-09-27T17:00:00.000000+0000,7.7055351363683355,8.8,6.67,QUESTIONABLE,false,,0.40848480204246,15.807172621821282
2026,3,2026-09-23T04:55:31.617834+0000,96db6b1,offense,00-0037816,4361432,Romeo Doubs,WR,NE,JAX,2026-09-27T17:00:00.000000+0000,6.9439714643329555,9.360000000000001,11.51,ACTIVE,false,,0.4913129378588589,15.767836121047047
2026,3,2026-09-23T04:55:31.617834+0000,96db6b1,offense,00-0037834,4361741,Brock Purdy,QB,SF,ARI,2026-09-27T20:05:00.000000+0000,22.114200567318775,24.516000000000002,20.8,ACTIVE,true,BE,4.721403790254267,34.349177123298716
2026,3,2026-09-23T04:55:31.617834+0000,96db6b1,offense,00-0037838,4361050,Isaiah Likely,TE,NYG,TEN,2026-09-27T17:00:00.000000+0000,10.495272621001966,9.4,12.25,ACTIVE,false,,3.1244005092734555,19.52621619048631
2026,3,2026-09-23T04:55:31.617834+0000,96db6b1,offense,00-0037840,4430737,Kyren Williams,RB,LA,DEN,2026-09-28T00:20:00.000000+0000,14.306807292556444,13.960000000000003,12.58,ACTIVE,false,,4.201371090774577,24.833425256064167
2026,3,2026-09-23T04:55:31.617834+0000,96db6b1,offense,00-0038041,4242355,Jake Ferguson,TE,DAL,BAL,2026-09-27T20:25:00.000000+0000,8.475753007194015,7.38,8.71,ACTIVE,false,,1.267982155249685,17.654359537545922
2026,3,2026-09-23T04:55:31.617834+0000,96db6b1,offense,00-0038046,4241263,Charlie Kolar,TE,LAC,BUF,2026-09-27T17:00:00.000000+0000,2.076973420328145,1.5799999999999996,0.0,OUT,false,,-0.000010288103289008442,6.130752832375926
2026,3,2026-09-23T04:55:31.617834+0000,96db6b1,offense,00-0038090,4430191,Skyy Moore,WR,GB,ATL,2026-09-25T00:15:00.000000+0000,1.9918944037142885,1.3800000000000003,5.37,ACTIVE,false,,-5.264918531881477e-6,5.94558006788898
2026,3,2026-09-23T04:55:31.617834+0000,96db6b1,offense,00-0038102,4240703,Kenny Pickett,QB,CAR,CLE,2026-09-27T17:00:00.000000+0000,3.332577121469293,0.5840000000000002,0.0,ACTIVE,false,,-0.12692326100297485,10.631232773512902
2026,3,2026-09-23T04:55:31.617834+0000,96db6b1,offense,00-0038104,4362921,Tyquan Thornton,WR,KC,MIA,2026-09-27T17:00:00.000000+0000,5.446372297618807,4.640000000000001,5.29,ACTIVE,false,,0.04375439099399942,13.05816094253184
2026,3,2026-09-23T04:55:31.617834+0000,96db6b1,offense,00-0038115,4361516,Daniel Bellinger,TE,TEN,NYG,2026-09-27T17:00:00.000000+0000,2.778775950992358,3.3200000000000003,2.02,ACTIVE,false,,-0.00001489555604398129,6.262573756460214
2026,3,2026-09-23T04:55:31.617834+0000,96db6b1,offense,00-0038117,4569587,Wan'Dale Robinson,WR,TEN,NYG,2026-09-27T17:00:00.000000+0000,10.496319303767343,10.92,8.02,ACTIVE,false,,1.2067660830811104,21.79600104026949
2026,3,2026-09-23T04:55:31.617834+0000,96db6b1,offense,00-0038120,4427366,Breece Hall,RB,NYJ,DET,2026-09-27T17:00:00.000000+0000,13.677451546325964,13.780000000000001,16.2,ACTIVE,false,,4.155188683318298,25.050502550584934
2026,3,2026-09-23T04:55:31.617834+0000,96db6b1,offense,00-0038124,4248528,Christian Watson,WR,GB,ATL,2026-09-25T00:15:00.000000+0000,14.272559742548252,15.739999999999998,14.03,ACTIVE,false,,4.519250204764118,24.993951394595953
2026,3,2026-09-23T04:55:31.617834+0000,96db6b1,offense,00-0038128,4242512,Malik Willis,QB,MIA,KC,2026-09-27T17:00:00.000000+0000,13.498718419204025,14.904,14.74,ACTIVE,false,,2.8514625630878276,24.35729889775926
2026,3,2026-09-23T04:55:31.617834+0000,96db6b1,offense,00-0038129,4243331,Cade Otton,TE,TB,MIN,2026-09-27T20:05:00.000000+0000,10.389467485463554,9.52,7.48,ACTIVE,false,,1.2681989364360682,19.863541448343263
2026,3,2026-09-23T04:55:31.617834+0000,96db6b1,offense,00-0038134,4567048,Kenneth Walker III,RB,KC,MIA,2026-09-27T17:00:00.000000+0000,20.53711338125599,21.660000000000004,21.0,ACTIVE,false,,4.803031195235395,32.40747021038451
2026,3,2026-09-23T04:55:31.617834+0000,96db6b1,offense,00-0038359,4386544,Xavier Smith,WR,LA,DEN,2026-09-28T00:20:00.000000+0000,2.198708524042871,4.0,0.64,ACTIVE,false,,-0.0004512939613666957,6.643956061786752
2026,3,2026-09-23T04:55:31.617834+0000,96db6b1,offense,00-0038393,4428850,Dontayvion Wicks,WR,PHI,CHI,2026-09-29T00:15:00.000000+0000,7.521253372717011,6.840000000000001,9.9,ACTIVE,false,,1.65807861725159,17.754559450717508
2026,3,2026-09-23T04:55:31.617834+0000,96db6b1,offense,00-0038400,4685201,Tanner McKee,QB,PHI,CHI,2026-09-29T00:15:00.000000+0000,4.429283085755105,6.524000000000001,0.0,ACTIVE,false,,0.22715904304150758,17.99096426492346
2026,3,2026-09-23T04:55:31.617834+0000,96db6b1,offense,00-0038416,4434153,Tyson Bagent,QB,CHI,PHI,2026-09-29T00:15:00.000000+0000,4.507434008216755,0.9880000000000002,14.67,QUESTIONABLE,false,,-0.12692699592003187,13.438413731749097
2026,3,2026-09-23T04:55:31.617834+0000,96db6b1,offense,00-0038454,4596334,Keaton Mitchell,RB,LAC,BUF,2026-09-27T17:00:00.000000+0000,3.660751059340825,2.62,5.04,ACTIVE,false,,-0.0012209557535928148,10.226524182793296
2026,3,2026-09-23T04:55:31.617834+0000,96db6b1,offense,00-0038476,4240391,Tommy DeVito,QB,NE,JAX,2026-09-27T17:00:00.000000+0000,3.4964858280065187,3.3480000000000003,0.0,ACTIVE,false,,-0.18301735219662651,15.565806213698568
2026,3,2026-09-23T04:55:31.617834+0000,96db6b1,offense,00-0038488,4243176,Brady Russell,RB,SEA,WAS,2026-09-27T17:00:00.000000+0000,1.621362722320509,0.8,0.0,ACTIVE,false,,-0.0004487857671544997,4.7389208336480335
2026,3,2026-09-23T04:55:31.617834+0000,96db6b1,offense,00-0038489,4372070,Ben VanSumeren,RB,KC,MIA,2026-09-27T17:00:00.000000+0000,0.92284033854391,0.2,,,false,,-0.0004812274130888851,3.5726403255521406
2026,3,2026-09-23T04:55:31.617834+0000,96db6b1,offense,00-0038498,4248557,E.J. Jenkins,TE,PHI,CHI,2026-09-29T00:15:00.000000+0000,0.8855576583592026,1.54,1.56,ACTIVE,false,,-0.013046038048287497,1.5864492838067061
2026,3,2026-09-23T04:55:31.617834+0000,96db6b1,offense,00-0038519,4372716,Nikko Remigio,WR,KC,MIA,2026-09-27T17:00:00.000000+0000,0.8741823650707092,0.0,0.11,ACTIVE,false,,-6.64098546260995e-10,2.0566879898930055
2026,3,2026-09-23T04:55:31.617834+0000,96db6b1,offense,00-0038542,4430807,Bijan Robinson,RB,ATL,GB,2026-09-25T00:15:00.000000+0000,16.917935187687174,23.880000000000003,19.54,ACTIVE,false,,4.803031195235395,31.244118160850444
2026,3,2026-09-23T04:55:31.617834+0000,96db6b1,offense,00-0038543,4430878,Jaxon Smith-Njigba,WR,SEA,WAS,2026-09-27T17:00:00.000000+0000,17.848702737079922,24.580000000000002,20.8,ACTIVE,false,,4.62346439782922,30.233388970049404
2026,3,2026-09-23T04:55:31.617834+0000,96db6b1,offense,00-0038544,4429025,Quentin Johnston,WR,LAC,BUF,2026-09-27T17:00:00.000000+0000,9.908438826235097,8.819999999999999,10.89,ACTIVE,false,,0.7613031363788735,19.742512868230722
2026,3,2026-09-23T04:55:31.617834+0000,96db6b1,offense,00-0038547,4372096,Luke Schoonmaker,TE,DAL,BAL,2026-09-27T20:25:00.000000+0000,1.3895500683244637,1.5800000000000005,1.1,ACTIVE,false,,-4.386088255342356e-6,3.8651136592679904
2026,3,2026-09-23T04:55:31.617834+0000,96db6b1,offense,00-0038551,4599739,Kendre Miller,RB,NO,LV,2026-09-27T20:25:00.000000+0000,5.372858004485948,6.459999999999999,0.0,ACTIVE,false,,0.7175861879540073,11.999538430757802
2026,3,2026-09-23T04:55:31.617834+0000,96db6b1,offense,00-0038555,4429013,Tank Bigsby,RB,PHI,CHI,2026-09-29T00:15:00.000000+0000,6.587816089088875,8.26,3.4,ACTIVE,false,,0.47333477602039925,16.28726852483193
2026,3,2026-09-23T04:55:31.617834+0000,96db6b1,offense,00-0038558,4430802,Darnell Washington,TE,PIT,CIN,2026-09-27T17:00:00.000000+0000,3.5740631159464433,3.8199999999999994,3.75,ACTIVE,false,,-0.00036347627270864733,8.653939503006528
2026,3,2026-09-23T04:55:31.617834+0000,96db6b1,offense,00-0038559,4360761,Michael Wilson,WR,ARI,SF,2026-09-27T20:05:00.000000+0000,11.400851774079607,13.680000000000001,11.28,ACTIVE,false,,2.0692435490603707,22.5059016161674
2026,3,2026-09-23T04:55:31.617834+0000,96db6b1,offense,00-0038563,4428718,Tre Tucker,WR,LV,NO,2026-09-27T20:25:00.000000+0000,10.810813579239017,10.459999999999997,9.81,ACTIVE,false,,2.735940937817202,20.285577345061686
2026,3,2026-09-23T04:55:31.617834+0000,96db6b1,offense,00-0038564,4372026,Cameron Latu,TE,NE,JAX,2026-09-27T17:00:00.000000+0000,0.9262558485825669,0.0,0.0,ACTIVE,false,,0.00015610442088233385,1.9404528283172415
2026,3,2026-09-23T04:55:31.617834+0000,96db6b1,offense,00-0038573,4362477,Derius Davis,WR,LAC,BUF,2026-09-27T17:00:00.000000+0000,1.3156260336778625,0.3400000000000004,1.76,ACTIVE,false,,0.000026776692427050507,4.987102731724696
2026,3,2026-09-23T04:55:31.617834+0000,96db6b1,offense,00-0038579,4260394,Aidan O'Connell,QB,LV,NO,2026-09-27T20:25:00.000000+0000,8.47949440724297,11.292,0.0,QUESTIONABLE,false,,1.5152417675488385,21.38218671175271
2026,3,2026-09-23T04:55:31.617834+0000,96db6b1,offense,00-0038589,4360086,Josh Whyle,TE,GB,ATL,2026-09-25T00:15:00.000000+0000,1.2594135946249991,1.2600000000000002,0.0,ACTIVE,false,,-0.0004497276716344539,3.351859883436443
2026,3,2026-09-23T04:55:31.617834+0000,96db6b1,offense,00-0038597,4362238,Chase Brown,RB,CIN,PIT,2026-09-27T17:00:00.000000+0000,15.585215697817729,22.200000000000003,16.61,ACTIVE,false,,4.803031195235395,25.643265222773458
2026,3,2026-09-23T04:55:31.617834+0000,96db6b1,offense,00-0038606,4432620,Parker Washington,WR,JAX,NE,2026-09-27T17:00:00.000000+0000,14.947264892607503,20.259999999999998,15.0,ACTIVE,false,,4.7823791370018585,26.847419022132442
2026,3,2026-09-23T04:55:31.617834+0000,96db6b1,offense,00-0038608,4429022,Kayshon Boutte,WR,HOU,IND,2026-09-27T17:00:00.000000+0000,5.829045128314502,4.16,6.79,ACTIVE,false,,0.13342654121167138,14.09014857705492
2026,3,2026-09-23T04:55:31.617834+0000,96db6b1,offense,00-0038611,4362619,Chris Rodriguez Jr.,RB,JAX,NE,2026-09-27T17:00:00.000000+0000,7.56503464933803,7.6,4.33,ACTIVE,false,,0.3719080298658613,16.543542998036973
2026,3,2026-09-23T04:55:31.617834+0000,96db6b1,offense,00-0038618,4686422,Xavier Hutchinson,WR,HOU,IND,2026-09-27T17:00:00.000000+0000,9.209805369381648,6.5200000000000005,7.09,ACTIVE,false,,1.6330602193759431,18.751592524058562
2026,3,2026-09-23T04:55:31.617834+0000,96db6b1,offense,00-0038619,4368003,Andrei Iosivas,WR,CIN,PIT,2026-09-27T17:00:00.000000+0000,4.474040354227724,3.8200000000000016,3.75,ACTIVE,false,,-0.0012456090060005713,11.980947690864474
2026,3,2026-09-23T04:55:31.617834+0000,96db6b1,offense,00-0038621,4427095,DeMario Douglas,WR,NE,JAX,2026-09-27T17:00:00.000000+0000,5.144448942954503,3.4799999999999995,8.89,ACTIVE,false,,0.08113654262072495,13.371196958369822
2026,3,2026-09-23T04:55:31.617834+0000,96db6b1,offense,00-0038640,4692835,Jalen Brooks,WR,ARI,SF,2026-09-27T20:05:00.000000+0000,0.8709994552078384,0.0,0.04,ACTIVE,false,,-1.4743328753547129e-8,2.4582879033330545
2026,3,2026-09-23T04:55:31.617834+0000,96db6b1,offense,00-0038643,4360290,Brayden Willis,TE,SF,ARI,2026-09-27T20:05:00.000000+0000,0.998293900726375,0.0,0.0,ACTIVE,false,,3.346417472712048e-10,2.1857607033834
2026,3,2026-09-23T04:55:31.617834+0000,96db6b1,offense,00-0038685,3149687,Chris Brooks,RB,GB,ATL,2026-09-25T00:15:00.000000+0000,5.252207115686027,3.0199999999999996,7.31,ACTIVE,false,,0.01940644922753446,13.16151849523286
2026,3,2026-09-23T04:55:31.617834+0000,96db6b1,offense,00-0038705,4362478,Emari Demercado,RB,DAL,BAL,2026-09-27T20:25:00.000000+0000,2.84291323586725,3.04,3.79,ACTIVE,false,,-0.0014708531094733436,8.523287528038951
2026,3,2026-09-23T04:55:31.617834+0000,96db6b1,offense,00-0038710,4362018,Blake Whiteheart,TE,CLE,CAR,2026-09-27T17:00:00.000000+0000,2.6252930516804485,2.2199999999999998,2.88,ACTIVE,false,,0.00004150153925338748,6.474848695080685
2026,3,2026-09-23T04:55:31.617834+0000,96db6b1,offense,00-0038728,4430681,Jared Wayne,WR,HOU,IND,2026-09-27T17:00:00.000000+0000,5.434400881985354,2.3,,,false,,0.2218253679670882,13.410153710663405
2026,3,2026-09-23T04:55:31.617834+0000,96db6b1,offense,00-0038738,4383396,Hunter Luepke,RB,DAL,BAL,2026-09-27T20:25:00.000000+0000,1.8309571435722385,2.24,1.5,ACTIVE,false,,-0.0009847787497383432,5.422486630389321
2026,3,2026-09-23T04:55:31.617834+0000,96db6b1,offense,00-0038783,4383440,Nate Adkins,TE,DEN,LA,2026-09-28T00:20:00.000000+0000,3.0458984397388975,2.5600000000000005,1.67,ACTIVE,false,,0.00006857265914911983,6.604871660400511
2026,3,2026-09-23T04:55:31.617834+0000,96db6b1,offense,00-0038794,4722893,Jaleel McLaughlin,RB,CLE,CAR,2026-09-27T17:00:00.000000+0000,3.226887129150771,3.04,1.78,ACTIVE,false,,-0.0012209557535928148,9.347330989383542
2026,3,2026-09-23T04:55:31.617834+0000,96db6b1,offense,00-0038797,4887558,Emanuel Wilson,RB,SEA,WAS,2026-09-27T17:00:00.000000+0000,7.771518669247964,5.380000000000001,8.89,ACTIVE,false,,1.4435964439542228,16.486155850758557
2026,3,2026-09-23T04:55:31.617834+0000,96db6b1,offense,00-0038824,4369466,Ryan Miller,WR,MIA,KC,2026-09-27T17:00:00.000000+0000,2.3138144156381677,2.94,,,false,,0.6583498686751674,5.5393858552122826
2026,3,2026-09-23T04:55:31.617834+0000,96db6b1,offense,00-0038840,4360763,Brycen Tremayne,WR,CAR,CLE,2026-09-27T17:00:00.000000+0000,1.067252003548112,0.9400000000000001,0.52,ACTIVE,false,,-1.5314258988262677e-6,4.121944374627613
2026,3,2026-09-23T04:55:31.617834+0000,96db6b1,offense,00-0038896,4383429,Jacob Saylors,RB,DET,NYJ,2026-09-27T17:00:00.000000+0000,0.9177437175722989,0.0,0.02,ACTIVE,false,,1.3283022904146914e-10,2.035530434354359
2026,3,2026-09-23T04:55:31.617834+0000,96db6b1,offense,00-0038933,4385690,Dalton Kincaid,TE,BUF,LAC,2026-09-27T17:00:00.000000+0000,12.109570439453245,10.940000000000001,11.63,ACTIVE,false,,3.027105260106976,21.684795075008658
2026,3,2026-09-23T04:55:31.617834+0000,96db6b1,offense,00-0038935,4430539,Brenton Strange,TE,JAX,NE,2026-09-27T17:00:00.000000+0000,8.670991276183713,10.900000000000002,7.9,ACTIVE,false,,0.6801037230262469,17.47197269298677
2026,3,2026-09-23T04:55:31.617834+0000,96db6b1,offense,00-0038951,4430871,Sean Tucker,RB,TB,MIN,2026-09-27T20:05:00.000000+0000,3.158197625472503,4.459999999999999,0.48,ACTIVE,false,,0.3083903022400751,10.073834907297814
2026,3,2026-09-23T04:55:31.617834+0000,96db6b1,offense,00-0038976,4686472,Marvin Mims Jr.,WR,DEN,LA,2026-09-28T00:20:00.000000+0000,2.48305496049997,4.119999999999999,2.9,QUESTIONABLE,false,,-0.0017466177940722689,7.876794977010214
2026,3,2026-09-23T04:55:31.617834+0000,96db6b1,offense,00-0038994,4429205,Jordan Addison,WR,MIN,TB,2026-09-27T20:05:00.000000+0000,6.492606241535882,4.6,10.57,ACTIVE,false,,-0.0012456090060005713,15.876763121219538
2026,3,2026-09-23T04:55:31.617834+0000,96db6b1,offense,00-0038996,4572680,Tucker Kraft,TE,GB,ATL,2026-09-25T00:15:00.000000+0000,9.345309508016125,13.419999999999998,10.28,ACTIVE,false,,0.6615543288171499,18.96192575756951
2026,3,2026-09-23T04:55:31.617834+0000,96db6b1,offense,00-0038997,4688813,Josh Downs,WR,IND,HOU,2026-09-27T17:00:00.000000+0000,9.834812827291612,9.34,11.47,ACTIVE,false,,1.5689372426014392,20.062657281983554
2026,3,2026-09-23T04:55:31.617834+0000,96db6b1,offense,00-0039021,4426386,Roschon Johnson,RB,CHI,PHI,2026-09-29T00:15:00.000000+0000,0.9276227409988138,0.34,0.0,ACTIVE,false,,-0.01036728381194481,1.9478162462877509
2026,3,2026-09-23T04:55:31.617834+0000,96db6b1,offense,00-0039032,4428557,Tyjae Spears,RB,TEN,NYG,2026-09-27T17:00:00.000000+0000,8.424396656572597,9.14,9.74,ACTIVE,false,,0.5115461751287557,17.662693489377453
2026,3,2026-09-23T04:55:31.617834+0000,96db6b1,offense,00-0039040,4429160,De'Von Achane,RB,MIA,KC,2026-09-27T17:00:00.000000+0000,14.764256339245566,14.760000000000002,19.4,ACTIVE,false,,3.9031709404390105,27.47151852572853
2026,3,2026-09-23T04:55:31.617834+0000,96db6b1,offense,00-0039041,4426844,Elijah Higgins,TE,ARI,SF,2026-09-27T20:05:00.000000+0000,1.8194590088580183,4.380000000000001,1.04,ACTIVE,false,,-0.00041650887210690655,4.828422110482408
2026,3,2026-09-23T04:55:31.617834+0000,96db6b1,offense,00-0039050,4372505,Payne Durham,TE,TB,MIN,2026-09-27T20:05:00.000000+0000,0.9027491797109776,0.0,0.0,ACTIVE,false,,-0.0008134982557381277,1.5318209792952362
2026,3,2026-09-23T04:55:31.617834+0000,96db6b1,offense,00-0039062,4426485,Jonathan Mingo,WR,DAL,BAL,2026-09-27T20:25:00.000000+0000,1.1882372024042587,0.4,0.49,ACTIVE,false,,-5.271731318152233e-7,4.309578981854696
2026,3,2026-09-23T04:55:31.617834+0000,96db6b1,offense,00-0039064,4429615,Zay Flowers,WR,BAL,DAL,2026-09-27T20:25:00.000000+0000,14.961021470588513,21.160000000000004,15.64,QUESTIONABLE,false,,3.275595962932125,25.97211475177564
2026,3,2026-09-23T04:55:31.617834+0000,96db6b1,offense,00-0039065,4430027,Sam LaPorta,TE,DET,NYJ,2026-09-27T17:00:00.000000+0000,13.859982313868327,12.7,11.2,ACTIVE,false,,3.4815759384474374,22.626199562148358
2026,3,2026-09-23T04:55:31.617834+0000,96db6b1,offense,00-0039066,4429086,Michael Mayer,TE,LV,NO,2026-09-27T20:25:00.000000+0000,9.802050117440292,8.419999999999998,6.25,ACTIVE,false,,0.9567675751819351,17.876197261594953
2026,3,2026-09-23T04:55:31.617834+0000,96db6b1,offense,00-0039067,4428331,Rashee Rice,WR,KC,MIA,2026-09-27T17:00:00.000000+0000,13.838346889471042,14.219999999999999,12.74,ACTIVE,false,,1.822752609174635,22.989429580905103
2026,3,2026-09-23T04:55:31.617834+0000,96db6b1,offense,00-0039074,4426553,Davis Allen,TE,LA,DEN,2026-09-28T00:20:00.000000+0000,2.714737048397467,1.8800000000000001,1.64,ACTIVE,false,,-0.0004188977446934232,7.1342041891428245
2026,3,2026-09-23T04:55:31.617834+0000,96db6b1,offense,00-0039075,4426515,Puka Nacua,WR,LA,DEN,2026-09-28T00:20:00.000000+0000,16.78447916071899,25.7,19.94,QUESTIONABLE,false,,4.312282773082355,28.894308045882365
2026,3,2026-09-23T04:55:31.617834+0000,96db6b1,offense,00-0039107,4259553,Stetson Bennett,QB,LA,DEN,2026-09-28T00:20:00.000000+0000,2.672536674601632,1.42,0.0,ACTIVE,false,,-0.1273736522213479,12.225445365554894
2026,3,2026-09-23T04:55:31.617834+0000,96db6b1,offense,00-0039139,4429795,Jahmyr Gibbs,RB,DET,NYJ,2026-09-27T17:00:00.000000+0000,22.599990374619132,21.28,25.34,ACTIVE,false,,4.803031195235395,36.2509521048804
2026,3,2026-09-23T04:55:31.617834+0000,96db6b1,offense,00-0039146,4362249,Jayden Reed,WR,GB,ATL,2026-09-25T00:15:00.000000+0000,4.30746322523525,4.32,0.0,DOUBTFUL,false,,0.036136542620724944,10.609931859088178
2026,3,2026-09-23T04:55:31.617834+0000,96db6b1,offense,00-0039150,4685720,Bryce Young,QB,CAR,CLE,2026-09-27T17:00:00.000000+0000,16.171889351478747,19.711999999999996,16.75,ACTIVE,false,,4.721403790254267,28.67887468497251
2026,3,2026-09-23T04:55:31.617834+0000,96db6b1,offense,00-0039163,4432577,C.J. Stroud,QB,HOU,IND,2026-09-27T17:00:00.000000+0000,15.775701041884297,15.196000000000002,16.1,ACTIVE,false,,4.458274858016526,26.897743715364882
2026,3,2026-09-23T04:55:31.617834+0000,96db6b1,offense,00-0039164,4429084,Anthony Richardson,QB,IND,HOU,2026-09-27T17:00:00.000000+0000,6.750546906430935,11.588,0.0,ACTIVE,false,,0.6014557871525725,19.62246236379787
2026,3,2026-09-23T04:55:31.617834+0000,96db6b1,offense,00-0039299,4429835,George Holani,RB,SEA,WAS,2026-09-27T17:00:00.000000+0000,4.534963903326513,3.2,3.17,ACTIVE,false,,0.058036669299529095,11.694321891364568
2026,3,2026-09-23T04:55:31.617834+0000,96db6b1,offense,00-0039337,4595348,Malik Nabers,WR,NYG,TEN,2026-09-27T17:00:00.000000+0000,9.946086870224573,11.8,14.43,QUESTIONABLE,false,,1.724866029657106,20.749720496792552
2026,3,2026-09-23T04:55:31.617834+0000,96db6b1,offense,00-0039338,4432665,Brock Bowers,TE,LV,NO,2026-09-27T20:25:00.000000+0000,8.954157007359257,14.3,14.18,QUESTIONABLE,false,,0.7759240278567832,16.25569021900419
2026,3,2026-09-23T04:55:31.617834+0000,96db6b1,offense,00-0039342,4430034,Xavier Legette,WR,CAR,CLE,2026-09-27T17:00:00.000000+0000,4.591466319857234,3.4200000000000004,5.67,ACTIVE,false,,-0.0012456090060005713,12.053982413804528
2026,3,2026-09-23T04:55:31.617834+0000,96db6b1,offense,00-0039344,4678008,Jonathon Brooks,RB,CAR,CLE,2026-09-27T17:00:00.000000+0000,4.311893208450997,3.3600000000000003,0.0,DOUBTFUL,false,,0.043779044246407176,10.465041214261275
2026,3,2026-09-23T04:55:31.617834+0000,96db6b1,offense,00-0039355,4426948,Luke McCaffrey,WR,WAS,SEA,2026-09-27T17:00:00.000000+0000,2.380222664871158,4.340000000000001,0.0,ACTIVE,false,,-0.0016915931956739615,7.181492325575602
2026,3,2026-09-23T04:55:31.617834+0000,96db6b1,offense,00-0039356,4431588,Ja'Tavion Sanders,TE,CAR,CLE,2026-09-27T17:00:00.000000+0000,1.9889785533118711,2.6000000000000005,0.0,ACTIVE,false,,-0.0004051580293017788,4.4816423714714295
2026,3,2026-09-23T04:55:31.617834+0000,96db6b1,offense,00-0039359,4426496,Cade Stover,TE,HOU,IND,2026-09-27T17:00:00.000000+0000,1.1443564110840725,1.08,0.51,ACTIVE,false,,-4.955497722049791e-6,3.478783716640359
2026,3,2026-09-23T04:55:31.617834+0000,96db6b1,offense,00-0039361,4596448,Bucky Irving,RB,TB,MIN,2026-09-27T20:05:00.000000+0000,14.136881175419138,11.9,15.78,ACTIVE,false,,4.328332294264468,23.70038156836502
2026,3,2026-09-23T04:55:31.617834+0000,96db6b1,offense,00-0039364,4912274,Sione Vaki,RB,DET,NYJ,2026-09-27T17:00:00.000000+0000,2.115407793475053,1.1600000000000001,4.35,ACTIVE,false,,0.000021272448462098477,6.726750445785342
2026,3,2026-09-23T04:55:31.617834+0000,96db6b1,offense,00-0039365,4575665,Jacob Cowing,WR,SF,ARI,2026-09-27T20:05:00.000000+0000,1.9120185935960452,1.1400000000000001,3.62,ACTIVE,false,,-0.01808256951669124,6.2151138699019945
2026,3,2026-09-23T04:55:31.617834+0000,96db6b1,offense,00-0039376,4426339,Spencer Rattler,QB,NO,LV,2026-09-27T20:25:00.000000+0000,6.186423451737233,8.068000000000001,0.0,ACTIVE,false,,0.2901323275947886,18.91430566429551
2026,3,2026-09-23T04:55:31.617834+0000,96db6b1,offense,00-0039384,4360516,Tyrone Tracy Jr.,RB,NYG,TEN,2026-09-27T17:00:00.000000+0000,7.0436281650449954,8.760000000000002,0.03,ACTIVE,false,,0.6725763405308388,14.958562844230451
2026,3,2026-09-23T04:55:31.617834+0000,96db6b1,offense,00-0039391,4430968,Kimani Vidal,RB,LAC,BUF,2026-09-27T17:00:00.000000+0000,1.7494427113612618,1.78,0.79,ACTIVE,false,,-0.000012709687279661713,5.533899308832814
2026,3,2026-09-23T04:55:31.617834+0000,96db6b1,offense,00-0039407,4366963,Dylan Laube,RB,LV,NO,2026-09-27T20:25:00.000000+0000,0.8709994552078384,0.0,0.05,ACTIVE,false,,-4.05465156556515e-9,2.9251835471614775
2026,3,2026-09-23T04:55:31.617834+0000,96db6b1,offense,00-0039410,5083754,Ryan Flournoy,WR,DAL,BAL,2026-09-27T20:25:00.000000+0000,7.930379819095056,8.22,8.05,ACTIVE,false,,0.5506303598662087,17.86806081644131
2026,3,2026-09-23T04:55:31.617834+0000,96db6b1,offense,00-0039424,4569559,Devaughn Vele,WR,NO,LV,2026-09-27T20:25:00.000000+0000,12.617347808577422,14.7,11.51,ACTIVE,false,,3.5573235956055886,23.750195696178043
2026,3,2026-09-23T04:55:31.617834+0000,96db6b1,offense,00-0039451,4569371,Isaiah Williams,WR,NYJ,DET,2026-09-27T17:00:00.000000+0000,7.2466167982906,6.780000000000001,7.02,ACTIVE,false,,0.4539554394845411,16.47345919609884
2026,3,2026-09-23T04:55:31.617834+0000,96db6b1,offense,00-0039491,4695883,Jalen Coker,WR,CAR,CLE,2026-09-27T17:00:00.000000+0000,12.796771260376671,15.280000000000001,13.83,ACTIVE,false,,4.251229894738723,24.28537919295535
2026,3,2026-09-23T04:55:31.617834+0000,96db6b1,offense,00-0039518,4430684,Treyton Welch,TE,NO,LV,2026-09-27T20:25:00.000000+0000,0.9177437175722989,0.0,0.0,ACTIVE,false,,0.0,1.3636855432655133
2026,3,2026-09-23T04:55:31.617834+0000,96db6b1,offense,00-0039530,4360967,Brevyn Spann-Ford,TE,DAL,BAL,2026-09-27T20:25:00.000000+0000,2.4003520216644207,2.5,1.69,ACTIVE,false,,-0.0006292490142482136,6.152340906163313
2026,3,2026-09-23T04:55:31.617834+0000,96db6b1,offense,00-0039589,5097554,Kameron Johnson,WR,TB,MIN,2026-09-27T20:05:00.000000+0000,0.9534348171517935,0.0,0.03,ACTIVE,false,,-1.3666823357517477e-8,2.258171389195188
2026,3,2026-09-23T04:55:31.617834+0000,96db6b1,offense,00-0039603,4373273,British Brooks,RB,HOU,IND,2026-09-27T17:00:00.000000+0000,1.6994255113193963,1.2600000000000002,0.14,ACTIVE,false,,-0.008194313092687285,4.712921095289228
2026,3,2026-09-23T04:55:31.617834+0000,96db6b1,offense,00-0039648,4360978,David Martin-Robinson,TE,TEN,NYG,2026-09-27T17:00:00.000000+0000,1.0171650428156853,0.8600000000000001,0.0,ACTIVE,false,,-6.548278788261718e-6,2.2853292411283532
2026,3,2026-09-23T04:55:31.617834+0000,96db6b1,offense,00-0039686,4361088,Colson Yankoff,TE,WAS,SEA,2026-09-27T17:00:00.000000+0000,1.0797226302381107,0.4800000000000001,0.0,ACTIVE,false,,-0.00003503386434180257,2.0932868173376273
2026,3,2026-09-23T04:55:31.617834+0000,96db6b1,offense,00-0039732,4426338,Bo Nix,QB,DEN,LA,2026-09-28T00:20:00.000000+0000,15.223314148799345,12.951999999999998,16.56,ACTIVE,false,,3.107243353787863,27.872533720246363
2026,3,2026-09-23T04:55:31.617834+0000,96db6b1,offense,00-0039738,4429096,Blake Corum,RB,LA,DEN,2026-09-28T00:20:00.000000+0000,7.387662871838484,7.68,8.56,ACTIVE,false,,1.0411384322606316,16.589356733282845
2026,3,2026-09-23T04:55:31.617834+0000,96db6b1,offense,00-0039739,4431492,Roman Wilson,WR,PIT,CIN,2026-09-27T17:00:00.000000+0000,6.606071690877555,2.6799999999999993,7.12,ACTIVE,false,,0.6031641521106693,15.04160166180508
2026,3,2026-09-23T04:55:31.617834+0000,96db6b1,offense,00-0039746,4431545,Will Shipley,RB,PHI,CHI,2026-09-29T00:15:00.000000+0000,3.8089395506408867,2.3800000000000003,2.21,ACTIVE,false,,0.00002711269167630502,10.869269538054805
2026,3,2026-09-23T04:55:31.617834+0000,96db6b1,offense,00-0039751,4569382,Jordan Whittington,WR,LA,DEN,2026-09-28T00:20:00.000000+0000,1.5887412615977057,0.9400000000000001,2.39,QUESTIONABLE,false,,-0.0004471672382002066,5.95560816254455
2026,3,2026-09-23T04:55:31.617834+0000,96db6b1,offense,00-0039792,4696882,Devontez Walker,WR,BAL,DAL,2026-09-27T20:25:00.000000+0000,2.851521557339099,3.66,2.17,ACTIVE,false,,0.00004452599670888497,8.28235970472586
2026,3,2026-09-23T04:55:31.617834+0000,96db6b1,offense,00-0039793,4576297,AJ Barner,TE,SEA,WAS,2026-09-27T17:00:00.000000+0000,7.213939839674792,8.580000000000002,6.55,ACTIVE,false,,0.08535667250297008,13.726996455008278
2026,3,2026-09-23T04:55:31.617834+0000,96db6b1,offense,00-0039794,4685247,Braelon Allen,RB,NYJ,DET,2026-09-27T17:00:00.000000+0000,5.377644807805874,4.18,6.64,ACTIVE,false,,0.06440644922753445,12.371344257077546
2026,3,2026-09-23T04:55:31.617834+0000,96db6b1,offense,00-0039796,4690013,Rasheen Ali,RB,BAL,DAL,2026-09-27T20:25:00.000000+0000,0.9586194571903128,1.0,0.0,ACTIVE,false,,-4.557603929866326e-6,2.815814666489385
2026,3,2026-09-23T04:55:31.617834+0000,96db6b1,offense,00-0039798,4695404,Isaiah Davis,RB,NYJ,DET,2026-09-27T17:00:00.000000+0000,2.6282480035017035,5.74,0.0,ACTIVE,false,,0.04030164790457175,7.082734862814834
2026,3,2026-09-23T04:55:31.617834+0000,96db6b1,offense,00-0039811,4429023,MarShawn Lloyd,RB,GB,ATL,2026-09-25T00:15:00.000000+0000,6.8117934015744455,5.033333333333333,8.63,ACTIVE,false,,0.5996247937752492,14.49832060703687
2026,3,2026-09-23T04:55:31.617834+0000,96db6b1,offense,00-0039814,4427834,Erick All,TE,CIN,PIT,2026-09-27T17:00:00.000000+0000,2.488566691482043,2.4200000000000004,2.19,ACTIVE,false,,0.0001530451142399975,6.810376263703825
2026,3,2026-09-23T04:55:31.617834+0000,96db6b1,offense,00-0039824,4430723,Jared Wiley,TE,KC,MIA,2026-09-27T17:00:00.000000+0000,1.0257209158454126,0.27999999999999997,0.0,ACTIVE,false,,-0.00008193712770248479,1.6020060992904464
2026,3,2026-09-23T04:55:31.617834+0000,96db6b1,offense,00-0039847,4429148,Theo Johnson,TE,NYG,TEN,2026-09-27T17:00:00.000000+0000,4.321328948422612,3.6,2.89,ACTIVE,false,,0.3108686767921484,9.37870032593628
2026,3,2026-09-23T04:55:31.617834+0000,96db6b1,offense,00-0039849,4432708,Marvin Harrison Jr.,WR,ARI,SF,2026-09-27T20:05:00.000000+0000,5.0438532619861185,3.9200000000000004,7.03,ACTIVE,false,,-0.00036347627270864733,11.560632777327749
2026,3,2026-09-23T04:55:31.617834+0000,96db6b1,offense,00-0039851,4431452,Drake Maye,QB,NE,JAX,2026-09-27T17:00:00.000000+0000,14.767732885498047,17.944,18.64,ACTIVE,false,,3.459448185031233,28.09707321045054
2026,3,2026-09-23T04:55:31.617834+0000,96db6b1,offense,00-0039855,4430834,Jalen McMillan,WR,TB,MIN,2026-09-27T20:05:00.000000+0000,3.135504769018305,5.98,5.8,ACTIVE,false,,0.04030164790457175,9.732866857117212
2026,3,2026-09-23T04:55:31.617834+0000,96db6b1,offense,00-0039868,4431280,Troy Franklin,WR,DEN,LA,2026-09-28T00:20:00.000000+0000,3.4460172244832945,4.1,3.12,ACTIVE,false,,-0.0012209557535928148,10.81686792208668
2026,3,2026-09-23T04:55:31.617834+0000,96db6b1,offense,00-0039874,4682745,Jaylen Wright,RB,MIA,KC,2026-09-27T17:00:00.000000+0000,3.1075760508564505,4.58,1.63,QUESTIONABLE,false,,0.05101422693513039,9.28819109161794
2026,3,2026-09-23T04:55:31.617834+0000,96db6b1,offense,00-0039875,4429501,Ray Davis,RB,BUF,LAC,2026-09-27T17:00:00.000000+0000,4.423240870034938,6.74,1.42,ACTIVE,false,,0.03905378815547797,12.925167518235785
2026,3,2026-09-23T04:55:31.617834+0000,96db6b1,offense,00-0039880,4569603,Malik Washington,WR,MIA,KC,2026-09-27T17:00:00.000000+0000,9.060681820915692,7.7,9.77,ACTIVE,false,,1.1559858591591181,18.659969973816068
2026,3,2026-09-23T04:55:31.617834+0000,96db6b1,offense,00-0039890,4597500,Adonai Mitchell,WR,NYJ,DET,2026-09-27T17:00:00.000000+0000,9.615063595082654,6.76,10.7,ACTIVE,false,,1.7944263311546989,19.320265762806166
2026,3,2026-09-23T04:55:31.617834+0000,96db6b1,offense,00-0039893,4432773,Brian Thomas Jr.,WR,JAX,NE,2026-09-27T17:00:00.000000+0000,7.993754193677688,6.720000000000001,10.67,ACTIVE,false,,0.7132883346449073,17.432746771616063
2026,3,2026-09-23T04:55:31.617834+0000,96db6b1,offense,00-0039894,4683062,Xavier Worthy,WR,KC,MIA,2026-09-27T17:00:00.000000+0000,9.513183953150412,6.0,11.42,ACTIVE,false,,1.8581905440580537,19.315998395642918
2026,3,2026-09-23T04:55:31.617834+0000,96db6b1,offense,00-0039901,4635008,Keon Coleman,WR,BUF,LAC,2026-09-27T17:00:00.000000+0000,7.267164844042975,5.18,6.36,ACTIVE,false,,0.4913129378588589,15.64548732425389
2026,3,2026-09-23T04:55:31.617834+0000,96db6b1,offense,00-0039910,4426348,Jayden Daniels,QB,WAS,SEA,2026-09-27T17:00:00.000000+0000,15.918837031511998,13.616,0.0,DOUBTFUL,false,,4.742031195235395,27.204044874163642
2026,3,2026-09-23T04:55:31.617834+0000,96db6b1,offense,00-0039912,4690923,Ben Sinnott,TE,WAS,SEA,2026-09-27T17:00:00.000000+0000,1.8786705109166348,2.26,1.0,ACTIVE,false,,0.00006503843570288638,4.994148452094509
2026,3,2026-09-23T04:55:31.617834+0000,96db6b1,offense,00-0039915,4612826,Ladd McConkey,WR,LAC,BUF,2026-09-27T17:00:00.000000+0000,10.489275453263996,9.62,13.6,ACTIVE,false,,1.8503913157218888,19.15205469237779
2026,3,2026-09-23T04:55:31.617834+0000,96db6b1,offense,00-0039917,4360423,Michael Penix Jr.,QB,ATL,GB,2026-09-25T00:15:00.000000+0000,9.441060382005862,13.691999999999998,14.14,ACTIVE,false,,1.9416437481552653,22.437327932004102
2026,3,2026-09-23T04:55:31.617834+0000,96db6b1,offense,00-0039918,4431611,Caleb Williams,QB,CHI,PHI,2026-09-29T00:15:00.000000+0000,16.884467948272224,21.112000000000002,0.0,DOUBTFUL,false,,4.742031195235395,29.90584400500888
2026,3,2026-09-23T04:55:31.617834+0000,96db6b1,offense,00-0039919,4431299,Rome Odunze,WR,CHI,PHI,2026-09-29T00:15:00.000000+0000,8.364295571194718,6.340000000000002,10.3,ACTIVE,false,,0.8477020111418998,17.05487056899765
2026,3,2026-09-23T04:55:31.617834+0000,96db6b1,offense,00-0039920,4613104,Malachi Corley,WR,CLE,CAR,2026-09-27T17:00:00.000000+0000,1.930810558502758,2.66,0.02,ACTIVE,false,,-0.0009765589218451243,5.635993253115695
2026,3,2026-09-23T04:55:31.617834+0000,96db6b1,offense,00-0039923,4433970,J.J. McCarthy,QB,MIN,TB,2026-09-27T20:05:00.000000+0000,9.44044395009237,12.139999999999999,0.0,ACTIVE,false,,2.058337017809225,22.473831301759116
2026,3,2026-09-23T04:55:31.617834+0000,96db6b1,offense,00-0040014,4433971,Kyle McCord,QB,MIA,KC,2026-09-27T17:00:00.000000+0000,3.5037047754448776,13.149895931882691,0.0,ACTIVE,false,,-0.07370415810284008,15.559841988227806
2026,3,2026-09-23T04:55:31.617834+0000,96db6b1,offense,00-0040024,4715355,Darius Cooper,WR,PHI,CHI,2026-09-29T00:15:00.000000+0000,3.8426054358791766,3.66,2.52,ACTIVE,false,,0.04375439099399942,10.740877749351046
2026,3,2026-09-23T04:55:31.617834+0000,96db6b1,offense,00-0040058,4569547,Nick Kallerup,TE,SEA,WAS,2026-09-27T17:00:00.000000+0000,1.0530233795801653,0.0,0.0,ACTIVE,false,,3.346417472712048e-10,2.78809155859208
2026,3,2026-09-23T04:55:31.617834+0000,96db6b1,offense,00-0040075,4690143,LaJohntay Wester,WR,BAL,DAL,2026-09-27T20:25:00.000000+0000,2.358957645268422,1.1800000000000002,3.74,ACTIVE,false,,0.000020333706033216635,6.980385827841795
2026,3,2026-09-23T04:55:31.617834+0000,96db6b1,offense,00-0040078,4596602,Brashard Smith,RB,KC,MIA,2026-09-27T17:00:00.000000+0000,3.182201147194309,3.7600000000000002,0.01,ACTIVE,false,,-0.0013006336043988786,9.127385153851803
2026,3,2026-09-23T04:55:31.617834+0000,96db6b1,offense,00-0040081,4431196,Jake Briningstool,TE,KC,MIA,2026-09-27T17:00:00.000000+0000,1.2499893567904834,0.95,0.55,ACTIVE,false,,-6.521780857639062e-7,2.808443936464273
2026,3,2026-09-23T04:55:31.617834+0000,96db6b1,offense,00-0040122,4890973,Ashton Jeanty,RB,LV,NO,2026-09-27T20:25:00.000000+0000,16.669250829177994,19.3,18.87,ACTIVE,false,,4.803031195235395,29.275584460953464
2026,3,2026-09-23T04:55:31.617834+0000,96db6b1,offense,00-0040124,4685472,Tetairoa McMillan,WR,CAR,CLE,2026-09-27T17:00:00.000000+0000,12.823564303362492,11.780000000000003,14.25,ACTIVE,false,,3.9882559598520078,23.56318448335757
2026,3,2026-09-23T04:55:31.617834+0000,96db6b1,offense,00-0040126,4723086,Colston Loveland,TE,CHI,PHI,2026-09-29T00:15:00.000000+0000,9.828172124693452,10.76,9.89,ACTIVE,false,,1.4211452907829856,19.487155736683746
2026,3,2026-09-23T04:55:31.617834+0000,96db6b1,offense,00-0040128,4431459,Tyler Warren,TE,IND,HOU,2026-09-27T17:00:00.000000+0000,12.135227992901479,9.520000000000001,12.3,ACTIVE,true,TE,2.52379119488138,20.771528794043878
2026,3,2026-09-23T04:55:31.617834+0000,96db6b1,offense,00-0040129,4567750,Emeka Egbuka,WR,TB,MIN,2026-09-27T20:05:00.000000+0000,10.340203582068732,6.6800000000000015,12.37,ACTIVE,false,,1.7944263311546989,19.93365063239256
2026,3,2026-09-23T04:55:31.617834+0000,96db6b1,offense,00-0040131,4613202,Kyle Williams,WR,NE,JAX,2026-09-27T17:00:00.000000+0000,1.9545001834863887,4.0200000000000005,5.2,ACTIVE,false,,-0.0015608309519430897,7.217829108366038
2026,3,2026-09-23T04:55:31.617834+0000,96db6b1,offense,00-0040134,4600981,Pat Bryant,WR,DEN,LA,2026-09-28T00:20:00.000000+0000,6.980955677404849,6.659999999999999,5.77,ACTIVE,false,,0.4539554394845411,16.625053486116663
2026,3,2026-09-23T04:55:31.617834+0000,96db6b1,offense,00-0040138,4586312,Jaylin Noel,WR,HOU,IND,2026-09-27T17:00:00.000000+0000,5.207147252218533,5.92,3.94,ACTIVE,false,,0.14305614035518519,11.86981795200165
2026,3,2026-09-23T04:55:31.617834+0000,96db6b1,offense,00-0040142,4819231,Kaleb Johnson,RB,GB,ATL,2026-09-25T00:15:00.000000+0000,2.2239938076305927,0.8600000000000001,7.9,ACTIVE,false,,-0.0007975487962528699,7.124999021423714
2026,3,2026-09-23T04:55:31.617834+0000,96db6b1,offense,00-0040154,4565185,Tai Felton,WR,MIN,TB,2026-09-27T20:05:00.000000+0000,0.7463039853269569,0.72,0.0,ACTIVE,false,,-0.0004462745675201493,2.596963190271115
2026,3,2026-09-23T04:55:31.617834+0000,96db6b1,offense,00-0040164,4602667,Jaylin Lane,WR,WAS,SEA,2026-09-27T17:00:00.000000+0000,1.2819386445211132,1.48,0.23,ACTIVE,false,,-6.685518748508054e-7,4.104290162831906
2026,3,2026-09-23T04:55:31.617834+0000,96db6b1,offense,00-0040170,4883647,Elic Ayomanor,WR,TEN,NYG,2026-09-27T17:00:00.000000+0000,8.397641709149735,9.5,4.78,ACTIVE,false,,1.1624423525452705,17.865036547914027
2026,3,2026-09-23T04:55:31.617834+0000,96db6b1,offense,00-0040172,4431466,Jordan Watkins,WR,SF,ARI,2026-09-27T20:05:00.000000+0000,1.3323444056106482,1.1500000000000001,1.17,ACTIVE,false,,-0.00045189309764740907,4.226757723078212
2026,3,2026-09-23T04:55:31.617834+0000,96db6b1,offense,00-0040177,4685397,Jordan James,RB,SF,ARI,2026-09-27T20:05:00.000000+0000,1.9082488889265095,0.75,0.0,ACTIVE,false,,-0.0007944805193198645,5.963434252862204
2026,3,2026-09-23T04:55:31.617834+0000,96db6b1,offense,00-0040179,4874509,DJ Giddens,RB,IND,HOU,2026-09-27T17:00:00.000000+0000,1.4014290493526294,1.04,0.0,QUESTIONABLE,false,,-0.0012692967912546085,5.066963532827002
2026,3,2026-09-23T04:55:31.617834+0000,96db6b1,offense,00-0040187,4683243,Mitchell Evans,TE,CAR,CLE,2026-09-27T17:00:00.000000+0000,3.1451729080167388,2.5200000000000005,1.6,ACTIVE,false,,-0.0012456090060005713,8.0873087782343
2026,3,2026-09-23T04:55:31.617834+0000,96db6b1,offense,00-0040189,4595342,Oronde Gadsden II,TE,LAC,BUF,2026-09-27T17:00:00.000000+0000,4.4077503789441455,6.640000000000001,8.69,ACTIVE,false,,0.2279773310608787,10.327786317313139
2026,3,2026-09-23T04:55:31.617834+0000,96db6b1,offense,00-0040194,4573699,Jackson Hawes,TE,BUF,LAC,2026-09-27T17:00:00.000000+0000,1.548606870736303,1.1199999999999999,0.55,ACTIVE,false,,-8.255629585057482e-7,4.038557398791865
2026,3,2026-09-23T04:55:31.617834+0000,96db6b1,offense,00-0040198,4711533,Ollie Gordon II,RB,MIA,KC,2026-09-27T17:00:00.000000+0000,1.8356474422683984,0.54,1.56,ACTIVE,false,,0.0005218079229957732,5.443728166617759
2026,3,2026-09-23T04:55:31.617834+0000,96db6b1,offense,00-0040203,4429955,Will Howard,QB,PIT,CIN,2026-09-27T17:00:00.000000+0000,3.5037047754448776,13.149895931882691,0.0,ACTIVE,false,,-0.07370415810284008,15.209517699061546
2026,3,2026-09-23T04:55:31.617834+0000,96db6b1,offense,00-0040206,4683423,Riley Leonard,QB,IND,HOU,2026-09-27T17:00:00.000000+0000,5.476404639496225,6.2,0.0,ACTIVE,false,,0.22715904304150758,19.78047714660796
2026,3,2026-09-23T04:55:31.617834+0000,96db6b1,offense,00-0040208,4429299,Tahj Brooks,RB,CIN,PIT,2026-09-27T17:00:00.000000+0000,1.0496419208877574,0.8200000000000001,0.03,ACTIVE,false,,-0.00045054046946160406,3.6733093176891014
2026,3,2026-09-23T04:55:31.617834+0000,96db6b1,offense,00-0040215,4708049,Gavin Bartholomew,TE,MIN,TB,2026-09-27T20:05:00.000000+0000,2.5598348039280445,4.0870036658306015,0.0,ACTIVE,false,,0.0001440119762785336,8.139081199620994
2026,3,2026-09-23T04:55:31.617834+0000,96db6b1,offense,00-0040225,4590292,Thomas Fidone II,TE,NYG,TEN,2026-09-27T17:00:00.000000+0000,1.069282268347002,0.0,0.0,ACTIVE,false,,-0.0009000004953372409,1.7593024197861977
2026,3,2026-09-23T04:55:31.617834+0000,96db6b1,offense,00-0040234,4889929,Quinn Ewers,QB,JAX,NE,2026-09-27T17:00:00.000000+0000,7.6233365011012415,8.295,0.0,ACTIVE,false,,0.7587165569893242,20.69635868132626
2026,3,2026-09-23T04:55:31.617834+0000,96db6b1,offense,00-0040236,4608686,Kyle Monangai,RB,CHI,PHI,2026-09-29T00:15:00.000000+0000,10.274592888305262,10.820000000000002,8.39,ACTIVE,false,,2.2394960882467436,18.786388289744377
2026,3,2026-09-23T04:55:31.617834+0000,96db6b1,offense,00-0040237,4608810,Tez Johnson,WR,TB,MIN,2026-09-27T20:05:00.000000+0000,4.667436343556051,2.7,2.29,ACTIVE,false,,0.036136542620724944,11.571121515630296
2026,3,2026-09-23T04:55:31.617834+0000,96db6b1,offense,00-0040238,4911851,LeQuint Allen Jr.,RB,JAX,NE,2026-09-27T17:00:00.000000+0000,1.3492011135547164,0.26,1.68,ACTIVE,false,,-0.0008195509031469268,4.50885152531576
2026,3,2026-09-23T04:55:31.617834+0000,96db6b1,offense,00-0040242,4575131,Jacory Croskey-Merritt,RB,WAS,SEA,2026-09-27T17:00:00.000000+0000,9.25948627095189,10.459999999999999,8.78,ACTIVE,false,,1.7098477756490715,20.66801677095791
2026,3,2026-09-23T04:55:31.617834+0000,96db6b1,offense,00-0040277,5160110,Jahdae Walker,WR,CHI,PHI,2026-09-29T00:15:00.000000+0000,3.8657834393711545,6.76,0.48,ACTIVE,false,,0.040356672502970065,11.442021328513425
2026,3,2026-09-23T04:55:31.617834+0000,96db6b1,offense,00-0040363,4688552,Keleki Latu,TE,BUF,LAC,2026-09-27T17:00:00.000000+0000,1.0742577962698547,1.22,0.0,ACTIVE,false,,-1.5314258988262677e-6,2.2364074860514025
2026,3,2026-09-23T04:55:31.617834+0000,96db6b1,offense,00-0040390,4602788,Jackson Meeks,TE,DET,NYJ,2026-09-27T17:00:00.000000+0000,0.9177437175722989,0.0,0.0,ACTIVE,false,,0.0,0.7726833482094914
2026,3,2026-09-23T04:55:31.617834+0000,96db6b1,offense,00-0040398,4429435,Brady Cook,QB,MIA,KC,2026-09-27T17:00:00.000000+0000,5.956905426695152,5.692,0.0,ACTIVE,false,,0.22715904304150758,17.596370133074483
2026,3,2026-09-23T04:55:31.617834+0000,96db6b1,offense,00-0040466,4601080,Raheim Sanders,RB,CLE,CAR,2026-09-27T17:00:00.000000+0000,4.075099709520668,4.34,4.62,ACTIVE,false,,0.05231711128262249,11.62960959567177
2026,3,2026-09-23T04:55:31.617834+0000,96db6b1,offense,00-0040506,4430656,Myles Price,WR,MIN,TB,2026-09-27T20:05:00.000000+0000,1.0347922353174985,0.0,0.13,ACTIVE,false,,-0.0007873071509960776,3.899943875016139
2026,3,2026-09-23T04:55:31.617834+0000,96db6b1,offense,00-0040534,4570738,Ke'Shawn Williams,WR,CIN,PIT,2026-09-27T17:00:00.000000+0000,1.2152385845298157,0.5,0.0,ACTIVE,false,,-0.00048355132738462557,4.076755065175006
2026,3,2026-09-23T04:55:31.617834+0000,96db6b1,offense,00-0040556,4431431,Corey Kiner,RB,NE,JAX,2026-09-27T17:00:00.000000+0000,2.5879839172136077,1.86,0.0,ACTIVE,false,,-0.000605550192298141,7.796769707823587
2026,3,2026-09-23T04:55:31.617834+0000,96db6b1,offense,00-0040563,4695193,Efton Chism III,WR,NE,JAX,2026-09-27T17:00:00.000000+0000,2.2110129855030265,3.46,0.54,ACTIVE,false,,-0.00001150206524341237,7.195843830984654
2026,3,2026-09-23T04:55:31.617834+0000,96db6b1,offense,00-0040582,4429105,Arian Smith,WR,NYJ,DET,2026-09-27T17:00:00.000000+0000,1.0527221830389921,0.33999999999999997,0.0,INJURY_RESERVE,false,,-5.872881778500794e-7,2.9786370690415764
2026,3,2026-09-23T04:55:31.617834+0000,96db6b1,offense,00-0040583,4429059,Woody Marks,RB,HOU,IND,2026-09-27T17:00:00.000000+0000,8.891598444004678,6.720000000000001,8.6,ACTIVE,false,,1.0032889428354592,17.716460658253627
2026,3,2026-09-23T04:55:31.617834+0000,96db6b1,offense,00-0040584,4686728,Gunnar Helm,TE,TEN,NYG,2026-09-27T17:00:00.000000+0000,6.522661668333088,5.8,7.88,ACTIVE,false,,0.1417834186575083,12.199307043432364
2026,3,2026-09-23T04:55:31.617834+0000,96db6b1,offense,00-0040589,4430431,Kurtis Rourke,QB,SF,ARI,2026-09-27T20:05:00.000000+0000,3.200730948495564,13.149895931882691,0.0,ACTIVE,false,,-0.07370415810284008,14.754206133178673
2026,3,2026-09-23T04:55:31.617834+0000,96db6b1,offense,00-0040590,4710855,Konata Mumpfield,WR,LA,DEN,2026-09-28T00:20:00.000000+0000,2.8910778158641293,2.44,1.58,ACTIVE,false,,-0.00039655804918495974,8.30203226468166
2026,3,2026-09-23T04:55:31.617834+0000,96db6b1,offense,00-0040598,,Mark Redman,TE,GB,ATL,2026-09-25T00:15:00.000000+0000,2.5916329540037024,4.0870036658306015,,,false,,0.0001440119762785336,8.239837752972665
2026,3,2026-09-23T04:55:31.617834+0000,96db6b1,offense,00-0040621,4600597,Montorie Foster Jr,WR,SEA,WAS,2026-09-27T17:00:00.000000+0000,0.9964058334467286,0.0,0.0,ACTIVE,false,,0.0,3.1346894383480017
2026,3,2026-09-23T04:55:31.617834+0000,96db6b1,offense,00-0040646,5082630,Jalen Royals,WR,KC,MIA,2026-09-27T17:00:00.000000+0000,2.8479491417599574,2.2,1.62,ACTIVE,false,,0.04446970383492761,8.374735757387656
2026,3,2026-09-23T04:55:31.617834+0000,96db6b1,offense,00-0040648,4597703,Tory Horton,WR,SEA,WAS,2026-09-27T17:00:00.000000+0000,4.03684748264323,6.74,1.12,ACTIVE,false,,0.04030164790457175,11.73181297363238
2026,3,2026-09-23T04:55:31.617834+0000,96db6b1,offense,00-0040663,5083076,Harold Fannin Jr.,TE,CLE,CAR,2026-09-27T17:00:00.000000+0000,8.595607328498366,11.4,9.79,ACTIVE,false,,0.5435941962459198,16.582010624708417
2026,3,2026-09-23T04:55:31.617834+0000,96db6b1,offense,00-0040666,4685382,Omarion Hampton,RB,LAC,BUF,2026-09-27T17:00:00.000000+0000,13.746494703103822,13.959999999999999,15.02,ACTIVE,false,,3.7870701155164275,23.73463488623064
2026,3,2026-09-23T04:55:31.617834+0000,96db6b1,offense,00-0040667,4701936,Matthew Golden,WR,GB,ATL,2026-09-25T00:15:00.000000+0000,11.222307083914174,5.94,11.41,ACTIVE,false,,2.544529609182979,20.097178490946504
2026,3,2026-09-23T04:55:31.617834+0000,96db6b1,offense,00-0040668,4432762,Shedeur Sanders,QB,CLE,CAR,2026-09-27T17:00:00.000000+0000,7.911588870348241,12.52,0.0,ACTIVE,false,,0.7847531332775912,21.34639659841434
2026,3,2026-09-23T04:55:31.617834+0000,96db6b1,offense,00-0040669,5123663,Isaac TeSlaa,WR,DET,NYJ,2026-09-27T17:00:00.000000+0000,6.387671289877032,7.3,5.27,ACTIVE,false,,0.40893078623213336,15.37297227153298
2026,3,2026-09-23T04:55:31.617834+0000,96db6b1,offense,00-0040673,4432734,Jalen Milroe,QB,SEA,WAS,2026-09-27T17:00:00.000000+0000,1.8416354843637452,-0.5333333333333333,0.0,ACTIVE,false,,-0.11462025280067129,8.06361354841467
2026,3,2026-09-23T04:55:31.617834+0000,96db6b1,offense,00-0040676,4688380,Cam Ward,QB,TEN,NYG,2026-09-27T17:00:00.000000+0000,13.521194865589312,15.191999999999998,13.86,ACTIVE,false,,3.7933838457709297,25.717869282236464
2026,3,2026-09-23T04:55:31.617834+0000,96db6b1,offense,00-0040691,4689114,Jaxson Dart,QB,NYG,TEN,2026-09-27T17:00:00.000000+0000,14.169989570334204,14.579999999999998,0.0,DOUBTFUL,false,,3.8180192487821922,25.076322168271638
2026,3,2026-09-23T04:55:31.617834+0000,96db6b1,offense,00-0040705,4431268,Chimere Dike,WR,TEN,NYG,2026-09-27T17:00:00.000000+0000,2.719040900121939,6.12,0.92,ACTIVE,false,,-0.0004182921749316167,8.04900540814051
2026,3,2026-09-23T04:55:31.617834+0000,96db6b1,offense,00-0040715,4696981,Cam Skattebo,RB,NYG,TEN,2026-09-27T17:00:00.000000+0000,12.060452119162557,16.6,13.99,ACTIVE,true,RB,2.470083444955125,21.763939335868717
2026,3,2026-09-23T04:55:31.617834+0000,96db6b1,offense,00-0040718,4685415,Travis Hunter,WR,JAX,NE,2026-09-27T17:00:00.000000+0000,4.2687516163012535,0.0,3.45,ACTIVE,false,,0.309432840738723,11.62173573253639
2026,3,2026-09-23T04:55:31.617834+0000,96db6b1,offense,00-0040719,4882093,Bhayshul Tuten,RB,JAX,NE,2026-09-27T17:00:00.000000+0000,9.649437142786024,8.02,11.0,ACTIVE,false,,2.21233825143209,19.08742294500011
2026,3,2026-09-23T04:55:31.617834+0000,96db6b1,offense,00-0040727,4686612,Tre Harris,WR,LAC,BUF,2026-09-27T17:00:00.000000+0000,7.721774049914831,5.6000000000000005,7.96,ACTIVE,false,,0.4913129378588589,16.075010690184207
2026,3,2026-09-23T04:55:31.617834+0000,96db6b1,offense,00-0040729,4603186,Jack Bech,WR,LV,NO,2026-09-27T20:25:00.000000+0000,4.836289128109089,5.16,4.74,ACTIVE,false,,0.6709568548257471,11.762574551509914
2026,3,2026-09-23T04:55:31.617834+0000,96db6b1,offense,00-0040730,4568490,RJ Harvey,RB,DEN,LA,2026-09-28T00:20:00.000000+0000,10.097506510222413,12.719999999999999,9.5,QUESTIONABLE,false,,2.5848171078069484,20.751031496628514
2026,3,2026-09-23T04:55:31.617834+0000,96db6b1,offense,00-0040734,4432710,TreVeyon Henderson,RB,NE,JAX,2026-09-27T17:00:00.000000+0000,11.101760378240844,14.280000000000001,10.5,ACTIVE,false,,2.8004100361934205,20.196385247330667
2026,3,2026-09-23T04:55:31.617834+0000,96db6b1,offense,00-0040735,4685278,Luther Burden III,WR,CHI,PHI,2026-09-29T00:15:00.000000+0000,9.556540434483606,13.080000000000002,11.59,ACTIVE,false,,1.9159933239344973,19.83369458723713
2026,3,2026-09-23T04:55:31.617834+0000,96db6b1,offense,00-0040736,4808766,Mason Taylor,TE,NYJ,DET,2026-09-27T17:00:00.000000+0000,4.115939140717905,4.220000000000001,3.99,DOUBTFUL,false,,0.051044389584945615,10.892195102485879
2026,3,2026-09-23T04:55:31.617834+0000,96db6b1,offense,00-0040737,4570037,Terrance Ferguson,TE,LA,DEN,2026-09-28T00:20:00.000000+0000,8.0558899644017,8.940000000000001,7.94,ACTIVE,false,,1.434620492256073,16.030644975431965
2026,3,2026-09-23T04:55:31.617834+0000,96db6b1,offense,00-0040739,4678006,Elijah Arroyo,TE,SEA,WAS,2026-09-27T17:00:00.000000+0000,1.378574906909318,0.8400000000000001,2.57,ACTIVE,false,,-4.991354081211092e-6,4.312520341122109
2026,3,2026-09-23T04:55:31.617834+0000,96db6b1,offense,00-0040743,4360689,Tyler Shough,QB,NO,LV,2026-09-27T20:25:00.000000+0000,17.54387655366872,21.276,18.83,ACTIVE,false,,4.742031195235395,28.056742362843107
2026,3,2026-09-23T04:55:31.617834+0000,96db6b1,offense,00-0040782,4808839,Isaiah Bond,WR,CLE,CAR,2026-09-27T17:00:00.000000+0000,1.5331231267796293,1.86,0.46,ACTIVE,false,,-0.000010896495481605891,5.809550213580108
2026,3,2026-09-23T04:55:31.617834+0000,96db6b1,offense,00-0040784,4685702,Quinshon Judkins,RB,CLE,CAR,2026-09-27T17:00:00.000000+0000,10.4780304016394,8.2,13.72,ACTIVE,false,,2.093806552496956,21.228815518803497
2026,3,2026-09-23T04:55:31.617834+0000,96db6b1,offense,00-0040785,4384852,Dohnte Meyers,WR,CIN,PIT,2026-09-27T17:00:00.000000+0000,2.2694842023077086,1.9000000000000001,1.54,ACTIVE,false,,9.066329836094338e-6,6.540579705035346
2026,3,2026-09-23T04:55:31.617834+0000,96db6b1,offense,00-0040867,4870795,Makai Lemon,WR,PHI,CHI,2026-09-29T00:15:00.000000+0000,5.675481491407239,2.2,7.26,ACTIVE,false,,-0.0012456090060005713,12.721160576055688
2026,3,2026-09-23T04:55:31.617834+0000,96db6b1,offense,00-0040876,5088338,Elijah Sarratt,WR,BAL,DAL,2026-09-27T20:25:00.000000+0000,2.5566518940651735,6.375924685225839,0.0,ACTIVE,false,,0.00015778264423221014,9.773569659255028
2026,3,2026-09-23T04:55:31.617834+0000,96db6b1,offense,00-0040878,4686658,Mike Washington Jr.,RB,LV,NO,2026-09-27T20:25:00.000000+0000,3.4287285595338237,2.4000000000000004,3.71,ACTIVE,false,,0.018589045533927262,9.70061847932807
2026,3,2026-09-23T04:55:31.617834+0000,96db6b1,offense,00-0040879,4432260,Matthew Hibner,TE,BAL,DAL,2026-09-27T20:25:00.000000+0000,1.4708789392515096,1.15,0.53,ACTIVE,false,,-6.155426415147999e-7,4.381154420202155
2026,3,2026-09-23T04:55:31.617834+0000,96db6b1,offense,00-0040886,4685555,Nicholas Singleton,RB,TEN,NYG,2026-09-27T17:00:00.000000+0000,2.100501057185438,1.0,1.42,ACTIVE,false,,-0.0008042382547580924,7.2510552628671645
2026,3,2026-09-23T04:55:31.617834+0000,96db6b1,offense,00-0040887,4876132,Josh Cuevas,TE,BAL,DAL,2026-09-27T20:25:00.000000+0000,1.0917909527445482,0.0,0.0,ACTIVE,false,,0.0,1.886791390033979
2026,3,2026-09-23T04:55:31.617834+0000,96db6b1,offense,00-0040890,4912218,Cyrus Allen,WR,KC,MIA,2026-09-27T17:00:00.000000+0000,1.1184798184460125,0.0,1.08,ACTIVE,false,,-0.0007888870929711538,2.9368126150880136
2026,3,2026-09-23T04:55:31.617834+0000,96db6b1,offense,00-0040891,4879250,Cole Payton,QB,PHI,CHI,2026-09-29T00:15:00.000000+0000,3.2714512110897234,13.149895931882691,0.0,ACTIVE,false,,-0.07370415810284008,14.874464352234224
2026,3,2026-09-23T04:55:31.617834+0000,96db6b1,offense,00-0040894,5150247,Malik Benson,WR,LV,NO,2026-09-27T20:25:00.000000+0000,2.5980928284466387,0.4,1.75,ACTIVE,false,,-0.0026196622744171128,7.831228846144586
2026,3,2026-09-23T04:55:31.617834+0000,96db6b1,offense,00-0040906,4567747,Garrett Nussmeier,QB,KC,MIA,2026-09-27T17:00:00.000000+0000,3.2714512110897234,13.149895931882691,0.0,ACTIVE,false,,-0.07370415810284008,14.721010737876774
2026,3,2026-09-23T04:55:31.617834+0000,96db6b1,offense,00-0040930,4808759,Camden Brown,WR,DAL,BAL,2026-09-27T20:25:00.000000+0000,2.68442918067176,6.375924685225839,0.0,ACTIVE,false,,0.0001783196844399935,9.820392428162936
2026,3,2026-09-23T04:55:31.617834+0000,96db6b1,offense,00-0040948,4635009,J. Michael Sturdivant,WR,GB,ATL,2026-09-25T00:15:00.000000+0000,1.1385352151090087,0.0,0.51,ACTIVE,false,,0.0,3.734080251929789
2026,3,2026-09-23T04:55:31.617834+0000,96db6b1,offense,00-0040981,4429582,Joe Fagnano,QB,BAL,DAL,2026-09-27T20:25:00.000000+0000,3.394848166057879,13.149895931882691,0.0,ACTIVE,false,,-0.07370415810284008,15.101955124380144
2026,3,2026-09-23T04:55:31.617834+0000,96db6b1,offense,00-0041013,4832955,Emmett Johnson,RB,KC,MIA,2026-09-27T17:00:00.000000+0000,6.038569586120098,7.15,6.12,ACTIVE,false,,0.19997011677599685,14.376668630988759
2026,3,2026-09-23T04:55:31.617834+0000,96db6b1,offense,00-0041027,4870808,Jeremiyah Love,RB,ARI,SF,2026-09-27T20:05:00.000000+0000,10.220024288528382,10.25,12.75,ACTIVE,false,,2.353000944086891,20.176555483928095
2026,3,2026-09-23T04:55:31.617834+0000,96db6b1,offense,00-0041032,5083315,Kenyon Sadiq,TE,NYJ,DET,2026-09-27T17:00:00.000000+0000,6.06808544628527,7.550000000000001,7.34,ACTIVE,false,,0.6339335964167682,14.444058321686178
2026,3,2026-09-23T04:55:31.617834+0000,96db6b1,offense,00-0041037,4832800,Denzel Boston,WR,CLE,CAR,2026-09-27T17:00:00.000000+0000,12.892018484915747,17.2,11.31,ACTIVE,false,,2.2755093297808604,23.769432964398874
2026,3,2026-09-23T04:55:31.617834+0000,96db6b1,offense,00-0041040,5081432,Antonio Williams,WR,WAS,SEA,2026-09-27T17:00:00.000000+0000,8.232786005174876,10.899999999999999,5.16,ACTIVE,false,,1.295527678298491,17.36156341035199
2026,3,2026-09-23T04:55:31.617834+0000,96db6b1,offense,00-0041041,4702559,Oscar Delp,TE,NO,LV,2026-09-27T20:25:00.000000+0000,1.766906312722652,1.8,0.56,ACTIVE,false,,-5.5982479846704076e-6,4.5448270109472695
2026,3,2026-09-23T04:55:31.617834+0000,96db6b1,offense,00-0041042,4682648,Malachi Fields,WR,NYG,TEN,2026-09-27T17:00:00.000000+0000,8.62550917909158,4.75,8.26,ACTIVE,false,,0.6444852425596023,17.35877439954382
2026,3,2026-09-23T04:55:31.617834+0000,96db6b1,offense,00-0041044,4870612,Zachariah Branch,WR,ATL,GB,2026-09-25T00:15:00.000000+0000,1.6890573961457374,1.7000000000000002,1.66,ACTIVE,false,,-4.991658017148833e-6,6.970234399529231
2026,3,2026-09-23T04:55:31.617834+0000,96db6b1,offense,00-0041048,5220680,Ted Hurst III,WR,TB,MIN,2026-09-27T20:05:00.000000+0000,8.529980818794177,5.65,5.83,ACTIVE,false,,1.5175577990107838,17.92754922144995
2026,3,2026-09-23T04:55:31.617834+0000,96db6b1,offense,00-0041051,4869748,Zavion Thomas,WR,CHI,PHI,2026-09-29T00:15:00.000000+0000,1.1353523052461376,0.0,0.03,ACTIVE,false,,0.0,2.8315901687544316
2026,3,2026-09-23T04:55:31.617834+0000,96db6b1,offense,00-0041052,4696044,Kaelon Black,RB,SF,ARI,2026-09-27T20:05:00.000000+0000,6.263490002912928,5.25,7.38,ACTIVE,false,,0.5119649960923941,13.856752223936509
2026,3,2026-09-23T04:55:31.617834+0000,96db6b1,offense,00-0041056,4685413,Cade Klubnik,QB,NYJ,DET,2026-09-27T17:00:00.000000+0000,3.4865399180059153,13.149895931882691,0.0,ACTIVE,false,,-0.07383190611249416,16.67330803657383
2026,3,2026-09-23T04:55:31.617834+0000,96db6b1,offense,00-0041067,4879276,Bryce Lance,WR,NO,LV,2026-09-27T20:25:00.000000+0000,5.736051578401695,4.5,3.84,ACTIVE,false,,0.04375439099399942,13.010097852046954
2026,3,2026-09-23T04:55:31.617834+0000,96db6b1,offense,00-0041069,5092508,Colbie Young,WR,CIN,PIT,2026-09-27T17:00:00.000000+0000,1.3093914835742526,0.8500000000000001,1.09,ACTIVE,false,,-1.3227297234881588e-6,4.52013687579979
2026,3,2026-09-23T04:55:31.617834+0000,96db6b1,offense,00-0041070,4869132,Reggie Virgil,WR,ARI,SF,2026-09-27T20:05:00.000000+0000,2.565704905802265,6.375924685225839,0.0,ACTIVE,false,,0.00012092212025883058,9.466185815831578
2026,3,2026-09-23T04:55:31.617834+0000,96db6b1,offense,00-0041077,4912052,Justin Joly,TE,MIA,KC,2026-09-27T17:00:00.000000+0000,2.574352858863662,4.0870036658306015,0.0,ACTIVE,false,,0.0001440119762785336,7.62732372998991
2026,3,2026-09-23T04:55:31.617834+0000,96db6b1,offense,00-0041081,4878695,Max Bredeson,RB,MIN,TB,2026-09-27T20:05:00.000000+0000,2.5598348039280445,7.425130276711768,0.0,ACTIVE,false,,0.00020500647765667358,9.184812389723032
2026,3,2026-09-23T04:55:31.617834+0000,96db6b1,offense,00-0041084,4917427,Tanner Koziol,TE,JAX,NE,2026-09-27T17:00:00.000000+0000,2.5684827569894417,4.0870036658306015,0.0,ACTIVE,false,,0.00023212366917424958,7.70689903812566
2026,3,2026-09-23T04:55:31.617834+0000,96db6b1,offense,00-0041092,4431325,Taylen Green,QB,CLE,CAR,2026-09-27T17:00:00.000000+0000,3.3917582032505464,13.149895931882691,0.0,ACTIVE,false,,-0.07370415810284008,14.852882603500923
2026,3,2026-09-23T04:55:31.617834+0000,96db6b1,offense,00-0041094,4890373,Bauer Sharp,TE,TB,MIN,2026-09-27T20:05:00.000000+0000,1.1353523052461376,0.0,0.0,ACTIVE,false,,0.0,0.9266873023532386
2026,3,2026-09-23T04:55:31.617834+0000,96db6b1,offense,00-0041096,4685246,Kaytron Allen,RB,WAS,SEA,2026-09-27T17:00:00.000000+0000,3.1624463274855397,2.0,1.1,ACTIVE,false,,-0.0020383594472000136,9.066225277658075
2026,3,2026-09-23T04:55:31.617834+0000,96db6b1,offense,00-0041099,4698597,Barion Brown,WR,NO,LV,2026-09-27T20:25:00.000000+0000,1.413077027347719,0.15000000000000002,0.9,ACTIVE,false,,-0.0008117893748305677,3.394991432025646
2026,3,2026-09-23T04:55:31.617834+0000,96db6b1,offense,00-0041100,4879194,Josh Cameron,WR,JAX,NE,2026-09-27T17:00:00.000000+0000,3.084459535790358,5.0,0.54,ACTIVE,false,,0.04375439099399942,8.97516097991181
2026,3,2026-09-23T04:55:31.617834+0000,96db6b1,offense,00-0041104,4832846,Demond Claiborne,RB,MIN,TB,2026-09-27T20:05:00.000000+0000,1.5930958536163573,1.2,1.39,ACTIVE,false,,-4.991658017148833e-6,5.074142191342195
2026,3,2026-09-23T04:55:31.617834+0000,96db6b1,offense,00-0041106,5085024,C.J. Williams,WR,JAX,NE,2026-09-27T17:00:00.000000+0000,0.9777769843339935,0.0,,,false,,0.0,3.5669374281393558
2026,3,2026-09-23T04:55:31.617834+0000,96db6b1,offense,00-0041116,5085189,Jack Endries,TE,CIN,PIT,2026-09-27T17:00:00.000000+0000,1.0949738626074192,0.0,0.0,ACTIVE,false,,0.0,1.1385399887762522
2026,3,2026-09-23T04:55:31.617834+0000,96db6b1,offense,00-0041117,4432722,Athan Kaliakmanis,QB,WAS,SEA,2026-09-27T17:00:00.000000+0000,3.605165530511889,13.149895931882691,0.0,ACTIVE,false,,-0.07370415810284008,15.630920902976044
2026,3,2026-09-23T04:55:31.617834+0000,96db6b1,offense,00-0041123,4431465,Behren Morton,QB,NE,JAX,2026-09-27T17:00:00.000000+0000,3.131706832905733,13.149895931882691,0.0,ACTIVE,false,,-0.07370415810284008,15.100876759710072
2026,3,2026-09-23T04:55:31.617834+0000,96db6b1,offense,00-0041125,4686468,Seth McGowan,RB,IND,HOU,2026-09-27T17:00:00.000000+0000,1.5789140534000363,0.5,2.59,ACTIVE,false,,-0.005318248860346508,5.0369517204624765
2026,3,2026-09-23T04:55:31.617834+0000,96db6b1,offense,00-0041131,4685540,Carsen Ryan,TE,CLE,CAR,2026-09-27T17:00:00.000000+0000,1.1353523052461376,0.0,0.0,ACTIVE,false,,0.0,1.103534266658965
2026,3,2026-09-23T04:55:31.617834+0000,96db6b1,offense,00-0041132,4683151,Deion Burks,WR,IND,HOU,2026-09-27T17:00:00.000000+0000,2.2830687753740255,1.4000000000000001,,,false,,-0.0007983486891841128,6.852469051135879
2026,3,2026-09-23T04:55:31.617834+0000,96db6b1,offense,00-0041133,5159802,Dallen Bentley,TE,DEN,LA,2026-09-28T00:20:00.000000+0000,2.5652998471265707,4.0870036658306015,0.0,ACTIVE,false,,0.0001440119762785336,7.659593986141664
2026,3,2026-09-23T04:55:31.617834+0000,96db6b1,offense,00-0041149,4428993,Haynes King,QB,CAR,CLE,2026-09-27T17:00:00.000000+0000,3.3631429630377596,13.149895931882691,0.0,ACTIVE,false,,-0.07370415810284008,14.431089206395654
2026,3,2026-09-23T04:55:31.617834+0000,96db6b1,offense,00-0041194,5344782,Jack Strand,QB,ATL,GB,2026-09-25T00:15:00.000000+0000,6.345149311897252,-0.040000000000000036,0.0,ACTIVE,false,,-0.1888032716488483,17.51075138558659
2026,3,2026-09-23T04:55:31.617834+0000,96db6b1,offense,00-0041251,4596472,Jalon Daniels,QB,TB,MIN,2026-09-27T20:05:00.000000+0000,3.163504982981391,13.149895931882691,0.0,ACTIVE,false,,-0.07361604640994435,14.577199277087058
2026,3,2026-09-23T04:55:31.617834+0000,96db6b1,offense,00-0041314,,Tanner Arkin,TE,NE,JAX,2026-09-27T17:00:00.000000+0000,2.5335016970509128,4.0870036658306015,,,false,,0.0001440119762785336,7.659593986141664
2026,3,2026-09-23T04:55:31.617834+0000,96db6b1,offense,00-0041326,5081999,CJ Donaldson,RB,NO,LV,2026-09-27T20:25:00.000000+0000,2.1068529711847637,0.7,,,false,,0.000020248768529975485,8.081249796436996
2026,3,2026-09-23T04:55:31.617834+0000,96db6b1,offense,00-0041395,4831959,Eli Raridon,TE,NE,JAX,2026-09-27T17:00:00.000000+0000,3.2185106111843997,5.6,2.86,QUESTIONABLE,false,,0.08535667250297008,7.657351138329147
2026,3,2026-09-23T04:55:31.617834+0000,96db6b1,offense,00-0041397,5081338,Kaden Wetjen,WR,PIT,CIN,2026-09-27T17:00:00.000000+0000,1.1353523052461376,0.0,0.14,ACTIVE,false,,-0.0020140835367584986,2.923822178558343
2026,3,2026-09-23T04:55:31.617834+0000,96db6b1,offense,00-0041398,4693370,Riley Nowakowski,TE,PIT,CIN,2026-09-27T17:00:00.000000+0000,2.597503055877923,4.0870036658306015,0.0,ACTIVE,false,,0.0001440119762785336,7.874278399824932
2026,3,2026-09-23T04:55:31.617834+0000,96db6b1,offense,00-0041399,4605951,CJ Daniels,WR,LA,DEN,2026-09-28T00:20:00.000000+0000,2.5598348039280445,6.375924685225839,0.0,ACTIVE,false,,0.00011931705072196537,9.31852271458643
2026,3,2026-09-23T04:55:31.617834+0000,96db6b1,offense,00-0041436,,DJ Herman,RB,MIA,KC,2026-09-27T17:00:00.000000+0000,3.6317544789578236,2.8,,,false,,-0.0012456090060005713,9.443546204843473
2026,3,2026-09-23T04:55:31.617834+0000,96db6b1,offense,00-0041438,4871023,Carnell Tate,WR,TEN,NYG,2026-09-27T17:00:00.000000+0000,8.940144660207778,6.75,11.78,ACTIVE,false,,0.6770017632052229,18.097410583072925
2026,3,2026-09-23T04:55:31.617834+0000,96db6b1,offense,00-0041443,4683153,Skyler Bell,WR,BUF,LAC,2026-09-27T17:00:00.000000+0000,2.8616954612785612,6.375924685225839,0.0,ACTIVE,false,,0.0001783196844399935,9.71481571685222
2026,3,2026-09-23T04:55:31.617834+0000,96db6b1,offense,00-0041472,4695705,Marlin Klein,TE,HOU,IND,2026-09-27T17:00:00.000000+0000,1.5383244827442846,1.3,0.54,ACTIVE,false,,-2.2929300234432526e-6,4.030696304632739
2026,3,2026-09-23T04:55:31.617834+0000,96db6b1,offense,00-0041489,4685261,Germie Bernard,WR,PIT,CIN,2026-09-27T17:00:00.000000+0000,4.628072365833713,3.75,2.09,ACTIVE,false,,0.31090175856862473,12.126382698631659
2026,3,2026-09-23T04:55:31.617834+0000,96db6b1,offense,00-0041490,5081508,Eli Heidenreich,RB,PIT,CIN,2026-09-27T17:00:00.000000+0000,1.1353523052461376,0.0,0.02,ACTIVE,false,,-0.002076374780163401,3.0075032336067453
2026,3,2026-09-23T04:55:31.617834+0000,96db6b1,offense,00-0041496,4702555,Jonah Coleman,RB,DEN,LA,2026-09-28T00:20:00.000000+0000,5.815515804552482,7.4,1.7,ACTIVE,false,,0.3050561354489511,14.203793645968904
2026,3,2026-09-23T04:55:31.617834+0000,96db6b1,offense,00-0041503,4686248,Nate Boerkircher,TE,JAX,NE,2026-09-27T17:00:00.000000+0000,2.0248427971980845,0.95,1.63,ACTIVE,false,,-1.398052469461341e-6,5.045053690295465
2026,3,2026-09-23T04:55:31.617834+0000,96db6b1,offense,00-0041510,4833029,Max Klare,TE,LA,DEN,2026-09-28T00:20:00.000000+0000,2.536684606913784,4.0870036658306015,0.0,ACTIVE,false,,0.0001440119762785336,7.708474522416391
2026,3,2026-09-23T04:55:31.617834+0000,96db6b1,offense,00-0041512,4685512,Jadarian Price,RB,SEA,WAS,2026-09-27T17:00:00.000000+0000,8.866690535584894,6.4,12.08,QUESTIONABLE,false,,1.5382098572443188,18.542471663852254
2026,3,2026-09-23T04:55:31.617834+0000,96db6b1,offense,00-0041523,4869645,Caleb Douglas,WR,MIA,KC,2026-09-27T17:00:00.000000+0000,9.198664205270962,9.15,8.75,QUESTIONABLE,false,,1.1637741854956838,19.722409365213544
2026,3,2026-09-23T04:55:31.617834+0000,96db6b1,offense,00-0041524,4880236,Will Kacmarek,TE,MIA,KC,2026-09-27T17:00:00.000000+0000,1.7282808990897904,0.7,1.84,ACTIVE,false,,-3.7978939102593833e-6,5.331269593644476
2026,3,2026-09-23T04:55:31.617834+0000,96db6b1,offense,00-0041525,4869961,Chris Bell,WR,MIA,KC,2026-09-27T17:00:00.000000+0000,2.679051565483031,1.75,5.75,ACTIVE,false,,0.00001353775349307857,8.32215174908405
2026,3,2026-09-23T04:55:31.617834+0000,96db6b1,offense,00-0041529,4685307,Kevin Coleman Jr.,WR,MIA,KC,2026-09-27T17:00:00.000000+0000,1.6580729353994241,0.0,3.98,ACTIVE,false,,-0.0007934715760224519,6.029474399248888
2026,3,2026-09-23T04:55:31.617834+0000,96db6b1,offense,00-0041547,4870653,KC Concepcion,WR,CLE,CAR,2026-09-27T17:00:00.000000+0000,9.665545200005019,8.0,10.97,ACTIVE,false,,1.3631496423311444,19.27977052795481
2026,3,2026-09-23T04:55:31.617834+0000,96db6b1,offense,00-0041550,4685553,Brenen Thompson,WR,LAC,BUF,2026-09-27T17:00:00.000000+0000,2.1669022810070078,1.15,2.07,ACTIVE,false,,0.00001731963103015407,6.922762650748197
2026,3,2026-09-23T04:55:31.617834+0000,96db6b1,offense,00-0041558,4685504,Sam Roush,TE,CHI,PHI,2026-09-29T00:15:00.000000+0000,2.2141849021125917,0.95,1.02,ACTIVE,false,,-0.0013366571767703607,5.556346737549779
2026,3,2026-09-23T04:55:31.617834+0000,96db6b1,offense,00-0041561,4430841,Carson Beck,QB,ARI,SF,2026-09-27T20:05:00.000000+0000,3.4719066253692197,13.149895931882691,0.0,ACTIVE,false,,-0.07370415810284008,15.586997755478876
2026,3,2026-09-23T04:55:31.617834+0000,96db6b1,offense,00-0041562,4837248,Fernando Mendoza,QB,LV,NO,2026-09-27T20:25:00.000000+0000,3.131706832905733,13.149895931882691,0.0,ACTIVE,false,,-0.07389090874621218,15.074188496773019
2026,3,2026-09-23T04:55:31.617834+0000,96db6b1,offense,00-0041565,4714771,Drew Allar,QB,PIT,CIN,2026-09-27T17:00:00.000000+0000,3.5037047754448776,13.149895931882691,0.0,ACTIVE,false,,-0.07370415810284008,15.209517699061546
2026,3,2026-09-23T04:55:31.617834+0000,96db6b1,offense,00-0041568,4685522,Ty Simpson,QB,LA,DEN,2026-09-28T00:20:00.000000+0000,3.043197990820568,13.149895931882691,0.0,ACTIVE,false,,-0.07370415810284008,14.262112007403356
2026,3,2026-09-23T04:55:31.617834+0000,96db6b1,offense,00-0041579,4714379,Seydou Traore,TE,MIA,KC,2026-09-27T17:00:00.000000+0000,2.574352858863662,4.0870036658306015,0.0,ACTIVE,false,,0.0001440119762785336,7.62732372998991
2026,3,2026-09-23T04:55:31.617834+0000,96db6b1,k,00-0025565,10621,Nick Folk,K,ATL,GB,2026-09-25T00:15:00.000000+0000,8.603411926641115,6.4,7.87,ACTIVE,false,,1.6072563927454864,15.713762660663118
2026,3,2026-09-23T04:55:31.617834+0000,96db6b1,k,00-0031136,17372,Chris Boswell,K,PIT,CIN,2026-09-27T17:00:00.000000+0000,8.488389662344675,7.8,8.46,ACTIVE,false,,1.0505436853893146,15.952186114629967
2026,3,2026-09-23T04:55:31.617834+0000,96db6b1,k,00-0031203,17427,Cairo Santos,K,CHI,PHI,2026-09-29T00:15:00.000000+0000,9.311110199456476,7.6,7.91,ACTIVE,false,,2.3855696126289434,16.70159701632357
2026,3,2026-09-23T04:55:31.617834+0000,96db6b1,k,00-0031492,2473037,Jason Myers,K,SEA,WAS,2026-09-27T17:00:00.000000+0000,10.017515413471441,6.4,9.44,ACTIVE,false,,2.494696309596407,17.599571468026134
2026,3,2026-09-23T04:55:31.617834+0000,96db6b1,k,00-0032569,2985659,Wil Lutz,K,DEN,LA,2026-09-28T00:20:00.000000+0000,9.490064308759585,8.8,8.03,ACTIVE,false,,1.6617876507611338,15.778196297358523
2026,3,2026-09-23T04:55:31.617834+0000,96db6b1,k,00-0032726,2971573,Ka'imi Fairbairn,K,HOU,IND,2026-09-27T17:00:00.000000+0000,9.62989483738432,13.4,9.28,ACTIVE,false,,1.8467591854562322,16.41775648853536
2026,3,2026-09-23T04:55:31.617834+0000,96db6b1,k,00-0033303,3055899,Harrison Butker,K,KC,MIA,2026-09-27T17:00:00.000000+0000,11.037418457450967,11.8,9.05,ACTIVE,false,,2.8892823554298688,16.742839570214205
2026,3,2026-09-23T04:55:31.617834+0000,96db6b1,k,00-0033787,3050478,Jake Elliott,K,PHI,CHI,2026-09-29T00:15:00.000000+0000,10.917291327121438,5.6,8.09,ACTIVE,false,,3.1794250499694434,18.088536041830107
2026,3,2026-09-23T04:55:31.617834+0000,96db6b1,k,00-0034161,3051909,Daniel Carlson,K,NO,LV,2026-09-27T20:25:00.000000+0000,8.512157796314147,8.6,8.84,ACTIVE,false,,2.6332280819037805,15.60427287746688
2026,3,2026-09-23T04:55:31.617834+0000,96db6b1,k,00-0034173,4034949,Eddy Pineiro,K,SF,ARI,2026-09-27T20:05:00.000000+0000,9.619464743839275,7.2,9.85,ACTIVE,false,,3.5205055272240107,17.787122407159547
2026,3,2026-09-23T04:55:31.617834+0000,96db6b1,k,00-0035192,3124084,Joey Slye,K,TEN,NYG,2026-09-27T17:00:00.000000+0000,8.906721682232144,7.4,7.16,ACTIVE,false,,1.1509840426198834,16.221275293801604
2026,3,2026-09-23T04:55:31.617834+0000,96db6b1,k,00-0035269,4249087,Matt Gay,K,LV,NO,2026-09-27T20:25:00.000000+0000,9.606685878482438,8.0,7.71,ACTIVE,false,,2.3601412072433057,17.277864609118634
2026,3,2026-09-23T04:55:31.617834+0000,96db6b1,k,00-0035358,3150744,Chase McLaughlin,K,TB,MIN,2026-09-27T20:05:00.000000+0000,8.747838238326038,10.2,8.4,ACTIVE,false,,1.8483962185067626,15.12225973521252
2026,3,2026-09-23T04:55:31.617834+0000,96db6b1,k,00-0036162,3917232,Tyler Bass,K,BUF,LAC,2026-09-27T17:00:00.000000+0000,8.8539796807809,7.8,8.64,ACTIVE,false,,3.5285505843927996,15.189956388523385
2026,3,2026-09-23T04:55:31.617834+0000,96db6b1,k,00-0036816,4243371,Riley Patterson,K,MIA,KC,2026-09-27T17:00:00.000000+0000,8.374824832665833,6.0,7.49,ACTIVE,false,,1.6178281083431578,15.50408943154017
2026,3,2026-09-23T04:55:31.617834+0000,96db6b1,k,00-0036854,4360234,Evan McPherson,K,CIN,PIT,2026-09-27T17:00:00.000000+0000,10.322898057929088,10.0,7.8,ACTIVE,false,,2.974267026977593,18.049676985989727
2026,3,2026-09-23T04:55:31.617834+0000,96db6b1,k,00-0037224,4362081,Cameron Dicker,K,LAC,BUF,2026-09-27T17:00:00.000000+0000,9.725558896648375,3.8,9.1,ACTIVE,false,,2.7109304941175845,17.02895543335766
2026,3,2026-09-23T04:55:31.617834+0000,96db6b1,k,00-0037692,3953687,Brandon Aubrey,K,DAL,BAL,2026-09-27T20:25:00.000000+0000,10.09030464474351,8.8,9.72,ACTIVE,true,K,2.9035947333744745,16.942634370429847
2026,3,2026-09-23T04:55:31.617834+0000,96db6b1,k,00-0038428,4258620,Andre Szmyt,K,CLE,CAR,2026-09-27T17:00:00.000000+0000,9.48483130517233,8.8,7.8,ACTIVE,false,,1.8754022344388241,16.31180027991657
2026,3,2026-09-23T04:55:31.617834+0000,96db6b1,k,00-0038567,4363538,Chad Ryland,K,ARI,SF,2026-09-27T20:05:00.000000+0000,8.408903348862273,8.8,7.31,ACTIVE,false,,1.1264227913261675,15.403285287489535
2026,3,2026-09-23T04:55:31.617834+0000,96db6b1,k,00-0038905,4259619,Blake Grupe,K,NYJ,DET,2026-09-27T17:00:00.000000+0000,9.579400477136732,10.6,0.0,ACTIVE,false,,2.333056781342011,16.599411389260087
2026,3,2026-09-23T04:55:31.617834+0000,96db6b1,k,00-0039172,4689936,Jake Bates,K,DET,NYJ,2026-09-27T17:00:00.000000+0000,9.23654171785967,7.6,8.79,ACTIVE,false,,3.1837055873591216,16.36248204275571
2026,3,2026-09-23T04:55:31.617834+0000,96db6b1,k,00-0039404,4567104,Will Reichard,K,MIN,TB,2026-09-27T20:05:00.000000+0000,9.40092792146536,11.0,8.22,ACTIVE,false,,2.1329324030810217,16.116759167010102
2026,3,2026-09-23T04:55:31.617834+0000,96db6b1,k,00-0039409,4686361,Cam Little,K,JAX,NE,2026-09-27T17:00:00.000000+0000,10.073276968358012,12.0,8.68,ACTIVE,false,,2.299480306873819,17.045985094681093
2026,3,2026-09-23T04:55:31.617834+0000,96db6b1,k,00-0039498,4574716,Harrison Mevis,K,LA,DEN,2026-09-28T00:20:00.000000+0000,9.279733490532855,7.6,8.31,ACTIVE,false,,2.320586679148072,15.937509750577714
2026,3,2026-09-23T04:55:31.617834+0000,96db6b1,k,00-0039576,4571557,Spencer Shrader,K,IND,HOU,2026-09-27T17:00:00.000000+0000,9.566614710603382,8.6,8.46,ACTIVE,false,,1.3245375905240202,18.309441025461318
2026,3,2026-09-23T04:55:31.617834+0000,96db6b1,k,00-0040074,4697745,Tyler Loop,K,BAL,DAL,2026-09-27T20:25:00.000000+0000,8.909262730761398,8.2,8.69,ACTIVE,false,,2.616831580100379,15.633828950705453
2026,3,2026-09-23T04:55:31.617834+0000,96db6b1,k,00-0040200,4569923,Andy Borregales,K,NE,JAX,2026-09-27T17:00:00.000000+0000,8.988934226633047,7.6,7.36,ACTIVE,false,,1.6106501665509758,16.126057925509418
2026,3,2026-09-23T04:55:31.617834+0000,96db6b1,k,00-0040279,4568263,Ryan Fitzgerald,K,CAR,CLE,2026-09-27T17:00:00.000000+0000,10.933783960578852,7.2,7.69,ACTIVE,false,,2.4092648051402312,17.533482876066266
2026,3,2026-09-23T04:55:31.617834+0000,96db6b1,k,00-0040899,4869461,Trey Smack,K,GB,ATL,2026-09-25T00:15:00.000000+0000,10.274607358197528,10.5,9.21,ACTIVE,false,,2.687622726452637,17.67839147864242
2026,3,2026-09-23T04:55:31.617834+0000,96db6b1,k,00-0041145,5082424,Dominic Zvada,K,NYG,TEN,2026-09-27T17:00:00.000000+0000,10.116503643347711,6.0,8.56,ACTIVE,false,,3.244683724405821,17.355844991585734
2026,3,2026-09-23T04:55:31.617834+0000,96db6b1,k,00-0041182,5081335,Drew Stevens,K,WAS,SEA,2026-09-27T17:00:00.000000+0000,7.030634346236538,6.5,7.73,ACTIVE,false,,0.3185028015605539,14.894642600916299
2026,3,2026-09-23T04:55:31.617834+0000,96db6b1,dst,ARI,-16022,ARI D/ST,D/ST,ARI,SF,2026-09-27T20:05:00.000000+0000,2.2866970282308268,2.8,2.64,,false,,-4.545261924071469,11.038981064711491
2026,3,2026-09-23T04:55:31.617834+0000,96db6b1,dst,ATL,-16001,ATL D/ST,D/ST,ATL,GB,2026-09-25T00:15:00.000000+0000,3.9316506649832332,7.4,3.4,,false,,-2.4979492780719235,11.874399840557954
2026,3,2026-09-23T04:55:31.617834+0000,96db6b1,dst,BAL,-16033,BAL D/ST,D/ST,BAL,DAL,2026-09-27T20:25:00.000000+0000,3.550307885091909,4.6,4.37,NORMAL,true,D/ST,-3.9840742405019665,11.700443643146258
2026,3,2026-09-23T04:55:31.617834+0000,96db6b1,dst,BUF,-16002,BUF D/ST,D/ST,BUF,LAC,2026-09-27T17:00:00.000000+0000,5.921946388417255,6.0,5.77,,false,,-1.2245276930432907,14.940395386449339
2026,3,2026-09-23T04:55:31.617834+0000,96db6b1,dst,CAR,-16029,CAR D/ST,D/ST,CAR,CLE,2026-09-27T17:00:00.000000+0000,10.334369092372462,7.6,7.15,,false,,-0.16454001527558815,19.223957895079863
2026,3,2026-09-23T04:55:31.617834+0000,96db6b1,dst,CHI,-16003,CHI D/ST,D/ST,CHI,PHI,2026-09-29T00:15:00.000000+0000,4.898525019211077,3.4,4.28,,false,,-2.72018332528209,11.885305481478545
2026,3,2026-09-23T04:55:31.617834+0000,96db6b1,dst,CIN,-16004,CIN D/ST,D/ST,CIN,PIT,2026-09-27T17:00:00.000000+0000,8.350476458816456,10.4,6.46,,false,,-0.22847587883176157,16.336456908639036
2026,3,2026-09-23T04:55:31.617834+0000,96db6b1,dst,CLE,-16005,CLE D/ST,D/ST,CLE,CAR,2026-09-27T17:00:00.000000+0000,5.490553045979067,7.0,5.52,,false,,-2.4843592362553215,13.142623257618654
2026,3,2026-09-23T04:55:31.617834+0000,96db6b1,dst,DAL,-16006,DAL D/ST,D/ST,DAL,BAL,2026-09-27T20:25:00.000000+0000,2.9863561117922655,0.6,3.05,,false,,-4.868098616449774,10.434017379781423
2026,3,2026-09-23T04:55:31.617834+0000,96db6b1,dst,DEN,-16007,DEN D/ST,D/ST,DEN,LA,2026-09-28T00:20:00.000000+0000,1.9610212024149207,8.4,3.72,NORMAL,false,,-3.460722190480399,12.142045632755917
2026,3,2026-09-23T04:55:31.617834+0000,96db6b1,dst,DET,-16008,DET D/ST,D/ST,DET,NYJ,2026-09-27T17:00:00.000000+0000,6.816521721772926,3.0,6.77,,false,,-1.5299713375322512,16.692782144709547
2026,3,2026-09-23T04:55:31.617834+0000,96db6b1,dst,GB,-16009,GB D/ST,D/ST,GB,ATL,2026-09-25T00:15:00.000000+0000,8.358032084485368,1.4,4.75,,false,,-0.8210373324242844,16.803696945502757
2026,3,2026-09-23T04:55:31.617834+0000,96db6b1,dst,HOU,-16034,HOU D/ST,D/ST,HOU,IND,2026-09-27T17:00:00.000000+0000,6.3051056566872505,7.0,6.56,NORMAL,false,,-1.2735522899923135,14.88930022043592
2026,3,2026-09-23T04:55:31.617834+0000,96db6b1,dst,IND,-16011,IND D/ST,D/ST,IND,HOU,2026-09-27T17:00:00.000000+0000,4.479205552342557,-1.8,4.47,,false,,-2.605766127746132,11.756991954866404
2026,3,2026-09-23T04:55:31.617834+0000,96db6b1,dst,JAX,-16030,JAX D/ST,D/ST,JAX,NE,2026-09-27T17:00:00.000000+0000,8.275305615130387,8.2,4.88,NORMAL,false,,-0.42088245466325425,15.1435931088703
2026,3,2026-09-23T04:55:31.617834+0000,96db6b1,dst,KC,-16012,KC D/ST,D/ST,KC,MIA,2026-09-27T17:00:00.000000+0000,8.066401178121744,6.0,6.37,,false,,-0.3369456315783589,15.153893553427134
2026,3,2026-09-23T04:55:31.617834+0000,96db6b1,dst,LA,-16014,LA D/ST,D/ST,LA,DEN,2026-09-28T00:20:00.000000+0000,6.624739066173569,6.8,5.37,NORMAL,false,,-1.3128072699722948,15.528429520593754
2026,3,2026-09-23T04:55:31.617834+0000,96db6b1,dst,LAC,-16024,LAC D/ST,D/ST,LAC,BUF,2026-09-27T17:00:00.000000+0000,2.4580221096464707,4.0,2.64,NORMAL,false,,-5.284717964947669,10.128787030237918
2026,3,2026-09-23T04:55:31.617834+0000,96db6b1,dst,LV,-16013,LV D/ST,D/ST,LV,NO,2026-09-27T20:25:00.000000+0000,4.786927596911124,10.0,5.05,,false,,-2.8991585685427035,13.305196190033515
2026,3,2026-09-23T04:55:31.617834+0000,96db6b1,dst,MIA,-16015,MIA D/ST,D/ST,MIA,KC,2026-09-27T17:00:00.000000+0000,0.21000471994029293,0.6,2.63,,false,,-4.21100647607879,10.852018426412156
2026,3,2026-09-23T04:55:31.617834+0000,96db6b1,dst,MIN,-16016,MIN D/ST,D/ST,MIN,TB,2026-09-27T20:05:00.000000+0000,6.843717022459448,13.4,6.57,,false,,-2.8885641326112124,16.154708341245726
2026,3,2026-09-23T04:55:31.617834+0000,96db6b1,dst,NE,-16017,NE D/ST,D/ST,NE,JAX,2026-09-27T17:00:00.000000+0000,4.1325704303424065,10.4,5.01,,false,,-2.7781395330566356,11.63256292063327
2026,3,2026-09-23T04:55:31.617834+0000,96db6b1,dst,NO,-16018,NO D/ST,D/ST,NO,LV,2026-09-27T20:25:00.000000+0000,6.224267495925226,9.6,6.68,,false,,-2.308791985599413,15.674164784465747
2026,3,2026-09-23T04:55:31.617834+0000,96db6b1,dst,NYG,-16019,NYG D/ST,D/ST,NYG,TEN,2026-09-27T17:00:00.000000+0000,8.330079477086565,9.2,6.72,,false,,-1.0357071735482635,15.865519358896288
2026,3,2026-09-23T04:55:31.617834+0000,96db6b1,dst,NYJ,-16020,NYJ D/ST,D/ST,NYJ,DET,2026-09-27T17:00:00.000000+0000,3.346319309128388,1.4,3.73,,false,,-3.7682234907955365,11.832651582158235
2026,3,2026-09-23T04:55:31.617834+0000,96db6b1,dst,PHI,-16021,PHI D/ST,D/ST,PHI,CHI,2026-09-29T00:15:00.000000+0000,8.808702054799232,6.6,5.36,NORMAL,false,,-0.6794864293792515,15.071678678010592
2026,3,2026-09-23T04:55:31.617834+0000,96db6b1,dst,PIT,-16023,PIT D/ST,D/ST,PIT,CIN,2026-09-27T17:00:00.000000+0000,5.468411388918279,9.2,6.28,NORMAL,false,,-1.6231156184553304,12.773513527656467
2026,3,2026-09-23T04:55:31.617834+0000,96db6b1,dst,SEA,-16026,SEA D/ST,D/ST,SEA,WAS,2026-09-27T17:00:00.000000+0000,6.305523186090649,8.8,7.49,NORMAL,false,,-0.020491190276670013,15.31084382863695
2026,3,2026-09-23T04:55:31.617834+0000,96db6b1,dst,SF,-16025,SF D/ST,D/ST,SF,ARI,2026-09-27T20:05:00.000000+0000,7.391441117288397,6.0,7.47,NORMAL,false,,-0.0858020837109752,14.156570005455334
2026,3,2026-09-23T04:55:31.617834+0000,96db6b1,dst,TB,-16027,TB D/ST,D/ST,TB,MIN,2026-09-27T20:05:00.000000+0000,6.568123713101821,5.8,5.44,NORMAL,false,,-0.7560099061917127,14.366004014271635
2026,3,2026-09-23T04:55:31.617834+0000,96db6b1,dst,TEN,-16010,TEN D/ST,D/ST,TEN,NYG,2026-09-27T17:00:00.000000+0000,7.348060813695737,3.4,6.11,,false,,-1.3625094024820887,15.803260927113993
2026,3,2026-09-23T04:55:31.617834+0000,96db6b1,dst,WAS,-16028,WAS D/ST,D/ST,WAS,SEA,2026-09-27T17:00:00.000000+0000,4.298346329825863,2.0,4.64,,false,,-3.0529080256347867,11.888870553035176
2026,3,2026-09-24T04:01:17.981218+0000,2cffb4a-dirty,offense,00-0023459,8439,Aaron Rodgers,QB,PIT,CIN,2026-09-27T17:00:00.000000+0000,14.318349917308312,11.428,14.13,ACTIVE,false,,3.991781414190129,25.966837291922108
2026,3,2026-09-24T04:01:17.981218+0000,2cffb4a-dirty,offense,00-0026158,11252,Joe Flacco,QB,CIN,PIT,2026-09-27T17:00:00.000000+0000,2.5350193250007895,4.200000000000001,0.0,ACTIVE,false,,-0.15690251395662308,13.114871303817
2026,3,2026-09-24T04:01:17.981218+0000,2cffb4a-dirty,offense,00-0026498,12483,Matthew Stafford,QB,LA,DEN,2026-09-28T00:20:00.000000+0000,17.386499982252108,20.276,15.72,ACTIVE,false,,4.7213791370018585,30.35001137356898
2026,3,2026-09-24T04:01:17.981218+0000,2cffb4a-dirty,offense,00-0027973,14012,Andy Dalton,QB,PHI,CHI,2026-09-29T00:15:00.000000+0000,3.5066044058092456,1.908,0.0,ACTIVE,false,,-0.18301735219662651,16.535407131687986
2026,3,2026-09-24T04:01:17.981218+0000,2cffb4a-dirty,offense,00-0028118,14163,Tyrod Taylor,QB,GB,ATL,2026-09-25T00:15:00.000000+0000,7.932548389872015,10.224,0.0,ACTIVE,false,,0.9799943398904858,21.265737970962004
2026,3,2026-09-24T04:01:17.981218+0000,2cffb4a-dirty,offense,00-0028986,15168,Case Keenum,QB,CHI,PHI,2026-09-29T00:15:00.000000+0000,5.740647034195887,4.87,12.92,ACTIVE,false,,0.19128589623767278,18.055514766006294
2026,3,2026-09-24T04:01:17.981218+0000,2cffb4a-dirty,offense,00-0029604,14880,Kirk Cousins,QB,LV,NO,2026-09-27T20:25:00.000000+0000,14.752254216089048,13.988,13.0,ACTIVE,false,,4.269887234106647,26.72176137940799
2026,3,2026-09-24T04:01:17.981218+0000,2cffb4a-dirty,offense,00-0029892,16002,Kyle Juszczyk,RB,SF,ARI,2026-09-27T20:05:00.000000+0000,2.5684827569894417,7.425130276711758,2.61,ACTIVE,false,,0.00020500647765667358,9.717396588142227
2026,3,2026-09-24T04:01:17.981218+0000,2cffb4a-dirty,offense,00-0030279,15818,Keenan Allen,WR,IND,HOU,2026-09-27T17:00:00.000000+0000,8.12160284483341,6.6800000000000015,9.53,ACTIVE,false,,0.8611165130238488,17.838792113939327
2026,3,2026-09-24T04:01:17.981218+0000,2cffb4a-dirty,offense,00-0030506,15847,Travis Kelce,TE,KC,MIA,2026-09-27T17:00:00.000000+0000,12.505746403210184,9.919999999999998,12.68,ACTIVE,true,RB/WR/TE,2.955939445278442,21.942588735284055
2026,3,2026-09-24T04:01:17.981218+0000,2cffb4a-dirty,offense,00-0030565,15864,Geno Smith,QB,NYJ,DET,2026-09-27T17:00:00.000000+0000,13.47589504148519,11.02,15.07,ACTIVE,false,,2.8574718517490085,25.963960282038627
2026,3,2026-09-24T04:01:17.981218+0000,2cffb4a-dirty,offense,00-0031235,16733,Odell Beckham Jr.,WR,NYG,TEN,2026-09-27T17:00:00.000000+0000,1.4304644583769022,0.6,0.58,ACTIVE,false,,-3.7134267077557646e-6,4.813722954648115
2026,3,2026-09-24T04:01:17.981218+0000,2cffb4a-dirty,offense,00-0031381,16800,Davante Adams,WR,LA,DEN,2026-09-28T00:20:00.000000+0000,15.539930754969394,16.98,13.82,ACTIVE,false,,4.724445669873752,26.491030607546747
2026,3,2026-09-24T04:01:17.981218+0000,2cffb4a-dirty,offense,00-0031408,16737,Mike Evans,WR,SF,ARI,2026-09-27T20:05:00.000000+0000,11.40833265138646,11.379999999999999,12.48,QUESTIONABLE,false,,2.280944765230185,21.36758959676438
2026,3,2026-09-24T04:01:17.981218+0000,2cffb4a-dirty,offense,00-0031484,2531358,Chris Manhertz,TE,NYG,TEN,2026-09-27T17:00:00.000000+0000,1.1228847660720946,0.0,0.0,ACTIVE,false,,-0.0008119570823793129,3.299969066654445
2026,3,2026-09-24T04:01:17.981218+0000,2cffb4a-dirty,offense,00-0031503,2969939,Jameis Winston,QB,NYG,TEN,2026-09-27T17:00:00.000000+0000,11.391233885850113,9.092,14.68,ACTIVE,false,,2.2265146289236655,23.673866558047642
2026,3,2026-09-24T04:01:17.981218+0000,2cffb4a-dirty,offense,00-0031588,2976212,Stefon Diggs,WR,WAS,SEA,2026-09-27T17:00:00.000000+0000,12.228589735066237,17.880000000000003,10.83,ACTIVE,false,,3.3472077619503326,22.870052508231023
2026,3,2026-09-24T04:01:17.981218+0000,2cffb4a-dirty,offense,00-0031595,2515270,Michael Burton,RB,CLE,CAR,2026-09-27T17:00:00.000000+0000,2.5884500441408314,7.425130276711758,0.62,ACTIVE,false,,0.0002589952239914435,9.886688152509402
2026,3,2026-09-24T04:01:17.981218+0000,2cffb4a-dirty,offense,00-0031610,2576925,Darren Waller,TE,CAR,CLE,2026-09-27T17:00:00.000000+0000,6.403639676609638,11.34,5.56,ACTIVE,false,,1.0982880168506992,14.366723395331855
2026,3,2026-09-24T04:01:17.981218+0000,2cffb4a-dirty,offense,00-0032104,2576336,Ameer Abdullah,RB,JAX,NE,2026-09-27T17:00:00.000000+0000,3.491227525194633,2.7600000000000002,1.85,ACTIVE,false,,-0.0005491742898556815,9.262920879058989
2026,3,2026-09-24T04:01:17.981218+0000,2cffb4a-dirty,offense,00-0032268,2576980,Marcus Mariota,QB,WAS,SEA,2026-09-27T17:00:00.000000+0000,10.833792331180149,9.667999999999997,15.32,ACTIVE,false,,1.6611233160825942,21.749608476274815
2026,3,2026-09-24T04:01:17.981218+0000,2cffb4a-dirty,offense,00-0032392,3043275,Austin Hooper,TE,ATL,GB,2026-09-25T00:15:00.000000+0000,2.735192419064402,3.999999999999999,1.56,ACTIVE,false,,-0.00036347627270864733,7.270048704768943
2026,3,2026-09-24T04:01:17.981218+0000,2cffb4a-dirty,offense,00-0032398,2576581,Chris Moore,WR,BAL,DAL,2026-09-27T20:25:00.000000+0000,3.7616356134930635,2.08,5.54,QUESTIONABLE,false,,-0.0005738275422634379,10.170660684183042
2026,3,2026-09-24T04:01:17.981218+0000,2cffb4a-dirty,offense,00-0032464,2973405,Kalif Raymond,WR,CHI,PHI,2026-09-29T00:15:00.000000+0000,8.377388411169783,10.26,7.15,ACTIVE,false,,2.2450630317726565,18.192761456335848
2026,3,2026-09-24T04:01:17.981218+0000,2cffb4a-dirty,offense,00-0032764,3043078,Derrick Henry,RB,BAL,DAL,2026-09-27T20:25:00.000000+0000,20.753648104244437,26.8,17.77,ACTIVE,false,,4.803031195235395,34.655462504803836
2026,3,2026-09-24T04:01:17.981218+0000,2cffb4a-dirty,offense,00-0032775,3043116,Demarcus Robinson,WR,SF,ARI,2026-09-27T20:05:00.000000+0000,6.8126239098479315,8.02,0.0,OUT,false,,1.0469096331114953,16.708954812123586
2026,3,2026-09-24T04:01:17.981218+0000,2cffb4a-dirty,offense,00-0032950,2573079,Carson Wentz,QB,MIN,TB,2026-09-27T20:05:00.000000+0000,13.413576811138347,11.872,0.0,ACTIVE,false,,2.3947219622700313,23.867030073404784
2026,3,2026-09-24T04:01:17.981218+0000,2cffb4a-dirty,offense,00-0032951,3051889,Laquon Treadwell,WR,IND,HOU,2026-09-27T17:00:00.000000+0000,2.816970832394048,1.8200000000000003,6.27,ACTIVE,false,,0.00004452599670888497,7.686703197271529
2026,3,2026-09-24T04:01:17.981218+0000,2cffb4a-dirty,offense,00-0033077,2577417,Dak Prescott,QB,DAL,BAL,2026-09-27T20:25:00.000000+0000,18.786547723225027,17.34,17.11,ACTIVE,false,,4.721403790254267,30.393500638465202
2026,3,2026-09-24T04:01:17.981218+0000,2cffb4a-dirty,offense,00-0033090,3046439,Hunter Henry,TE,NE,JAX,2026-09-27T17:00:00.000000+0000,8.763508778560457,10.52,10.06,ACTIVE,false,,0.5446897764329609,17.806503802343272
2026,3,2026-09-24T04:01:17.981218+0000,2cffb4a-dirty,offense,00-0033106,3046779,Jared Goff,QB,DET,NYJ,2026-09-27T17:00:00.000000+0000,20.54682792545136,18.0,16.62,ACTIVE,false,,4.721403790254267,33.120406462078286
2026,3,2026-09-24T04:01:17.981218+0000,2cffb4a-dirty,offense,00-0033110,2573401,Tyler Higbee,TE,LA,DEN,2026-09-28T00:20:00.000000+0000,3.4262915707147767,6.180000000000001,1.06,ACTIVE,false,,0.04030125103098528,9.938177237276212
2026,3,2026-09-24T04:01:17.981218+0000,2cffb4a-dirty,offense,00-0033119,2578570,Jacoby Brissett,QB,ARI,SF,2026-09-27T20:05:00.000000+0000,14.459310691814489,13.14,13.65,ACTIVE,false,,3.49246289337713,26.208931856216477
2026,3,2026-09-24T04:01:17.981218+0000,2cffb4a-dirty,offense,00-0033217,2998565,Mo Alie-Cox,TE,IND,HOU,2026-09-27T17:00:00.000000+0000,1.7114542635807326,3.96,0.53,ACTIVE,false,,-0.00041850087110695483,4.45043703594568
2026,3,2026-09-24T04:01:17.981218+0000,2cffb4a-dirty,offense,00-0033246,3052096,Johnny Mundt,TE,PHI,CHI,2026-09-29T00:15:00.000000+0000,2.043751897169472,1.08,3.91,ACTIVE,false,,0.00001972711606569506,6.118455100607424
2026,3,2026-09-24T04:01:17.981218+0000,2cffb4a-dirty,offense,00-0033280,3117251,Christian McCaffrey,RB,SF,ARI,2026-09-27T20:05:00.000000+0000,21.016124948792097,21.76,20.9,ACTIVE,false,,4.803031195235395,32.21605581069453
2026,3,2026-09-24T04:01:17.981218+0000,2cffb4a-dirty,offense,00-0033288,3040151,George Kittle,TE,SF,ARI,2026-09-27T20:05:00.000000+0000,11.087088490618996,15.280000000000001,12.67,ACTIVE,false,,2.402961788105817,20.71910298528615
2026,3,2026-09-24T04:01:17.981218+0000,2cffb4a-dirty,offense,00-0033293,3042519,Aaron Jones,RB,MIN,TB,2026-09-27T20:05:00.000000+0000,11.283856021383684,11.320000000000002,13.64,QUESTIONABLE,false,,2.609205731106861,21.573836180049774
2026,3,2026-09-24T04:01:17.981218+0000,2cffb4a-dirty,offense,00-0033307,3045523,Kendrick Bourne,WR,ARI,SF,2026-09-27T20:05:00.000000+0000,6.523996223197349,5.5600000000000005,6.71,ACTIVE,false,,0.9204510908832343,13.394206287650395
2026,3,2026-09-24T04:01:17.981218+0000,2cffb4a-dirty,offense,00-0033376,2975417,Patrick Ricard,RB,NYG,TEN,2026-09-27T17:00:00.000000+0000,1.094809834781231,0.36,0.43,ACTIVE,false,,-0.00048414681874311147,3.834166689844765
2026,3,2026-09-24T04:01:17.981218+0000,2cffb4a-dirty,offense,00-0033526,3116389,Samaje Perine,RB,CIN,PIT,2026-09-27T17:00:00.000000+0000,5.938167082124928,7.960000000000001,4.62,ACTIVE,false,,0.3975286933300031,15.67392118336219
2026,3,2026-09-24T04:01:17.981218+0000,2cffb4a-dirty,offense,00-0033537,3122840,Deshaun Watson,QB,CLE,CAR,2026-09-27T17:00:00.000000+0000,13.347379133540274,11.132,15.4,ACTIVE,false,,2.9908203356558896,23.752115343463515
2026,3,2026-09-24T04:01:17.981218+0000,2cffb4a-dirty,offense,00-0033555,2991662,Mack Hollins,WR,NE,JAX,2026-09-27T17:00:00.000000+0000,8.533353619279172,8.040000000000001,8.79,ACTIVE,false,,0.45393078623213334,17.917031372582297
2026,3,2026-09-24T04:01:17.981218+0000,2cffb4a-dirty,offense,00-0033576,2975863,Eric Saubert,TE,SEA,WAS,2026-09-27T17:00:00.000000+0000,1.2753113302308974,1.0,1.54,ACTIVE,false,,0.00006905769400242009,4.109433071817978
2026,3,2026-09-24T04:01:17.981218+0000,2cffb4a-dirty,offense,00-0033662,2972515,Cooper Rush,QB,ATL,GB,2026-09-25T00:15:00.000000+0000,7.584500228798134,1.456,0.0,ACTIVE,false,,-0.18135737012365127,18.915577024164683
2026,3,2026-09-24T04:01:17.981218+0000,2cffb4a-dirty,offense,00-0033757,2975674,Robert Tonyan,TE,PIT,CIN,2026-09-27T17:00:00.000000+0000,0.9027491797109776,0.0,0.0,ACTIVE,false,,-6.054345546892069e-12,0.9550662911046485
2026,3,2026-09-24T04:01:17.981218+0000,2cffb4a-dirty,offense,00-0033858,3054212,Jonnu Smith,TE,GB,ATL,2026-09-25T00:15:00.000000+0000,3.480526545584619,3.78,3.38,ACTIVE,false,,-0.0012456090060005713,9.530153975567748
2026,3,2026-09-24T04:01:17.981218+0000,2cffb4a-dirty,offense,00-0033869,3039707,Mitchell Trubisky,QB,TEN,NYG,2026-09-27T17:00:00.000000+0000,6.605349609916957,8.072,0.0,ACTIVE,false,,0.3636685698218343,18.213987500320147
2026,3,2026-09-24T04:01:17.981218+0000,2cffb4a-dirty,offense,00-0033873,3139477,Patrick Mahomes,QB,KC,MIA,2026-09-27T17:00:00.000000+0000,21.334947546969996,19.888,19.63,ACTIVE,false,,4.721403790254267,34.42957479906366
2026,3,2026-09-24T04:01:17.981218+0000,2cffb4a-dirty,offense,00-0033881,3051876,Evan Engram,TE,DEN,LA,2026-09-28T00:20:00.000000+0000,5.818097879160809,7.239999999999999,6.14,ACTIVE,false,,0.6973801139101458,12.495602700317095
2026,3,2026-09-24T04:01:17.981218+0000,2cffb4a-dirty,offense,00-0033885,3123076,David Njoku,TE,LAC,BUF,2026-09-27T17:00:00.000000+0000,4.9743711298947355,4.4399999999999995,0.0,INJURY_RESERVE,false,,0.08113654262072495,10.119094980767793
2026,3,2026-09-24T04:01:17.981218+0000,2cffb4a-dirty,offense,00-0033906,3054850,Alvin Kamara,RB,NO,LV,2026-09-27T20:25:00.000000+0000,8.734005125122072,6.480000000000001,9.58,ACTIVE,false,,1.479883015393907,18.34174477759756
2026,3,2026-09-24T04:01:17.981218+0000,2cffb4a-dirty,offense,00-0033908,2977187,Cooper Kupp,WR,SEA,WAS,2026-09-27T17:00:00.000000+0000,5.486309112590157,4.58,5.87,QUESTIONABLE,false,,0.3559017585686247,12.615273738449025
2026,3,2026-09-24T04:01:17.981218+0000,2cffb4a-dirty,offense,00-0033921,3116165,Chris Godwin Jr.,WR,TB,MIN,2026-09-27T20:05:00.000000+0000,8.230338145095798,10.14,8.8,ACTIVE,false,,1.1003111249380044,16.697139589998386
2026,3,2026-09-24T04:01:17.981218+0000,2cffb4a-dirty,offense,00-0033949,3044720,Joshua Dobbs,QB,DET,NYJ,2026-09-27T17:00:00.000000+0000,2.6011899928949203,4.968,0.0,ACTIVE,false,,-0.15690251395662308,12.422969838713712
2026,3,2026-09-24T04:01:17.981218+0000,2cffb4a-dirty,offense,00-0034270,3915486,Tyler Conklin,TE,DET,NYJ,2026-09-27T17:00:00.000000+0000,0.9059320895738484,0.76,0.0,ACTIVE,false,,1.8321112311090449e-6,1.6357672231389846
2026,3,2026-09-24T04:01:17.981218+0000,2cffb4a-dirty,offense,00-0034348,3128429,Courtland Sutton,WR,DEN,LA,2026-09-28T00:20:00.000000+0000,8.809164192054627,7.74,10.92,ACTIVE,true,BE,0.8114154397022154,19.113651170301505
2026,3,2026-09-24T04:01:17.981218+0000,2cffb4a-dirty,offense,00-0034351,3121023,Dallas Goedert,TE,PHI,CHI,2026-09-29T00:15:00.000000+0000,9.83100987294825,14.420000000000002,0.0,DOUBTFUL,false,,1.497546333729454,17.70354464078485
2026,3,2026-09-24T04:01:17.981218+0000,2cffb4a-dirty,offense,00-0034365,4045305,Ian Thomas,TE,LV,NO,2026-09-27T20:25:00.000000+0000,1.4330679858589388,1.1600000000000001,0.55,ACTIVE,false,,-1.3374696608972626e-6,3.793793072265184
2026,3,2026-09-24T04:01:17.981218+0000,2cffb4a-dirty,offense,00-0034383,3117256,Dalton Schultz,TE,HOU,IND,2026-09-27T17:00:00.000000+0000,12.345391927570581,12.84,9.52,ACTIVE,false,,3.7079956833461702,22.047121181312324
2026,3,2026-09-24T04:01:17.981218+0000,2cffb4a-dirty,offense,00-0034577,3115293,Kyle Allen,QB,BUF,LAC,2026-09-27T17:00:00.000000+0000,1.87856159770576,0.05199999999999998,0.0,ACTIVE,false,,-0.13266533543317977,8.585645747220283
2026,3,2026-09-24T04:01:17.981218+0000,2cffb4a-dirty,offense,00-0034753,3116365,Mark Andrews,TE,BAL,DAL,2026-09-27T20:25:00.000000+0000,8.683475504918162,6.880000000000001,10.21,ACTIVE,false,,1.5689372426014392,17.673462894538787
2026,3,2026-09-24T04:01:17.981218+0000,2cffb4a-dirty,offense,00-0034771,3116407,Mason Rudolph,QB,PIT,CIN,2026-09-27T17:00:00.000000+0000,4.824537842934935,2.964,0.0,ACTIVE,false,,-0.18135334215701848,15.527851878573312
2026,3,2026-09-24T04:01:17.981218+0000,2cffb4a-dirty,offense,00-0034796,3916387,Lamar Jackson,QB,BAL,DAL,2026-09-27T20:25:00.000000+0000,17.84205471302903,15.904,21.08,ACTIVE,false,,4.094188683297918,30.057995585105704
2026,3,2026-09-24T04:01:17.981218+0000,2cffb4a-dirty,offense,00-0034798,3052897,Durham Smythe,TE,BAL,DAL,2026-09-27T20:25:00.000000+0000,1.8100572402364923,0.7,1.97,ACTIVE,false,,-8.48774921459741e-6,5.623168175873822
2026,3,2026-09-24T04:01:17.981218+0000,2cffb4a-dirty,offense,00-0034827,3915416,DJ Moore,WR,BUF,LAC,2026-09-27T17:00:00.000000+0000,9.674471998664973,9.319999999999999,12.56,QUESTIONABLE,false,,1.232598458457858,19.62445133395808
2026,3,2026-09-24T04:01:17.981218+0000,2cffb4a-dirty,offense,00-0034829,3116164,Mike Gesicki,TE,CIN,PIT,2026-09-27T17:00:00.000000+0000,6.5772692382206035,8.260000000000002,6.6,ACTIVE,false,,1.232598458457858,14.626346219356874
2026,3,2026-09-24T04:01:17.981218+0000,2cffb4a-dirty,offense,00-0034837,3925357,Calvin Ridley,WR,TEN,NYG,2026-09-27T17:00:00.000000+0000,3.6059508259710347,5.74,6.38,ACTIVE,false,,-0.0004176967486258408,9.900795427172197
2026,3,2026-09-24T04:01:17.981218+0000,2cffb4a-dirty,offense,00-0034844,3929630,Saquon Barkley,RB,PHI,CHI,2026-09-29T00:15:00.000000+0000,11.898373569931245,11.440000000000001,17.37,QUESTIONABLE,false,,1.3391534718816063,22.34344475527263
2026,3,2026-09-24T04:01:17.981218+0000,2cffb4a-dirty,offense,00-0034854,3047876,KhaDarel Hodge,WR,SF,ARI,2026-09-27T20:05:00.000000+0000,1.2982048269869526,0.5599999999999999,,,false,,-0.00003655866391153052,4.314076400641234
2026,3,2026-09-24T04:01:17.981218+0000,2cffb4a-dirty,offense,00-0034855,3052587,Baker Mayfield,QB,TB,MIN,2026-09-27T20:05:00.000000+0000,15.795802823120775,13.436000000000002,15.6,ACTIVE,false,,4.250490022641157,28.303003586174427
2026,3,2026-09-24T04:01:17.981218+0000,2cffb4a-dirty,offense,00-0034857,3918298,Josh Allen,QB,BUF,LAC,2026-09-27T17:00:00.000000+0000,22.307388335360272,21.312,23.56,ACTIVE,true,QB,4.742031195235395,34.550510507204585
2026,3,2026-09-24T04:01:17.981218+0000,2cffb4a-dirty,offense,00-0034869,3912547,Sam Darnold,QB,SEA,WAS,2026-09-27T17:00:00.000000+0000,7.973105142568646,9.251999999999999,15.81,QUESTIONABLE,false,,0.4907799841522446,21.37230979019944
2026,3,2026-09-24T04:01:17.981218+0000,2cffb4a-dirty,offense,00-0034959,3125107,Andrew Beck,RB,NYJ,DET,2026-09-27T17:00:00.000000+0000,2.5566518940651735,7.425130276711758,0.0,ACTIVE,false,,0.00001825583428456212,9.380993666503604
2026,3,2026-09-24T04:01:17.981218+0000,2cffb4a-dirty,offense,00-0034960,3916433,Jakobi Meyers,WR,JAX,NE,2026-09-27T17:00:00.000000+0000,9.052835659300431,8.38,9.29,QUESTIONABLE,false,,0.9266774762458346,17.81604386719242
2026,3,2026-09-24T04:01:17.981218+0000,2cffb4a-dirty,offense,00-0034975,4038441,Justice Hill,RB,BAL,DAL,2026-09-27T20:25:00.000000+0000,4.090990201830922,3.8800000000000017,6.66,ACTIVE,false,,-0.0012209557535928148,10.829734612983035
2026,3,2026-09-24T04:01:17.981218+0000,2cffb4a-dirty,offense,00-0034981,3843945,Foster Moreau,TE,HOU,IND,2026-09-27T17:00:00.000000+0000,2.6810914623161293,2.6,2.32,ACTIVE,false,,0.04503953784918049,6.234229470980987
2026,3,2026-09-24T04:01:17.981218+0000,2cffb4a-dirty,offense,00-0035021,4061956,Ashton Dulin,WR,IND,HOU,2026-09-27T17:00:00.000000+0000,1.1259841765983039,1.6000000000000003,1.72,QUESTIONABLE,false,,-0.0004503718377257223,4.6672608468442185
2026,3,2026-09-24T04:01:17.981218+0000,2cffb4a-dirty,offense,00-0035125,3917668,Alec Ingold,RB,LAC,BUF,2026-09-27T17:00:00.000000+0000,2.5566518940651735,7.425130276711758,1.03,ACTIVE,false,,0.00023845818378365993,9.929004705272696
2026,3,2026-09-24T04:01:17.981218+0000,2cffb4a-dirty,offense,00-0035208,3917914,Olamide Zaccheaus,WR,ATL,GB,2026-09-25T00:15:00.000000+0000,2.420131145934237,1.6200000000000003,3.92,ACTIVE,false,,-0.0005026834982686003,8.394000978523028
2026,3,2026-09-24T04:01:17.981218+0000,2cffb4a-dirty,offense,00-0035228,3917315,Kyler Murray,QB,MIN,TB,2026-09-27T20:05:00.000000+0000,11.903893963949274,11.816,17.34,ACTIVE,false,,1.5992012280865382,23.73758049969121
2026,3,2026-09-24T04:01:17.981218+0000,2cffb4a-dirty,offense,00-0035229,4036133,T.J. Hockenson,TE,MIN,TB,2026-09-27T20:05:00.000000+0000,7.447088750330231,8.1,9.18,ACTIVE,false,,1.1637741854956838,15.512383110733479
2026,3,2026-09-24T04:01:17.981218+0000,2cffb4a-dirty,offense,00-0035249,3921690,Josh Oliver,TE,MIN,TB,2026-09-27T20:05:00.000000+0000,4.048115118771974,3.6399999999999997,3.31,ACTIVE,false,,-0.0012456090060005713,8.82142231388256
2026,3,2026-09-24T04:01:17.981218+0000,2cffb4a-dirty,offense,00-0035250,4040761,Devin Singletary,RB,NYG,TEN,2026-09-27T17:00:00.000000+0000,7.919858022513952,9.58,5.19,ACTIVE,false,,0.5810010011250533,17.317653906775305
2026,3,2026-09-24T04:01:17.981218+0000,2cffb4a-dirty,offense,00-0035261,3916148,Tony Pollard,RB,TEN,NYG,2026-09-27T17:00:00.000000+0000,9.437997864470045,8.62,10.54,QUESTIONABLE,false,,1.1747061129873888,18.524192889987862
2026,3,2026-09-24T04:01:17.981218+0000,2cffb4a-dirty,offense,00-0035264,3892775,Jarrett Stidham,QB,DEN,LA,2026-09-28T00:20:00.000000+0000,2.246961799449674,2.696,0.0,ACTIVE,false,,-0.15535356337545808,10.695582462293888
2026,3,2026-09-24T04:01:17.981218+0000,2cffb4a-dirty,offense,00-0035289,4038524,Gardner Minshew,QB,ARI,SF,2026-09-27T20:05:00.000000+0000,2.47192582430968,2.2760000000000002,0.0,ACTIVE,false,,-0.15690251395662308,12.470495296015383
2026,3,2026-09-24T04:01:17.981218+0000,2cffb4a-dirty,offense,00-0035406,4039057,Lil'Jordan Humphrey,WR,DEN,LA,2026-09-28T00:20:00.000000+0000,2.3765237879583676,3.88,0.0,ACTIVE,false,,-0.0013016015395619256,7.686418106285302
2026,3,2026-09-24T04:01:17.981218+0000,2cffb4a-dirty,offense,00-0035535,3916945,Darius Slayton,WR,IND,HOU,2026-09-27T17:00:00.000000+0000,7.254772672620368,8.040000000000001,0.0,ACTIVE,false,,0.40848480204246,16.434669817984307
2026,3,2026-09-24T04:01:17.981218+0000,2cffb4a-dirty,offense,00-0035537,3915411,Ty Johnson,RB,BUF,LAC,2026-09-27T17:00:00.000000+0000,7.306612767464263,9.34,5.26,ACTIVE,false,,1.0601124729889109,17.20838803447131
2026,3,2026-09-24T04:01:17.981218+0000,2cffb4a-dirty,offense,00-0035544,3126997,Tom Kennedy,WR,DET,NYJ,2026-09-27T17:00:00.000000+0000,0.9177437175722989,0.0,0.11,ACTIVE,false,,-1.4604444178958769e-8,2.117352390171313
2026,3,2026-09-24T04:01:17.981218+0000,2cffb4a-dirty,offense,00-0035631,3127310,Drew Sample,TE,CIN,PIT,2026-09-27T17:00:00.000000+0000,3.8804775964603895,3.3,2.72,ACTIVE,false,,-0.0005738275422634379,8.465186638777434
2026,3,2026-09-24T04:01:17.981218+0000,2cffb4a-dirty,offense,00-0035640,4047650,DK Metcalf,WR,PIT,CIN,2026-09-27T17:00:00.000000+0000,12.549824731452768,11.84,11.33,ACTIVE,false,,3.281114020329782,23.90094065243439
2026,3,2026-09-24T04:01:17.981218+0000,2cffb4a-dirty,offense,00-0035644,4036131,Noah Fant,TE,NO,LV,2026-09-27T20:25:00.000000+0000,5.021394106851629,2.56,3.26,ACTIVE,false,,0.08113654262072495,10.410369579514175
2026,3,2026-09-24T04:01:17.981218+0000,2cffb4a-dirty,offense,00-0035659,3121422,Terry McLaurin,WR,WAS,SEA,2026-09-27T17:00:00.000000+0000,10.137200767337557,7.94,11.89,ACTIVE,false,,1.494110200549222,19.72200837142126
2026,3,2026-09-24T04:01:17.981218+0000,2cffb4a-dirty,offense,00-0035662,4241372,Marquise Brown,WR,PHI,CHI,2026-09-29T00:15:00.000000+0000,4.212363710702927,4.4,0.73,ACTIVE,false,,-0.000028308780308470705,11.421937966985327
2026,3,2026-09-24T04:01:17.981218+0000,2cffb4a-dirty,offense,00-0035685,4035538,David Montgomery,RB,HOU,IND,2026-09-27T17:00:00.000000+0000,12.05457449906772,9.439999999999998,11.91,ACTIVE,false,,3.2520451694097603,21.54256820810909
2026,3,2026-09-24T04:01:17.981218+0000,2cffb4a-dirty,offense,00-0035689,3930086,Dawson Knox,TE,BUF,LAC,2026-09-27T17:00:00.000000+0000,5.449856985900784,6.12,4.03,ACTIVE,false,,0.08535667250297008,11.228163041951861
2026,3,2026-09-24T04:01:17.981218+0000,2cffb4a-dirty,offense,00-0035704,3924327,Drew Lock,QB,SEA,WAS,2026-09-27T17:00:00.000000+0000,10.196976529476409,6.756,0.0,ACTIVE,false,,2.043442687518668,23.16650219844704
2026,3,2026-09-24T04:01:17.981218+0000,2cffb4a-dirty,offense,00-0035710,3917792,Daniel Jones,QB,IND,HOU,2026-09-27T17:00:00.000000+0000,12.080132445425667,10.844,13.99,ACTIVE,false,,2.045354001250139,24.680328469427653
2026,3,2026-09-24T04:01:17.981218+0000,2cffb4a-dirty,offense,00-0035719,3126486,Deebo Samuel Sr.,WR,SF,ARI,2026-09-27T20:05:00.000000+0000,11.077703138819665,9.280000000000001,12.33,ACTIVE,true,BE,2.1805843896566945,21.773372548372723
2026,3,2026-09-24T04:01:17.981218+0000,2cffb4a-dirty,offense,00-0035993,4035671,Tyler Huntley,QB,BAL,DAL,2026-09-27T20:25:00.000000+0000,7.022599990644113,8.028,0.0,ACTIVE,false,,0.22715904304150758,18.33700769425006
2026,3,2026-09-24T04:01:17.981218+0000,2cffb4a-dirty,offense,00-0036040,3929645,Juwan Johnson,TE,NO,LV,2026-09-27T20:25:00.000000+0000,10.96756503713909,12.5,9.18,ACTIVE,false,,2.1454940369824254,19.553226919087887
2026,3,2026-09-24T04:01:17.981218+0000,2cffb4a-dirty,offense,00-0036139,4038815,Rico Dowdle,RB,PIT,CIN,2026-09-27T17:00:00.000000+0000,8.302858621867813,6.220000000000001,0.0,QUESTIONABLE,false,,0.6976538214387579,16.580918954608673
2026,3,2026-09-24T04:01:17.981218+0000,2cffb4a-dirty,offense,00-0036158,4241985,J.K. Dobbins,RB,DEN,LA,2026-09-28T00:20:00.000000+0000,9.141734455407795,7.5200000000000005,10.64,QUESTIONABLE,false,,1.1297061129873889,17.959871044847958
2026,3,2026-09-24T04:01:17.981218+0000,2cffb4a-dirty,offense,00-0036187,4039505,Reggie Gilliam,RB,NE,JAX,2026-09-27T17:00:00.000000+0000,1.8131594552610124,1.0,0.47,QUESTIONABLE,false,,-0.0006632119823968087,5.6733597102523925
2026,3,2026-09-24T04:01:17.981218+0000,2cffb4a-dirty,offense,00-0036212,4241479,Tua Tagovailoa,QB,ATL,GB,2026-09-25T00:15:00.000000+0000,8.043669041336091,9.528,0.0,ACTIVE,false,,0.9529436826025526,22.272203098117767
2026,3,2026-09-24T04:01:17.981218+0000,2cffb4a-dirty,offense,00-0036223,4242335,Jonathan Taylor,RB,IND,HOU,2026-09-27T17:00:00.000000+0000,17.484818639972453,18.9,20.61,ACTIVE,true,RB,4.803031195235395,31.139205494204596
2026,3,2026-09-24T04:01:17.981218+0000,2cffb4a-dirty,offense,00-0036244,4242557,Colby Parkinson,TE,LA,DEN,2026-09-28T00:20:00.000000+0000,8.271205074208183,8.020000000000001,4.12,QUESTIONABLE,false,,0.3525040400775954,16.707024246768608
2026,3,2026-09-24T04:01:17.981218+0000,2cffb4a-dirty,offense,00-0036252,4035687,Michael Pittman,WR,PIT,CIN,2026-09-27T17:00:00.000000+0000,7.362887752920484,5.66,11.36,QUESTIONABLE,false,,1.0090814972950979,16.641631103753117
2026,3,2026-09-24T04:01:17.981218+0000,2cffb4a-dirty,offense,00-0036259,3886598,Jauan Jennings,WR,MIN,TB,2026-09-27T20:05:00.000000+0000,6.95289504283988,11.3,6.15,ACTIVE,false,,0.40537943424974077,16.387075718473177
2026,3,2026-09-24T04:01:17.981218+0000,2cffb4a-dirty,offense,00-0036264,4036378,Jordan Love,QB,GB,ATL,2026-09-25T00:15:00.000000+0000,15.218441437685623,14.052000000000001,17.28,ACTIVE,false,,4.341556935110158,27.129965266943966
2026,3,2026-09-24T04:01:17.981218+0000,2cffb4a-dirty,offense,00-0036265,4239934,AJ Dillon,RB,CAR,CLE,2026-09-27T17:00:00.000000+0000,2.052588815470855,1.4,5.67,ACTIVE,false,,0.00004197288343791051,6.62067119851137
2026,3,2026-09-24T04:01:17.981218+0000,2cffb4a-dirty,offense,00-0036275,4259545,D'Andre Swift,RB,CHI,PHI,2026-09-29T00:15:00.000000+0000,14.878786434719068,16.4,12.83,ACTIVE,false,,4.5399022629976535,26.546447171517098
2026,3,2026-09-24T04:01:17.981218+0000,2cffb4a-dirty,offense,00-0036290,4258595,Cole Kmet,TE,CHI,PHI,2026-09-29T00:15:00.000000+0000,5.7452238488142795,4.82,3.62,ACTIVE,false,,0.04375439099399942,11.50187216830851
2026,3,2026-09-24T04:01:17.981218+0000,2cffb4a-dirty,offense,00-0036309,4040655,Darnell Mooney,WR,NYG,TEN,2026-09-27T17:00:00.000000+0000,6.656597350485427,5.28,4.95,ACTIVE,false,,0.3975040400775954,14.82471701551239
2026,3,2026-09-24T04:01:17.981218+0000,2cffb4a-dirty,offense,00-0036322,4262921,Justin Jefferson,WR,MIN,TB,2026-09-27T20:05:00.000000+0000,14.713933032597398,15.919999999999998,18.26,ACTIVE,false,,4.307680236030934,26.511091896892008
2026,3,2026-09-24T04:01:17.981218+0000,2cffb4a-dirty,offense,00-0036331,4039050,Devin Duvernay,WR,ARI,SF,2026-09-27T20:05:00.000000+0000,0.8591878272093879,-1.7763568394002506e-16,0.12,ACTIVE,false,,-0.0009287508347416512,2.4745819241114946
2026,3,2026-09-24T04:01:17.981218+0000,2cffb4a-dirty,offense,00-0036355,4038941,Justin Herbert,QB,LAC,BUF,2026-09-27T17:00:00.000000+0000,15.956531776689136,15.376,17.26,ACTIVE,false,,3.990537900082084,29.011149495615108
2026,3,2026-09-24T04:01:17.981218+0000,2cffb4a-dirty,offense,00-0036358,4241389,CeeDee Lamb,WR,DAL,BAL,2026-09-27T20:25:00.000000+0000,16.007417373472112,14.560000000000002,17.32,ACTIVE,true,WR,3.976015993371562,26.53276950358349
2026,3,2026-09-24T04:01:17.981218+0000,2cffb4a-dirty,offense,00-0036389,4040715,Jalen Hurts,QB,PHI,CHI,2026-09-29T00:15:00.000000+0000,18.32484803924667,18.416000000000004,19.8,ACTIVE,false,,4.742031195235395,31.289895295875446
2026,3,2026-09-24T04:01:17.981218+0000,2cffb4a-dirty,offense,00-0036407,4241463,Jerry Jeudy,WR,CLE,CAR,2026-09-27T17:00:00.000000+0000,5.5467513019907635,4.68,5.71,ACTIVE,false,,0.31090175856862473,14.440059322900602
2026,3,2026-09-24T04:01:17.981218+0000,2cffb4a-dirty,offense,00-0036410,4239993,Tee Higgins,WR,CIN,PIT,2026-09-27T17:00:00.000000+0000,12.390726318016322,13.26,12.68,ACTIVE,false,,3.5147272961842138,23.273501939578622
2026,3,2026-09-24T04:01:17.981218+0000,2cffb4a-dirty,offense,00-0036422,3911853,Adam Trautman,TE,DEN,LA,2026-09-28T00:20:00.000000+0000,2.4464237788582386,2.1599999999999993,2.25,ACTIVE,false,,-0.00001584998650166514,6.3466243876892765
2026,3,2026-09-24T04:01:17.981218+0000,2cffb4a-dirty,offense,00-0036425,4240631,DeeJay Dallas,RB,MIN,TB,2026-09-27T20:05:00.000000+0000,1.9700724405318646,1.24,3.94,QUESTIONABLE,false,,0.00001791616100045784,5.9311676666343445
2026,3,2026-09-24T04:01:17.981218+0000,2cffb4a-dirty,offense,00-0036429,4035020,Charlie Woerner,TE,ATL,GB,2026-09-25T00:15:00.000000+0000,1.1330459033780773,0.26,0.97,ACTIVE,false,,5.6005512021175606e-6,2.951710904876849
2026,3,2026-09-24T04:01:17.981218+0000,2cffb4a-dirty,offense,00-0036442,3915511,Joe Burrow,QB,CIN,PIT,2026-09-27T17:00:00.000000+0000,17.10230722165805,20.168,16.42,ACTIVE,false,,4.721403790254267,29.04259184419871
2026,3,2026-09-24T04:01:17.981218+0000,2cffb4a-dirty,offense,00-0036463,4369886,Chris Blair,WR,ATL,GB,2026-09-25T00:15:00.000000+0000,1.5151366053471758,0.32,,,false,,-0.000039205422578379625,5.892690092509285
2026,3,2026-09-24T04:01:17.981218+0000,2cffb4a-dirty,offense,00-0036550,4360939,Rashod Bateman,WR,BAL,DAL,2026-09-27T20:25:00.000000+0000,7.739280211785746,5.5600000000000005,7.62,ACTIVE,true,BE,1.129690879179456,17.39720918018294
2026,3,2026-09-24T04:01:17.981218+0000,2cffb4a-dirty,offense,00-0036554,4258173,Nico Collins,WR,HOU,IND,2026-09-27T17:00:00.000000+0000,14.300261239849142,15.88,15.79,QUESTIONABLE,false,,4.3416837073699615,25.43033041547659
2026,3,2026-09-24T04:01:17.981218+0000,2cffb4a-dirty,offense,00-0036555,4241416,Chuba Hubbard,RB,CAR,CLE,2026-09-27T17:00:00.000000+0000,12.51357764107629,9.8,14.43,ACTIVE,false,,3.0477573183405116,23.106007763673247
2026,3,2026-09-24T04:01:17.981218+0000,2cffb4a-dirty,offense,00-0036556,4362504,Brevin Jordan,TE,HOU,IND,2026-09-27T17:00:00.000000+0000,1.879827872042213,3.46,0.0,ACTIVE,false,,-0.00035221701322651926,5.259030522610809
2026,3,2026-09-24T04:01:17.981218+0000,2cffb4a-dirty,offense,00-0036590,4244049,Quintin Morris,TE,JAX,NE,2026-09-27T17:00:00.000000+0000,2.1274878274277618,2.1399999999999997,1.64,ACTIVE,false,,-0.00001150206524341237,5.649121150396533
2026,3,2026-09-24T04:01:17.981218+0000,2cffb4a-dirty,offense,00-0036613,4372016,Jaylen Waddle,WR,DEN,LA,2026-09-28T00:20:00.000000+0000,10.670497076041602,8.1,13.08,ACTIVE,false,,1.7129249971117577,19.853383038333256
2026,3,2026-09-24T04:01:17.981218+0000,2cffb4a-dirty,offense,00-0036626,4361577,Dyami Brown,WR,WAS,SEA,2026-09-27T17:00:00.000000+0000,4.87491300544204,0.86,5.91,ACTIVE,false,,0.09539587570421754,12.997322933387741
2026,3,2026-09-24T04:01:17.981218+0000,2cffb4a-dirty,offense,00-0036628,4048228,John Bates,TE,WAS,SEA,2026-09-27T17:00:00.000000+0000,3.346743612958846,2.5200000000000005,1.47,ACTIVE,false,,-0.0005738275422634379,8.065006941119464
2026,3,2026-09-24T04:01:17.981218+0000,2cffb4a-dirty,offense,00-0036630,4241424,Tylan Wallace,WR,CLE,CAR,2026-09-27T17:00:00.000000+0000,1.102812527108971,0.0,0.5,ACTIVE,false,,1.0413618038074392e-7,3.4932546023587436
2026,3,2026-09-24T04:01:17.981218+0000,2cffb4a-dirty,offense,00-0036637,4240472,Noah Gray,TE,KC,MIA,2026-09-27T17:00:00.000000+0000,3.0684904822843735,1.7399999999999998,2.64,ACTIVE,false,,-0.0005716783110491278,8.367666305705516
2026,3,2026-09-24T04:01:17.981218+0000,2cffb4a-dirty,offense,00-0036646,4360739,Simi Fehoko,WR,ARI,SF,2026-09-27T20:05:00.000000+0000,0.8709994552078384,0.0,,,false,,-0.0020140835367584986,2.718217409543211
2026,3,2026-09-24T04:01:17.981218+0000,2cffb4a-dirty,offense,00-0036754,4242392,Brock Wright,TE,DET,NYJ,2026-09-27T17:00:00.000000+0000,3.0352428020356914,2.04,1.63,ACTIVE,false,,-0.0004182921749316167,7.708104588857318
2026,3,2026-09-24T04:01:17.981218+0000,2cffb4a-dirty,offense,00-0036825,4034948,Feleipe Franks,TE,CAR,CLE,2026-09-27T17:00:00.000000+0000,0.8741823650707092,0.0,0.0,ACTIVE,false,,-6.054345546892069e-12,1.436127966551516
2026,3,2026-09-24T04:01:17.981218+0000,2cffb4a-dirty,offense,00-0036842,4035537,Kene Nwangwu,RB,NYJ,DET,2026-09-27T17:00:00.000000+0000,2.1706923546727985,0.9800000000000001,0.07,QUESTIONABLE,false,,-0.003087596901206702,7.302591294525093
2026,3,2026-09-24T04:01:17.981218+0000,2cffb4a-dirty,offense,00-0036849,4360797,Tutu Atwell,WR,LA,DEN,2026-09-28T00:20:00.000000+0000,3.084833551650822,1.5400000000000003,0.0,ACTIVE,false,,-0.0013044235540992915,8.652370888295989
2026,3,2026-09-24T04:01:17.981218+0000,2cffb4a-dirty,offense,00-0036862,4035656,Ben Skowronek,WR,PIT,CIN,2026-09-27T17:00:00.000000+0000,1.2236214340323484,0.7,0.0,ACTIVE,false,,2.0408074064471538e-6,4.425626570464898
2026,3,2026-09-24T04:01:17.981218+0000,2cffb4a-dirty,offense,00-0036875,4569173,Rhamondre Stevenson,RB,NE,JAX,2026-09-27T17:00:00.000000+0000,11.546794322062311,19.68,12.05,ACTIVE,false,,2.624578986004866,22.653999883441724
2026,3,2026-09-24T04:01:17.981218+0000,2cffb4a-dirty,offense,00-0036876,4039160,Kylen Granson,TE,TEN,NYG,2026-09-27T17:00:00.000000+0000,1.5164624789684071,1.4,0.0,ACTIVE,false,,-0.0004264614569446027,3.7472054065062794
2026,3,2026-09-24T04:01:17.981218+0000,2cffb4a-dirty,offense,00-0036879,4241820,Sam Ehlinger,QB,DEN,LA,2026-09-28T00:20:00.000000+0000,1.845450079617518,0.0,0.0,ACTIVE,false,,-0.07471881421843678,8.6455449009397
2026,3,2026-09-24T04:01:17.981218+0000,2cffb4a-dirty,offense,00-0036887,4040612,Luke Farrell,TE,SF,ARI,2026-09-27T20:05:00.000000+0000,2.2730288374166454,0.78,1.63,ACTIVE,false,,2.2686335735037836e-7,6.5244469276534485
2026,3,2026-09-24T04:01:17.981218+0000,2cffb4a-dirty,offense,00-0036893,4241457,Najee Harris,RB,NYG,TEN,2026-09-27T17:00:00.000000+0000,4.152168937045889,5.5600000000000005,3.4,ACTIVE,false,,0.351280624884734,11.4719390651396
2026,3,2026-09-24T04:01:17.981218+0000,2cffb4a-dirty,offense,00-0036894,4361411,Pat Freiermuth,TE,PIT,CIN,2026-09-27T17:00:00.000000+0000,8.971095814238213,9.28,8.3,ACTIVE,false,,1.4700041890479,17.97216612299362
2026,3,2026-09-24T04:01:17.981218+0000,2cffb4a-dirty,offense,00-0036898,4242546,Davis Mills,QB,HOU,IND,2026-09-27T17:00:00.000000+0000,9.879420831958642,13.475999999999999,0.0,ACTIVE,false,,1.9945511464486003,23.504695598465965
2026,3,2026-09-24T04:01:17.981218+0000,2cffb4a-dirty,offense,00-0036900,4362628,Ja'Marr Chase,WR,CIN,PIT,2026-09-27T17:00:00.000000+0000,16.92660071327366,19.639999999999997,18.94,ACTIVE,false,,4.18071903254104,27.510456732043284
2026,3,2026-09-24T04:01:17.981218+0000,2cffb4a-dirty,offense,00-0036912,4241478,DeVonta Smith,WR,PHI,CHI,2026-09-29T00:15:00.000000+0000,13.128032340602998,12.98,15.63,ACTIVE,true,WR,3.963310487972244,25.46682033941885
2026,3,2026-09-24T04:01:17.981218+0000,2cffb4a-dirty,offense,00-0036919,4371733,Kenny Gainwell,RB,TB,MIN,2026-09-27T20:05:00.000000+0000,9.142434092950515,11.86,7.6,ACTIVE,false,,0.966549529720625,20.3691496269564
2026,3,2026-09-24T04:01:17.981218+0000,2cffb4a-dirty,offense,00-0036945,4362887,Justin Fields,QB,KC,MIA,2026-09-27T17:00:00.000000+0000,9.469315321731882,10.24,0.0,ACTIVE,false,,0.4942907194005433,21.325141534806843
2026,3,2026-09-24T04:01:17.981218+0000,2cffb4a-dirty,offense,00-0036963,4374302,Amon-Ra St. Brown,WR,DET,NYJ,2026-09-27T17:00:00.000000+0000,20.591181677758186,22.6,19.86,ACTIVE,false,,4.7823791370018585,34.223407526533364
2026,3,2026-09-24T04:01:17.981218+0000,2cffb4a-dirty,offense,00-0036970,4360248,Kyle Pitts,TE,ATL,GB,2026-09-25T00:15:00.000000+0000,7.862734729981916,7.320000000000002,9.89,ACTIVE,false,,0.3525040400775954,15.972301898622357
2026,3,2026-09-24T04:01:17.981218+0000,2cffb4a-dirty,offense,00-0036971,4360310,Trevor Lawrence,QB,JAX,NE,2026-09-27T17:00:00.000000+0000,18.141273599710434,21.968,17.44,ACTIVE,false,,4.663470323126161,29.17540103904414
2026,3,2026-09-24T04:01:17.981218+0000,2cffb4a-dirty,offense,00-0036972,4241464,Mac Jones,QB,SF,ARI,2026-09-27T20:05:00.000000+0000,2.653186302055443,4.491999999999999,0.0,ACTIVE,false,,-0.11796793181418122,11.29860000639832
2026,3,2026-09-24T04:01:17.981218+0000,2cffb4a-dirty,offense,00-0036973,4239996,Travis Etienne,RB,NO,LV,2026-09-27T20:25:00.000000+0000,12.275086611483674,10.900000000000002,11.93,QUESTIONABLE,false,,2.7899107423123626,22.839351840103955
2026,3,2026-09-24T04:01:17.981218+0000,2cffb4a-dirty,offense,00-0036980,4372414,Elijah Moore,WR,PHI,CHI,2026-09-29T00:15:00.000000+0000,2.41286690840104,1.9400000000000017,0.0,ACTIVE,false,,-0.0016915931956739615,8.97544953010483
2026,3,2026-09-24T04:01:17.981218+0000,2cffb4a-dirty,offense,00-0036988,4242433,Josh Palmer,WR,BUF,LAC,2026-09-27T17:00:00.000000+0000,5.116166778812832,5.24,2.63,ACTIVE,false,,0.6973801139101458,12.605058065595394
2026,3,2026-09-24T04:01:17.981218+0000,2cffb4a-dirty,offense,00-0036997,4361579,Javonte Williams,RB,DAL,BAL,2026-09-27T20:25:00.000000+0000,15.931348770044048,13.0,15.0,ACTIVE,false,,4.5399022629976535,26.998888528041125
2026,3,2026-09-24T04:01:17.981218+0000,2cffb4a-dirty,offense,00-0037004,4239944,Hunter Long,TE,ARI,SF,2026-09-27T20:05:00.000000+0000,1.3279973569314567,1.0400000000000005,1.04,ACTIVE,false,,-0.000029900288402398183,3.3163073942619468
2026,3,2026-09-24T04:01:17.981218+0000,2cffb4a-dirty,offense,00-0037005,4372780,Tommy Tremble,TE,CAR,CLE,2026-09-27T17:00:00.000000+0000,5.449077477238763,4.58,4.77,ACTIVE,false,,0.036136542620724944,12.656576962529009
2026,3,2026-09-24T04:01:17.981218+0000,2cffb4a-dirty,offense,00-0037012,4383351,Trey Lance,QB,LAC,BUF,2026-09-27T17:00:00.000000+0000,5.980316729460653,5.180000000000001,0.0,ACTIVE,false,,0.22715904304150758,17.895737672177223
2026,3,2026-09-24T04:01:17.981218+0000,2cffb4a-dirty,offense,00-0037013,4361259,Zach Wilson,QB,NO,LV,2026-09-27T20:25:00.000000+0000,1.6627402453799764,0.08399999999999931,0.0,ACTIVE,false,,-0.13266936079945155,9.028757779355601
2026,3,2026-09-24T04:01:17.981218+0000,2cffb4a-dirty,offense,00-0037077,4426875,Sam Howell,QB,DAL,BAL,2026-09-27T20:25:00.000000+0000,4.002459469801059,2.2960000000000003,0.0,ACTIVE,false,,0.12994741907160623,18.024684409952734
2026,3,2026-09-24T04:01:17.981218+0000,2cffb4a-dirty,offense,00-0037085,4362748,Tyler Badie,RB,DEN,LA,2026-09-28T00:20:00.000000+0000,4.117431021514673,2.3600000000000003,0.01,ACTIVE,false,,0.04375439099399942,9.804213838805875
2026,3,2026-09-24T04:01:17.981218+0000,2cffb4a-dirty,offense,00-0037091,4259305,Bo Melton,WR,GB,ATL,2026-09-25T00:15:00.000000+0000,1.4453111008923807,1.28,3.08,ACTIVE,false,,-5.5982479846704076e-6,5.45126266301871
2026,3,2026-09-24T04:01:17.981218+0000,2cffb4a-dirty,offense,00-0037093,4401805,Dareke Young,WR,LV,NO,2026-09-27T20:25:00.000000+0000,1.2227719651660232,0.74,1.06,QUESTIONABLE,false,,2.088667786624991e-6,3.96345192560909
2026,3,2026-09-24T04:01:17.981218+0000,2cffb4a-dirty,offense,00-0037120,4429676,Tyler Goodson,RB,DAL,BAL,2026-09-27T20:25:00.000000+0000,1.2596679434882585,0.24000000000000005,0.0,ACTIVE,false,,-0.0065387274720984535,4.040761298749138
2026,3,2026-09-24T04:01:17.981218+0000,2cffb4a-dirty,offense,00-0037132,3926231,Britain Covey,WR,PHI,CHI,2026-09-29T00:15:00.000000+0000,1.410720586058574,0.7999999999999996,,,false,,-5.598361302894581e-6,4.279893106832544
2026,3,2026-09-24T04:01:17.981218+0000,2cffb4a-dirty,offense,00-0037157,4427728,Bam Knight,RB,ARI,SF,2026-09-27T20:05:00.000000+0000,2.530145446764647,5.08,0.0,ACTIVE,false,,-0.0015013373171878014,6.3485722868462755
2026,3,2026-09-24T04:01:17.981218+0000,2cffb4a-dirty,offense,00-0037228,4569987,Jaylen Warren,RB,PIT,CIN,2026-09-27T17:00:00.000000+0000,11.447836363895108,14.080000000000002,14.92,QUESTIONABLE,true,RB/WR/TE,3.3924295461135574,21.920398091039335
2026,3,2026-09-24T04:01:17.981218+0000,2cffb4a-dirty,offense,00-0037238,4426502,Drake London,WR,ATL,GB,2026-09-25T00:15:00.000000+0000,12.208598332143312,7.860000000000001,15.39,ACTIVE,false,,0.9691359998421462,22.814112885840498
2026,3,2026-09-24T04:01:17.981218+0000,2cffb4a-dirty,offense,00-0037239,4361370,Chris Olave,WR,NO,LV,2026-09-27T20:25:00.000000+0000,17.228371884132724,26.8,17.76,ACTIVE,false,,4.7823791370018585,29.074208487586017
2026,3,2026-09-24T04:01:17.981218+0000,2cffb4a-dirty,offense,00-0037240,4426388,Jameson Williams,WR,DET,NYJ,2026-09-27T17:00:00.000000+0000,12.16140669509732,8.98,10.93,ACTIVE,false,,1.989449292658983,23.70604790505072
2026,3,2026-09-24T04:01:17.981218+0000,2cffb4a-dirty,offense,00-0037247,4426354,George Pickens,WR,DAL,BAL,2026-09-27T20:25:00.000000+0000,11.556624277223762,11.1,13.81,ACTIVE,false,,2.325597162306384,23.72205076138116
2026,3,2026-09-24T04:01:17.981218+0000,2cffb4a-dirty,offense,00-0037248,4379399,James Cook,RB,BUF,LAC,2026-09-27T17:00:00.000000+0000,15.715038988743832,13.48,16.95,ACTIVE,false,,3.6689890371895855,27.633259695640128
2026,3,2026-09-24T04:01:17.981218+0000,2cffb4a-dirty,offense,00-0037252,4367209,Greg Dulcich,TE,MIA,KC,2026-09-27T17:00:00.000000+0000,6.144752990103657,7.0600000000000005,6.39,ACTIVE,false,,0.3525040400775954,13.530786046123012
2026,3,2026-09-24T04:01:17.981218+0000,2cffb4a-dirty,offense,00-0037256,4697815,Rachaad White,RB,WAS,SEA,2026-09-27T17:00:00.000000+0000,8.720574963776496,7.359999999999999,9.33,ACTIVE,true,BE,1.5895893008349742,17.338044465871825
2026,3,2026-09-24T04:01:17.981218+0000,2cffb4a-dirty,offense,00-0037261,4373678,Khalil Shakir,WR,BUF,LAC,2026-09-27T17:00:00.000000+0000,9.64514113894875,8.84,10.35,ACTIVE,false,,2.4823361573875387,19.511754728908745
2026,3,2026-09-24T04:01:17.981218+0000,2cffb4a-dirty,offense,00-0037263,4373626,Tyler Allgeier,RB,ARI,SF,2026-09-27T20:05:00.000000+0000,8.127942062416437,5.28,7.51,ACTIVE,false,,0.7631663284566459,16.9085499583388
2026,3,2026-09-24T04:01:17.981218+0000,2cffb4a-dirty,offense,00-0037291,4382466,Jalen Nailor,WR,LV,NO,2026-09-27T20:25:00.000000+0000,5.5090375114232915,3.1,6.31,ACTIVE,false,,0.036136542620724944,13.984139000754586
2026,3,2026-09-24T04:01:17.981218+0000,2cffb4a-dirty,offense,00-0037292,4722908,Andrew Ogletree,TE,IND,HOU,2026-09-27T17:00:00.000000+0000,1.564564994287481,0.41999999999999976,1.0,ACTIVE,false,,-2.5207319288528915e-6,3.1673232764743218
2026,3,2026-09-24T04:01:17.981218+0000,2cffb4a-dirty,offense,00-0037304,4241961,Connor Heyward,RB,LV,NO,2026-09-27T20:25:00.000000+0000,1.751926488327584,0.0,0.8,ACTIVE,false,,-0.00262730268986687,6.04233869988756
2026,3,2026-09-24T04:01:17.981218+0000,2cffb4a-dirty,offense,00-0037311,4034779,Ko Kieft,TE,TB,MIN,2026-09-27T20:05:00.000000+0000,0.7748707999672252,0.0,0.0,ACTIVE,false,,0.0,0.5620937882706717
2026,3,2026-09-24T04:01:17.981218+0000,2cffb4a-dirty,offense,00-0037317,4249624,Nick Muse,TE,ATL,GB,2026-09-25T00:15:00.000000+0000,1.0917909527445482,0.0,,,false,,0.0,1.7559650665102557
2026,3,2026-09-24T04:01:17.981218+0000,2cffb4a-dirty,offense,00-0037524,4245144,Tay Martin,WR,DET,NYJ,2026-09-27T17:00:00.000000+0000,0.9177437175722989,0.8600000000000001,0.0,ACTIVE,false,,-0.0000887252273098692,2.2806342670887028
2026,3,2026-09-24T04:01:17.981218+0000,2cffb4a-dirty,offense,00-0037545,4032473,Rashid Shaheed,WR,SEA,WAS,2026-09-27T17:00:00.000000+0000,5.910523824293854,4.08,10.94,ACTIVE,false,,0.22309808966476513,13.418606863468387
2026,3,2026-09-24T04:01:17.981218+0000,2cffb4a-dirty,offense,00-0037557,4243003,Ronnie Rivers,RB,LA,DEN,2026-09-28T00:20:00.000000+0000,2.4368803498393605,0.7800000000000005,0.0,INJURY_RESERVE,false,,0.020200943938433778,6.633420704044895
2026,3,2026-09-24T04:01:17.981218+0000,2cffb4a-dirty,offense,00-0037594,4367567,Julius Chestnut,RB,TEN,NYG,2026-09-27T17:00:00.000000+0000,0.887244298360095,0.02,0.0,ACTIVE,false,,-0.007378657162175494,2.1309501679630367
2026,3,2026-09-24T04:01:17.981218+0000,2cffb4a-dirty,offense,00-0037614,4567096,John Metchie III,WR,CAR,CLE,2026-09-27T17:00:00.000000+0000,2.934207744013102,4.08,0.53,ACTIVE,false,,-0.0013006336043988786,8.43818932790823
2026,3,2026-09-24T04:01:17.981218+0000,2cffb4a-dirty,offense,00-0037664,4360078,Alec Pierce,WR,IND,HOU,2026-09-27T17:00:00.000000+0000,8.878547313877215,13.2,0.0,OUT,false,,0.7965962828135082,19.307515198690517
2026,3,2026-09-24T04:01:17.981218+0000,2cffb4a-dirty,offense,00-0037666,4249417,Jalen Tolbert,WR,MIA,KC,2026-09-27T17:00:00.000000+0000,2.713528431559429,1.42,0.0,ACTIVE,false,,-0.0017504077437726817,10.01762401778024
2026,3,2026-09-24T04:01:17.981218+0000,2cffb4a-dirty,offense,00-0037740,4569618,Garrett Wilson,WR,NYJ,DET,2026-09-27T17:00:00.000000+0000,12.301501864702843,10.799999999999999,14.72,ACTIVE,false,,2.875548945658419,21.888788079473358
2026,3,2026-09-24T04:01:17.981218+0000,2cffb4a-dirty,offense,00-0037741,4361409,Jahan Dotson,WR,ATL,GB,2026-09-25T00:15:00.000000+0000,6.133718416001018,3.46,6.27,ACTIVE,false,,0.31090175856862473,14.961999311510237
2026,3,2026-09-24T04:01:17.981218+0000,2cffb4a-dirty,offense,00-0037742,4567156,Treylon Burks,WR,WAS,SEA,2026-09-27T17:00:00.000000+0000,3.931576620461037,2.06,0.48,ACTIVE,false,,0.05104435084464781,11.204426101259907
2026,3,2026-09-24T04:01:17.981218+0000,2cffb4a-dirty,offense,00-0037744,4361307,Trey McBride,TE,ARI,SF,2026-09-27T20:05:00.000000+0000,18.131962686544213,17.28,16.47,ACTIVE,false,,4.7823791370018585,28.968353315788317
2026,3,2026-09-24T04:01:17.981218+0000,2cffb4a-dirty,offense,00-0037746,4241474,Brian Robinson,RB,ATL,GB,2026-09-25T00:15:00.000000+0000,5.583797363302604,3.7,5.74,ACTIVE,false,,0.1030366692995291,11.993289149420473
2026,3,2026-09-24T04:01:17.981218+0000,2cffb4a-dirty,offense,00-0037755,4241410,Jelani Woods,TE,NYJ,DET,2026-09-27T17:00:00.000000+0000,0.960657281375883,0.27999999999999997,1.66,ACTIVE,false,,-0.00003678373387595552,2.760744745647158
2026,3,2026-09-24T04:01:17.981218+0000,2cffb4a-dirty,offense,00-0037801,3676833,KaVontae Turpin,WR,DAL,BAL,2026-09-27T20:25:00.000000+0000,2.55488937576409,4.58,2.14,ACTIVE,false,,-0.0015285881383574125,7.334535063873774
2026,3,2026-09-24T04:01:17.981218+0000,2cffb4a-dirty,offense,00-0037805,4361372,Jeremy Ruckert,TE,NYJ,DET,2026-09-27T17:00:00.000000+0000,2.377209868008991,1.7,3.51,ACTIVE,false,,0.00006663283366051179,6.9531282444287585
2026,3,2026-09-24T04:01:17.981218+0000,2cffb4a-dirty,offense,00-0037809,4360635,Chig Okonkwo,TE,WAS,SEA,2026-09-27T17:00:00.000000+0000,7.7055351363683355,8.8,6.67,QUESTIONABLE,false,,0.40848480204246,15.807172621821282
2026,3,2026-09-24T04:01:17.981218+0000,2cffb4a-dirty,offense,00-0037816,4361432,Romeo Doubs,WR,NE,JAX,2026-09-27T17:00:00.000000+0000,6.9439714643329555,9.360000000000001,11.51,ACTIVE,false,,0.4913129378588589,15.767836121047047
2026,3,2026-09-24T04:01:17.981218+0000,2cffb4a-dirty,offense,00-0037834,4361741,Brock Purdy,QB,SF,ARI,2026-09-27T20:05:00.000000+0000,22.114200567318775,24.516000000000002,20.8,ACTIVE,true,BE,4.721403790254267,34.349177123298716
2026,3,2026-09-24T04:01:17.981218+0000,2cffb4a-dirty,offense,00-0037838,4361050,Isaiah Likely,TE,NYG,TEN,2026-09-27T17:00:00.000000+0000,10.495272621001966,9.4,12.25,ACTIVE,false,,3.1244005092734555,19.52621619048631
2026,3,2026-09-24T04:01:17.981218+0000,2cffb4a-dirty,offense,00-0037840,4430737,Kyren Williams,RB,LA,DEN,2026-09-28T00:20:00.000000+0000,14.255443392298268,13.960000000000003,12.58,ACTIVE,false,,4.201371090774577,24.833425256064167
2026,3,2026-09-24T04:01:17.981218+0000,2cffb4a-dirty,offense,00-0038041,4242355,Jake Ferguson,TE,DAL,BAL,2026-09-27T20:25:00.000000+0000,8.475753007194015,7.38,8.71,ACTIVE,false,,1.267982155249685,17.654359537545922
2026,3,2026-09-24T04:01:17.981218+0000,2cffb4a-dirty,offense,00-0038046,4241263,Charlie Kolar,TE,LAC,BUF,2026-09-27T17:00:00.000000+0000,2.076973420328145,1.5799999999999996,0.0,OUT,false,,-0.000010288103289008442,6.130752832375926
2026,3,2026-09-24T04:01:17.981218+0000,2cffb4a-dirty,offense,00-0038090,4430191,Skyy Moore,WR,GB,ATL,2026-09-25T00:15:00.000000+0000,1.9918944037142885,1.3800000000000003,5.37,ACTIVE,false,,-5.264918531881477e-6,5.95152066373025
2026,3,2026-09-24T04:01:17.981218+0000,2cffb4a-dirty,offense,00-0038102,4240703,Kenny Pickett,QB,CAR,CLE,2026-09-27T17:00:00.000000+0000,3.332577121469293,0.5840000000000002,0.0,ACTIVE,false,,-0.12692326100297485,10.631232773512902
2026,3,2026-09-24T04:01:17.981218+0000,2cffb4a-dirty,offense,00-0038104,4362921,Tyquan Thornton,WR,KC,MIA,2026-09-27T17:00:00.000000+0000,5.446372297618807,4.640000000000001,5.29,ACTIVE,false,,0.04375439099399942,13.05816094253184
2026,3,2026-09-24T04:01:17.981218+0000,2cffb4a-dirty,offense,00-0038115,4361516,Daniel Bellinger,TE,TEN,NYG,2026-09-27T17:00:00.000000+0000,2.778775950992358,3.3200000000000003,2.02,ACTIVE,false,,-0.00001489555604398129,6.262573756460214
2026,3,2026-09-24T04:01:17.981218+0000,2cffb4a-dirty,offense,00-0038117,4569587,Wan'Dale Robinson,WR,TEN,NYG,2026-09-27T17:00:00.000000+0000,10.496319303767343,10.92,8.02,ACTIVE,false,,1.2067660830811104,21.79600104026949
2026,3,2026-09-24T04:01:17.981218+0000,2cffb4a-dirty,offense,00-0038120,4427366,Breece Hall,RB,NYJ,DET,2026-09-27T17:00:00.000000+0000,13.677451546325964,13.780000000000001,16.16,ACTIVE,false,,4.155188683318298,25.050502550584934
2026,3,2026-09-24T04:01:17.981218+0000,2cffb4a-dirty,offense,00-0038124,4248528,Christian Watson,WR,GB,ATL,2026-09-25T00:15:00.000000+0000,14.264162875733653,15.739999999999998,14.03,ACTIVE,false,,4.519250204764118,24.93916558840924
2026,3,2026-09-24T04:01:17.981218+0000,2cffb4a-dirty,offense,00-0038128,4242512,Malik Willis,QB,MIA,KC,2026-09-27T17:00:00.000000+0000,13.498718419204025,14.904,14.74,ACTIVE,false,,2.8514625630878276,24.35729889775926
2026,3,2026-09-24T04:01:17.981218+0000,2cffb4a-dirty,offense,00-0038129,4243331,Cade Otton,TE,TB,MIN,2026-09-27T20:05:00.000000+0000,10.389467485463554,9.52,7.48,ACTIVE,false,,1.2681989364360682,19.863541448343263
2026,3,2026-09-24T04:01:17.981218+0000,2cffb4a-dirty,offense,00-0038134,4567048,Kenneth Walker III,RB,KC,MIA,2026-09-27T17:00:00.000000+0000,20.53711338125599,21.660000000000004,21.0,ACTIVE,false,,4.803031195235395,32.40747021038451
2026,3,2026-09-24T04:01:17.981218+0000,2cffb4a-dirty,offense,00-0038359,4386544,Xavier Smith,WR,LA,DEN,2026-09-28T00:20:00.000000+0000,2.198708524042871,4.0,0.64,ACTIVE,false,,-0.0004512939613666957,6.643956061786752
2026,3,2026-09-24T04:01:17.981218+0000,2cffb4a-dirty,offense,00-0038393,4428850,Dontayvion Wicks,WR,PHI,CHI,2026-09-29T00:15:00.000000+0000,7.521253372717011,6.840000000000001,9.9,ACTIVE,false,,1.65807861725159,17.754559450717508
2026,3,2026-09-24T04:01:17.981218+0000,2cffb4a-dirty,offense,00-0038400,4685201,Tanner McKee,QB,PHI,CHI,2026-09-29T00:15:00.000000+0000,4.429283085755105,6.524000000000001,0.0,ACTIVE,false,,0.22715904304150758,17.99096426492346
2026,3,2026-09-24T04:01:17.981218+0000,2cffb4a-dirty,offense,00-0038416,4434153,Tyson Bagent,QB,CHI,PHI,2026-09-29T00:15:00.000000+0000,4.507434008216755,0.9880000000000002,0.0,QUESTIONABLE,false,,-0.12692699592003187,13.438413731749097
2026,3,2026-09-24T04:01:17.981218+0000,2cffb4a-dirty,offense,00-0038454,4596334,Keaton Mitchell,RB,LAC,BUF,2026-09-27T17:00:00.000000+0000,3.660751059340825,2.62,5.04,ACTIVE,false,,-0.0012209557535928148,10.226524182793296
2026,3,2026-09-24T04:01:17.981218+0000,2cffb4a-dirty,offense,00-0038476,4240391,Tommy DeVito,QB,NE,JAX,2026-09-27T17:00:00.000000+0000,3.4964858280065187,3.3480000000000003,0.0,ACTIVE,false,,-0.18301735219662651,15.565806213698568
2026,3,2026-09-24T04:01:17.981218+0000,2cffb4a-dirty,offense,00-0038488,4243176,Brady Russell,RB,SEA,WAS,2026-09-27T17:00:00.000000+0000,1.621362722320509,0.8,0.0,QUESTIONABLE,false,,-0.0004487857671544997,4.7389208336480335
2026,3,2026-09-24T04:01:17.981218+0000,2cffb4a-dirty,offense,00-0038489,4372070,Ben VanSumeren,RB,KC,MIA,2026-09-27T17:00:00.000000+0000,0.92284033854391,0.2,,,false,,-0.0004812274130888851,3.5726403255521406
2026,3,2026-09-24T04:01:17.981218+0000,2cffb4a-dirty,offense,00-0038498,4248557,E.J. Jenkins,TE,PHI,CHI,2026-09-29T00:15:00.000000+0000,0.8855576583592026,1.54,1.56,ACTIVE,false,,-0.013046038048287497,1.5864492838067061
2026,3,2026-09-24T04:01:17.981218+0000,2cffb4a-dirty,offense,00-0038519,4372716,Nikko Remigio,WR,KC,MIA,2026-09-27T17:00:00.000000+0000,0.8741823650707092,0.0,0.11,ACTIVE,false,,-6.64098546260995e-10,2.0566879898930055
2026,3,2026-09-24T04:01:17.981218+0000,2cffb4a-dirty,offense,00-0038542,4430807,Bijan Robinson,RB,ATL,GB,2026-09-25T00:15:00.000000+0000,16.89847199401115,23.880000000000003,19.54,ACTIVE,false,,4.803031195235395,30.932724077733287
2026,3,2026-09-24T04:01:17.981218+0000,2cffb4a-dirty,offense,00-0038543,4430878,Jaxon Smith-Njigba,WR,SEA,WAS,2026-09-27T17:00:00.000000+0000,17.848702737079922,24.580000000000002,20.82,ACTIVE,false,,4.62346439782922,30.233388970049404
2026,3,2026-09-24T04:01:17.981218+0000,2cffb4a-dirty,offense,00-0038544,4429025,Quentin Johnston,WR,LAC,BUF,2026-09-27T17:00:00.000000+0000,9.908438826235097,8.819999999999999,10.89,ACTIVE,false,,0.7613031363788735,19.742512868230722
2026,3,2026-09-24T04:01:17.981218+0000,2cffb4a-dirty,offense,00-0038547,4372096,Luke Schoonmaker,TE,DAL,BAL,2026-09-27T20:25:00.000000+0000,1.3895500683244637,1.5800000000000005,1.1,ACTIVE,false,,-4.386088255342356e-6,3.8651136592679904
2026,3,2026-09-24T04:01:17.981218+0000,2cffb4a-dirty,offense,00-0038551,4599739,Kendre Miller,RB,NO,LV,2026-09-27T20:25:00.000000+0000,5.372858004485948,6.459999999999999,0.0,ACTIVE,false,,0.7175861879540073,11.999538430757802
2026,3,2026-09-24T04:01:17.981218+0000,2cffb4a-dirty,offense,00-0038555,4429013,Tank Bigsby,RB,PHI,CHI,2026-09-29T00:15:00.000000+0000,6.587816089088875,8.26,3.4,ACTIVE,false,,0.47333477602039925,16.28726852483193
2026,3,2026-09-24T04:01:17.981218+0000,2cffb4a-dirty,offense,00-0038558,4430802,Darnell Washington,TE,PIT,CIN,2026-09-27T17:00:00.000000+0000,3.5740631159464433,3.8199999999999994,3.75,ACTIVE,false,,-0.00036347627270864733,8.653939503006528
2026,3,2026-09-24T04:01:17.981218+0000,2cffb4a-dirty,offense,00-0038559,4360761,Michael Wilson,WR,ARI,SF,2026-09-27T20:05:00.000000+0000,11.400851774079607,13.680000000000001,11.28,ACTIVE,false,,2.0692435490603707,22.5059016161674
2026,3,2026-09-24T04:01:17.981218+0000,2cffb4a-dirty,offense,00-0038563,4428718,Tre Tucker,WR,LV,NO,2026-09-27T20:25:00.000000+0000,10.817437861855282,10.459999999999997,9.81,ACTIVE,false,,2.735940937817202,20.285577345061686
2026,3,2026-09-24T04:01:17.981218+0000,2cffb4a-dirty,offense,00-0038564,4372026,Cameron Latu,TE,NE,JAX,2026-09-27T17:00:00.000000+0000,0.9262558485825669,0.0,0.0,ACTIVE,false,,0.00015610442088233385,1.9404528283172415
2026,3,2026-09-24T04:01:17.981218+0000,2cffb4a-dirty,offense,00-0038573,4362477,Derius Davis,WR,LAC,BUF,2026-09-27T17:00:00.000000+0000,1.3156260336778625,0.3400000000000004,1.76,ACTIVE,false,,0.000026776692427050507,4.987102731724696
2026,3,2026-09-24T04:01:17.981218+0000,2cffb4a-dirty,offense,00-0038579,4260394,Aidan O'Connell,QB,LV,NO,2026-09-27T20:25:00.000000+0000,8.486118689859236,11.292,0.0,QUESTIONABLE,false,,1.5152417675488385,21.38218671175271
2026,3,2026-09-24T04:01:17.981218+0000,2cffb4a-dirty,offense,00-0038589,4360086,Josh Whyle,TE,GB,ATL,2026-09-25T00:15:00.000000+0000,1.251016727810402,1.2600000000000002,0.0,ACTIVE,false,,-0.0004497276716344539,3.351859883436443
2026,3,2026-09-24T04:01:17.981218+0000,2cffb4a-dirty,offense,00-0038597,4362238,Chase Brown,RB,CIN,PIT,2026-09-27T17:00:00.000000+0000,15.585215697817729,22.200000000000003,16.58,ACTIVE,false,,4.803031195235395,25.643265222773458
2026,3,2026-09-24T04:01:17.981218+0000,2cffb4a-dirty,offense,00-0038606,4432620,Parker Washington,WR,JAX,NE,2026-09-27T17:00:00.000000+0000,14.947264892607503,20.259999999999998,15.0,ACTIVE,false,,4.7823791370018585,26.847419022132442
2026,3,2026-09-24T04:01:17.981218+0000,2cffb4a-dirty,offense,00-0038608,4429022,Kayshon Boutte,WR,HOU,IND,2026-09-27T17:00:00.000000+0000,5.829045128314502,4.16,6.79,ACTIVE,false,,0.13342654121167138,14.09014857705492
2026,3,2026-09-24T04:01:17.981218+0000,2cffb4a-dirty,offense,00-0038611,4362619,Chris Rodriguez Jr.,RB,JAX,NE,2026-09-27T17:00:00.000000+0000,7.56503464933803,7.6,4.33,ACTIVE,false,,0.3719080298658613,16.543542998036973
2026,3,2026-09-24T04:01:17.981218+0000,2cffb4a-dirty,offense,00-0038618,4686422,Xavier Hutchinson,WR,HOU,IND,2026-09-27T17:00:00.000000+0000,9.209805369381648,6.5200000000000005,7.09,ACTIVE,false,,1.6330602193759431,18.751592524058562
2026,3,2026-09-24T04:01:17.981218+0000,2cffb4a-dirty,offense,00-0038619,4368003,Andrei Iosivas,WR,CIN,PIT,2026-09-27T17:00:00.000000+0000,4.474040354227724,3.8200000000000016,0.0,OUT,false,,-0.0012456090060005713,11.980947690864474
2026,3,2026-09-24T04:01:17.981218+0000,2cffb4a-dirty,offense,00-0038621,4427095,DeMario Douglas,WR,NE,JAX,2026-09-27T17:00:00.000000+0000,5.144448942954503,3.4799999999999995,8.89,ACTIVE,false,,0.08113654262072495,13.371196958369822
2026,3,2026-09-24T04:01:17.981218+0000,2cffb4a-dirty,offense,00-0038640,4692835,Jalen Brooks,WR,ARI,SF,2026-09-27T20:05:00.000000+0000,0.8709994552078384,0.0,0.04,ACTIVE,false,,-1.4743328753547129e-8,2.4582879033330545
2026,3,2026-09-24T04:01:17.981218+0000,2cffb4a-dirty,offense,00-0038643,4360290,Brayden Willis,TE,SF,ARI,2026-09-27T20:05:00.000000+0000,0.998293900726375,0.0,0.0,ACTIVE,false,,3.346417472712048e-10,2.1857607033834
2026,3,2026-09-24T04:01:17.981218+0000,2cffb4a-dirty,offense,00-0038685,3149687,Chris Brooks,RB,GB,ATL,2026-09-25T00:15:00.000000+0000,5.234123145672765,3.0199999999999996,7.31,ACTIVE,false,,0.01940644922753446,13.16151849523286
2026,3,2026-09-24T04:01:17.981218+0000,2cffb4a-dirty,offense,00-0038705,4362478,Emari Demercado,RB,DAL,BAL,2026-09-27T20:25:00.000000+0000,2.84291323586725,3.04,3.79,ACTIVE,false,,-0.0014708531094733436,8.523287528038951
2026,3,2026-09-24T04:01:17.981218+0000,2cffb4a-dirty,offense,00-0038710,4362018,Blake Whiteheart,TE,CLE,CAR,2026-09-27T17:00:00.000000+0000,2.6252930516804485,2.2199999999999998,2.88,ACTIVE,false,,0.00004150153925338748,6.474848695080685
2026,3,2026-09-24T04:01:17.981218+0000,2cffb4a-dirty,offense,00-0038728,4430681,Jared Wayne,WR,HOU,IND,2026-09-27T17:00:00.000000+0000,5.434400881985354,2.3,,,false,,0.2218253679670882,13.410153710663405
2026,3,2026-09-24T04:01:17.981218+0000,2cffb4a-dirty,offense,00-0038738,4383396,Hunter Luepke,RB,DAL,BAL,2026-09-27T20:25:00.000000+0000,1.8309571435722385,2.24,1.5,ACTIVE,false,,-0.0009847787497383432,5.422486630389321
2026,3,2026-09-24T04:01:17.981218+0000,2cffb4a-dirty,offense,00-0038783,4383440,Nate Adkins,TE,DEN,LA,2026-09-28T00:20:00.000000+0000,3.0458984397388975,2.5600000000000005,1.67,ACTIVE,false,,0.00006857265914911983,6.604871660400511
2026,3,2026-09-24T04:01:17.981218+0000,2cffb4a-dirty,offense,00-0038794,4722893,Jaleel McLaughlin,RB,CLE,CAR,2026-09-27T17:00:00.000000+0000,3.226887129150771,3.04,1.78,ACTIVE,false,,-0.0012209557535928148,9.347330989383542
2026,3,2026-09-24T04:01:17.981218+0000,2cffb4a-dirty,offense,00-0038797,4887558,Emanuel Wilson,RB,SEA,WAS,2026-09-27T17:00:00.000000+0000,7.771518669247964,5.380000000000001,8.89,ACTIVE,false,,1.4435964439542228,16.486155850758557
2026,3,2026-09-24T04:01:17.981218+0000,2cffb4a-dirty,offense,00-0038824,4369466,Ryan Miller,WR,MIA,KC,2026-09-27T17:00:00.000000+0000,2.3138144156381677,2.94,1.35,QUESTIONABLE,false,,0.6583498686751674,5.5393858552122826
2026,3,2026-09-24T04:01:17.981218+0000,2cffb4a-dirty,offense,00-0038840,4360763,Brycen Tremayne,WR,CAR,CLE,2026-09-27T17:00:00.000000+0000,1.067252003548112,0.9400000000000001,0.52,ACTIVE,false,,-1.5314258988262677e-6,4.121944374627613
2026,3,2026-09-24T04:01:17.981218+0000,2cffb4a-dirty,offense,00-0038896,4383429,Jacob Saylors,RB,DET,NYJ,2026-09-27T17:00:00.000000+0000,0.9177437175722989,0.0,0.02,ACTIVE,false,,1.3283022904146914e-10,2.035530434354359
2026,3,2026-09-24T04:01:17.981218+0000,2cffb4a-dirty,offense,00-0038933,4385690,Dalton Kincaid,TE,BUF,LAC,2026-09-27T17:00:00.000000+0000,12.109570439453245,10.940000000000001,11.63,ACTIVE,false,,3.027105260106976,21.684795075008658
2026,3,2026-09-24T04:01:17.981218+0000,2cffb4a-dirty,offense,00-0038935,4430539,Brenton Strange,TE,JAX,NE,2026-09-27T17:00:00.000000+0000,8.670991276183713,10.900000000000002,7.9,ACTIVE,false,,0.6801037230262469,17.47197269298677
2026,3,2026-09-24T04:01:17.981218+0000,2cffb4a-dirty,offense,00-0038951,4430871,Sean Tucker,RB,TB,MIN,2026-09-27T20:05:00.000000+0000,3.158197625472503,4.459999999999999,0.48,ACTIVE,false,,0.3083903022400751,10.073834907297814
2026,3,2026-09-24T04:01:17.981218+0000,2cffb4a-dirty,offense,00-0038976,4686472,Marvin Mims Jr.,WR,DEN,LA,2026-09-28T00:20:00.000000+0000,2.48305496049997,4.119999999999999,2.9,QUESTIONABLE,false,,-0.0017466177940722689,7.876794977010214
2026,3,2026-09-24T04:01:17.981218+0000,2cffb4a-dirty,offense,00-0038994,4429205,Jordan Addison,WR,MIN,TB,2026-09-27T20:05:00.000000+0000,6.492606241535882,4.6,10.57,ACTIVE,false,,-0.0012456090060005713,15.876763121219538
2026,3,2026-09-24T04:01:17.981218+0000,2cffb4a-dirty,offense,00-0038996,4572680,Tucker Kraft,TE,GB,ATL,2026-09-25T00:15:00.000000+0000,9.336912641201527,13.419999999999998,10.27,ACTIVE,false,,0.6615543288171499,18.907139951382796
2026,3,2026-09-24T04:01:17.981218+0000,2cffb4a-dirty,offense,00-0038997,4688813,Josh Downs,WR,IND,HOU,2026-09-27T17:00:00.000000+0000,9.872129957341924,9.34,11.47,ACTIVE,false,,1.5689372426014392,20.062657281983554
2026,3,2026-09-24T04:01:17.981218+0000,2cffb4a-dirty,offense,00-0039021,4426386,Roschon Johnson,RB,CHI,PHI,2026-09-29T00:15:00.000000+0000,0.9276227409988138,0.34,0.0,ACTIVE,false,,-0.01036728381194481,1.9478162462877509
2026,3,2026-09-24T04:01:17.981218+0000,2cffb4a-dirty,offense,00-0039032,4428557,Tyjae Spears,RB,TEN,NYG,2026-09-27T17:00:00.000000+0000,8.424396656572597,9.14,9.74,QUESTIONABLE,false,,0.5115461751287557,17.662693489377453
2026,3,2026-09-24T04:01:17.981218+0000,2cffb4a-dirty,offense,00-0039040,4429160,De'Von Achane,RB,MIA,KC,2026-09-27T17:00:00.000000+0000,14.764256339245566,14.760000000000002,19.4,ACTIVE,false,,3.9031709404390105,27.47151852572853
2026,3,2026-09-24T04:01:17.981218+0000,2cffb4a-dirty,offense,00-0039041,4426844,Elijah Higgins,TE,ARI,SF,2026-09-27T20:05:00.000000+0000,1.8194590088580183,4.380000000000001,1.04,ACTIVE,false,,-0.00041650887210690655,4.828422110482408
2026,3,2026-09-24T04:01:17.981218+0000,2cffb4a-dirty,offense,00-0039050,4372505,Payne Durham,TE,TB,MIN,2026-09-27T20:05:00.000000+0000,0.9027491797109776,0.0,0.0,ACTIVE,false,,-0.0008134982557381277,1.5318209792952362
2026,3,2026-09-24T04:01:17.981218+0000,2cffb4a-dirty,offense,00-0039062,4426485,Jonathan Mingo,WR,DAL,BAL,2026-09-27T20:25:00.000000+0000,1.1882372024042587,0.4,0.49,ACTIVE,false,,-5.271731318152233e-7,4.309578981854696
2026,3,2026-09-24T04:01:17.981218+0000,2cffb4a-dirty,offense,00-0039064,4429615,Zay Flowers,WR,BAL,DAL,2026-09-27T20:25:00.000000+0000,14.961021470588513,21.160000000000004,15.65,QUESTIONABLE,false,,3.275595962932125,25.97211475177564
2026,3,2026-09-24T04:01:17.981218+0000,2cffb4a-dirty,offense,00-0039065,4430027,Sam LaPorta,TE,DET,NYJ,2026-09-27T17:00:00.000000+0000,13.859982313868327,12.7,11.2,ACTIVE,false,,3.4815759384474374,22.626199562148358
2026,3,2026-09-24T04:01:17.981218+0000,2cffb4a-dirty,offense,00-0039066,4429086,Michael Mayer,TE,LV,NO,2026-09-27T20:25:00.000000+0000,9.802050117440292,8.419999999999998,6.25,ACTIVE,false,,0.9567675751819351,17.876197261594953
2026,3,2026-09-24T04:01:17.981218+0000,2cffb4a-dirty,offense,00-0039067,4428331,Rashee Rice,WR,KC,MIA,2026-09-27T17:00:00.000000+0000,13.838346889471042,14.219999999999999,12.74,ACTIVE,false,,1.822752609174635,22.989429580905103
2026,3,2026-09-24T04:01:17.981218+0000,2cffb4a-dirty,offense,00-0039074,4426553,Davis Allen,TE,LA,DEN,2026-09-28T00:20:00.000000+0000,2.714737048397467,1.8800000000000001,1.64,ACTIVE,false,,-0.0004188977446934232,7.1342041891428245
2026,3,2026-09-24T04:01:17.981218+0000,2cffb4a-dirty,offense,00-0039075,4426515,Puka Nacua,WR,LA,DEN,2026-09-28T00:20:00.000000+0000,16.78447916071899,25.7,19.94,QUESTIONABLE,false,,4.312282773082355,28.894308045882365
2026,3,2026-09-24T04:01:17.981218+0000,2cffb4a-dirty,offense,00-0039107,4259553,Stetson Bennett,QB,LA,DEN,2026-09-28T00:20:00.000000+0000,2.672536674601632,1.42,0.0,ACTIVE,false,,-0.1273736522213479,12.442803130466903
2026,3,2026-09-24T04:01:17.981218+0000,2cffb4a-dirty,offense,00-0039139,4429795,Jahmyr Gibbs,RB,DET,NYJ,2026-09-27T17:00:00.000000+0000,22.599990374619132,21.28,25.34,ACTIVE,false,,4.803031195235395,36.2509521048804
2026,3,2026-09-24T04:01:17.981218+0000,2cffb4a-dirty,offense,00-0039146,4362249,Jayden Reed,WR,GB,ATL,2026-09-25T00:15:00.000000+0000,4.30746322523525,4.32,0.0,OUT,false,,0.036136542620724944,10.609931859088178
2026,3,2026-09-24T04:01:17.981218+0000,2cffb4a-dirty,offense,00-0039150,4685720,Bryce Young,QB,CAR,CLE,2026-09-27T17:00:00.000000+0000,16.171889351478747,19.711999999999996,16.75,ACTIVE,false,,4.721403790254267,28.67887468497251
2026,3,2026-09-24T04:01:17.981218+0000,2cffb4a-dirty,offense,00-0039163,4432577,C.J. Stroud,QB,HOU,IND,2026-09-27T17:00:00.000000+0000,15.70982509135202,15.196000000000002,16.09,ACTIVE,false,,4.458274858016526,26.897743715364882
2026,3,2026-09-24T04:01:17.981218+0000,2cffb4a-dirty,offense,00-0039164,4429084,Anthony Richardson,QB,IND,HOU,2026-09-27T17:00:00.000000+0000,6.419400125704539,11.588,0.0,ACTIVE,false,,0.6014557871525725,19.62246236379787
2026,3,2026-09-24T04:01:17.981218+0000,2cffb4a-dirty,offense,00-0039299,4429835,George Holani,RB,SEA,WAS,2026-09-27T17:00:00.000000+0000,4.534963903326513,3.2,3.17,QUESTIONABLE,false,,0.058036669299529095,11.694321891364568
2026,3,2026-09-24T04:01:17.981218+0000,2cffb4a-dirty,offense,00-0039337,4595348,Malik Nabers,WR,NYG,TEN,2026-09-27T17:00:00.000000+0000,9.946086870224573,11.8,14.43,QUESTIONABLE,false,,1.724866029657106,20.749720496792552
2026,3,2026-09-24T04:01:17.981218+0000,2cffb4a-dirty,offense,00-0039338,4432665,Brock Bowers,TE,LV,NO,2026-09-27T20:25:00.000000+0000,8.904391766662048,14.3,14.18,QUESTIONABLE,false,,0.7759240278567832,16.25569021900419
2026,3,2026-09-24T04:01:17.981218+0000,2cffb4a-dirty,offense,00-0039342,4430034,Xavier Legette,WR,CAR,CLE,2026-09-27T17:00:00.000000+0000,4.591466319857234,3.4200000000000004,5.67,ACTIVE,false,,-0.0012456090060005713,12.053982413804528
2026,3,2026-09-24T04:01:17.981218+0000,2cffb4a-dirty,offense,00-0039344,4678008,Jonathon Brooks,RB,CAR,CLE,2026-09-27T17:00:00.000000+0000,4.311893208450997,3.3600000000000003,0.0,INJURY_RESERVE,false,,0.043779044246407176,10.465041214261275
2026,3,2026-09-24T04:01:17.981218+0000,2cffb4a-dirty,offense,00-0039355,4426948,Luke McCaffrey,WR,WAS,SEA,2026-09-27T17:00:00.000000+0000,2.380222664871158,4.340000000000001,0.0,ACTIVE,false,,-0.0016915931956739615,7.181492325575602
2026,3,2026-09-24T04:01:17.981218+0000,2cffb4a-dirty,offense,00-0039356,4431588,Ja'Tavion Sanders,TE,CAR,CLE,2026-09-27T17:00:00.000000+0000,1.9889785533118711,2.6000000000000005,0.0,ACTIVE,false,,-0.0004051580293017788,4.4816423714714295
2026,3,2026-09-24T04:01:17.981218+0000,2cffb4a-dirty,offense,00-0039359,4426496,Cade Stover,TE,HOU,IND,2026-09-27T17:00:00.000000+0000,1.1443564110840725,1.08,0.51,ACTIVE,false,,-4.955497722049791e-6,3.478783716640359
2026,3,2026-09-24T04:01:17.981218+0000,2cffb4a-dirty,offense,00-0039361,4596448,Bucky Irving,RB,TB,MIN,2026-09-27T20:05:00.000000+0000,14.136881175419138,11.9,15.78,ACTIVE,false,,4.328332294264468,23.70038156836502
2026,3,2026-09-24T04:01:17.981218+0000,2cffb4a-dirty,offense,00-0039364,4912274,Sione Vaki,RB,DET,NYJ,2026-09-27T17:00:00.000000+0000,2.115407793475053,1.1600000000000001,4.35,ACTIVE,false,,0.000021272448462098477,6.726750445785342
2026,3,2026-09-24T04:01:17.981218+0000,2cffb4a-dirty,offense,00-0039365,4575665,Jacob Cowing,WR,SF,ARI,2026-09-27T20:05:00.000000+0000,1.9120185935960452,1.1400000000000001,3.62,ACTIVE,false,,-0.01808256951669124,6.2151138699019945
2026,3,2026-09-24T04:01:17.981218+0000,2cffb4a-dirty,offense,00-0039376,4426339,Spencer Rattler,QB,NO,LV,2026-09-27T20:25:00.000000+0000,6.186423451737233,8.068000000000001,0.0,ACTIVE,false,,0.2901323275947886,18.91430566429551
2026,3,2026-09-24T04:01:17.981218+0000,2cffb4a-dirty,offense,00-0039384,4360516,Tyrone Tracy Jr.,RB,NYG,TEN,2026-09-27T17:00:00.000000+0000,7.0436281650449954,8.760000000000002,0.03,ACTIVE,false,,0.6725763405308388,14.958562844230451
2026,3,2026-09-24T04:01:17.981218+0000,2cffb4a-dirty,offense,00-0039391,4430968,Kimani Vidal,RB,LAC,BUF,2026-09-27T17:00:00.000000+0000,1.7494427113612618,1.78,0.79,ACTIVE,false,,-0.000012709687279661713,5.533899308832814
2026,3,2026-09-24T04:01:17.981218+0000,2cffb4a-dirty,offense,00-0039407,4366963,Dylan Laube,RB,LV,NO,2026-09-27T20:25:00.000000+0000,0.8709994552078384,0.0,0.05,ACTIVE,false,,-4.05465156556515e-9,2.9251835471614775
2026,3,2026-09-24T04:01:17.981218+0000,2cffb4a-dirty,offense,00-0039410,5083754,Ryan Flournoy,WR,DAL,BAL,2026-09-27T20:25:00.000000+0000,7.930379819095056,8.22,8.05,ACTIVE,false,,0.5506303598662087,17.86806081644131
2026,3,2026-09-24T04:01:17.981218+0000,2cffb4a-dirty,offense,00-0039424,4569559,Devaughn Vele,WR,NO,LV,2026-09-27T20:25:00.000000+0000,12.617347808577422,14.7,11.51,ACTIVE,false,,3.5573235956055886,23.750195696178043
2026,3,2026-09-24T04:01:17.981218+0000,2cffb4a-dirty,offense,00-0039451,4569371,Isaiah Williams,WR,NYJ,DET,2026-09-27T17:00:00.000000+0000,7.2466167982906,6.780000000000001,6.98,ACTIVE,false,,0.4539554394845411,16.47345919609884
2026,3,2026-09-24T04:01:17.981218+0000,2cffb4a-dirty,offense,00-0039489,4428396,Hayden Rucci,TE,LAC,BUF,2026-09-27T17:00:00.000000+0000,1.0225380059825415,0.0,2.18,ACTIVE,false,,-0.0009000004953372409,1.566729536641502
2026,3,2026-09-24T04:01:17.981218+0000,2cffb4a-dirty,offense,00-0039491,4695883,Jalen Coker,WR,CAR,CLE,2026-09-27T17:00:00.000000+0000,12.796771260376671,15.280000000000001,13.83,QUESTIONABLE,false,,4.251229894738723,24.28537919295535
2026,3,2026-09-24T04:01:17.981218+0000,2cffb4a-dirty,offense,00-0039518,4430684,Treyton Welch,TE,NO,LV,2026-09-27T20:25:00.000000+0000,0.9177437175722989,0.0,0.0,ACTIVE,false,,0.0,1.3636855432655133
2026,3,2026-09-24T04:01:17.981218+0000,2cffb4a-dirty,offense,00-0039530,4360967,Brevyn Spann-Ford,TE,DAL,BAL,2026-09-27T20:25:00.000000+0000,2.4003520216644207,2.5,1.69,ACTIVE,false,,-0.0006292490142482136,6.152340906163313
2026,3,2026-09-24T04:01:17.981218+0000,2cffb4a-dirty,offense,00-0039589,5097554,Kameron Johnson,WR,TB,MIN,2026-09-27T20:05:00.000000+0000,0.9534348171517935,0.0,0.03,ACTIVE,false,,-1.3666823357517477e-8,2.258171389195188
2026,3,2026-09-24T04:01:17.981218+0000,2cffb4a-dirty,offense,00-0039603,4373273,British Brooks,RB,HOU,IND,2026-09-27T17:00:00.000000+0000,1.6994255113193963,1.2600000000000002,0.14,ACTIVE,false,,-0.008194313092687285,4.712921095289228
2026,3,2026-09-24T04:01:17.981218+0000,2cffb4a-dirty,offense,00-0039648,4360978,David Martin-Robinson,TE,TEN,NYG,2026-09-27T17:00:00.000000+0000,1.0171650428156853,0.8600000000000001,0.0,ACTIVE,false,,-6.548278788261718e-6,2.2853292411283532
2026,3,2026-09-24T04:01:17.981218+0000,2cffb4a-dirty,offense,00-0039686,4361088,Colson Yankoff,TE,WAS,SEA,2026-09-27T17:00:00.000000+0000,1.0797226302381107,0.4800000000000001,0.0,ACTIVE,false,,-0.00003503386434180257,2.0932868173376273
2026,3,2026-09-24T04:01:17.981218+0000,2cffb4a-dirty,offense,00-0039732,4426338,Bo Nix,QB,DEN,LA,2026-09-28T00:20:00.000000+0000,15.026527491473836,12.951999999999998,16.56,ACTIVE,false,,3.107243353787863,27.872533720246363
2026,3,2026-09-24T04:01:17.981218+0000,2cffb4a-dirty,offense,00-0039738,4429096,Blake Corum,RB,LA,DEN,2026-09-28T00:20:00.000000+0000,7.387662871838484,7.68,8.56,ACTIVE,false,,1.0411384322606316,16.589356733282845
2026,3,2026-09-24T04:01:17.981218+0000,2cffb4a-dirty,offense,00-0039739,4431492,Roman Wilson,WR,PIT,CIN,2026-09-27T17:00:00.000000+0000,6.606071690877555,2.6799999999999993,7.11,ACTIVE,false,,0.6031641521106693,15.04160166180508
2026,3,2026-09-24T04:01:17.981218+0000,2cffb4a-dirty,offense,00-0039746,4431545,Will Shipley,RB,PHI,CHI,2026-09-29T00:15:00.000000+0000,3.8089395506408867,2.3800000000000003,2.21,ACTIVE,false,,0.00002711269167630502,10.869269538054805
2026,3,2026-09-24T04:01:17.981218+0000,2cffb4a-dirty,offense,00-0039751,4569382,Jordan Whittington,WR,LA,DEN,2026-09-28T00:20:00.000000+0000,1.5887412615977057,0.9400000000000001,2.42,QUESTIONABLE,false,,-0.0004471672382002066,6.006575144976299
2026,3,2026-09-24T04:01:17.981218+0000,2cffb4a-dirty,offense,00-0039792,4696882,Devontez Walker,WR,BAL,DAL,2026-09-27T20:25:00.000000+0000,2.851521557339099,3.66,2.17,ACTIVE,false,,0.00004452599670888497,8.28235970472586
2026,3,2026-09-24T04:01:17.981218+0000,2cffb4a-dirty,offense,00-0039793,4576297,AJ Barner,TE,SEA,WAS,2026-09-27T17:00:00.000000+0000,7.213939839674792,8.580000000000002,6.55,ACTIVE,false,,0.08535667250297008,13.726996455008278
2026,3,2026-09-24T04:01:17.981218+0000,2cffb4a-dirty,offense,00-0039794,4685247,Braelon Allen,RB,NYJ,DET,2026-09-27T17:00:00.000000+0000,5.377644807805874,4.18,6.62,ACTIVE,false,,0.06440644922753445,12.371344257077546
2026,3,2026-09-24T04:01:17.981218+0000,2cffb4a-dirty,offense,00-0039796,4690013,Rasheen Ali,RB,BAL,DAL,2026-09-27T20:25:00.000000+0000,0.9586194571903128,1.0,0.0,ACTIVE,false,,-4.557603929866326e-6,2.815814666489385
2026,3,2026-09-24T04:01:17.981218+0000,2cffb4a-dirty,offense,00-0039798,4695404,Isaiah Davis,RB,NYJ,DET,2026-09-27T17:00:00.000000+0000,2.6282480035017035,5.74,0.0,ACTIVE,false,,0.04030164790457175,7.082734862814834
2026,3,2026-09-24T04:01:17.981218+0000,2cffb4a-dirty,offense,00-0039811,4429023,MarShawn Lloyd,RB,GB,ATL,2026-09-25T00:15:00.000000+0000,6.8117934015744455,5.033333333333333,8.63,ACTIVE,false,,0.5996247937752492,14.383122338460405
2026,3,2026-09-24T04:01:17.981218+0000,2cffb4a-dirty,offense,00-0039814,4427834,Erick All,TE,CIN,PIT,2026-09-27T17:00:00.000000+0000,2.488566691482043,2.4200000000000004,2.18,ACTIVE,false,,0.0001530451142399975,6.810376263703825
2026,3,2026-09-24T04:01:17.981218+0000,2cffb4a-dirty,offense,00-0039824,4430723,Jared Wiley,TE,KC,MIA,2026-09-27T17:00:00.000000+0000,1.0257209158454126,0.27999999999999997,0.0,ACTIVE,false,,-0.00008193712770248479,1.6020060992904464
2026,3,2026-09-24T04:01:17.981218+0000,2cffb4a-dirty,offense,00-0039847,4429148,Theo Johnson,TE,NYG,TEN,2026-09-27T17:00:00.000000+0000,4.321328948422612,3.6,2.89,ACTIVE,false,,0.3108686767921484,9.37870032593628
2026,3,2026-09-24T04:01:17.981218+0000,2cffb4a-dirty,offense,00-0039849,4432708,Marvin Harrison Jr.,WR,ARI,SF,2026-09-27T20:05:00.000000+0000,5.0438532619861185,3.9200000000000004,7.03,ACTIVE,false,,-0.00036347627270864733,11.560632777327749
2026,3,2026-09-24T04:01:17.981218+0000,2cffb4a-dirty,offense,00-0039851,4431452,Drake Maye,QB,NE,JAX,2026-09-27T17:00:00.000000+0000,14.767732885498047,17.944,18.64,ACTIVE,false,,3.459448185031233,28.09707321045054
2026,3,2026-09-24T04:01:17.981218+0000,2cffb4a-dirty,offense,00-0039855,4430834,Jalen McMillan,WR,TB,MIN,2026-09-27T20:05:00.000000+0000,3.135504769018305,5.98,5.8,ACTIVE,false,,0.04030164790457175,9.732866857117212
2026,3,2026-09-24T04:01:17.981218+0000,2cffb4a-dirty,offense,00-0039868,4431280,Troy Franklin,WR,DEN,LA,2026-09-28T00:20:00.000000+0000,3.4460172244832945,4.1,3.12,ACTIVE,false,,-0.0012209557535928148,10.81686792208668
2026,3,2026-09-24T04:01:17.981218+0000,2cffb4a-dirty,offense,00-0039874,4682745,Jaylen Wright,RB,MIA,KC,2026-09-27T17:00:00.000000+0000,3.1075760508564505,4.58,1.63,QUESTIONABLE,false,,0.05101422693513039,9.28819109161794
2026,3,2026-09-24T04:01:17.981218+0000,2cffb4a-dirty,offense,00-0039875,4429501,Ray Davis,RB,BUF,LAC,2026-09-27T17:00:00.000000+0000,4.423240870034938,6.74,1.42,ACTIVE,false,,0.03905378815547797,12.925167518235785
2026,3,2026-09-24T04:01:17.981218+0000,2cffb4a-dirty,offense,00-0039880,4569603,Malik Washington,WR,MIA,KC,2026-09-27T17:00:00.000000+0000,9.060681820915692,7.7,9.77,ACTIVE,false,,1.1559858591591181,18.659969973816068
2026,3,2026-09-24T04:01:17.981218+0000,2cffb4a-dirty,offense,00-0039890,4597500,Adonai Mitchell,WR,NYJ,DET,2026-09-27T17:00:00.000000+0000,9.615063595082654,6.76,10.63,ACTIVE,false,,1.7944263311546989,19.320265762806166
2026,3,2026-09-24T04:01:17.981218+0000,2cffb4a-dirty,offense,00-0039893,4432773,Brian Thomas Jr.,WR,JAX,NE,2026-09-27T17:00:00.000000+0000,7.993754193677688,6.720000000000001,10.67,ACTIVE,false,,0.7132883346449073,17.432746771616063
2026,3,2026-09-24T04:01:17.981218+0000,2cffb4a-dirty,offense,00-0039894,4683062,Xavier Worthy,WR,KC,MIA,2026-09-27T17:00:00.000000+0000,9.513183953150412,6.0,11.42,ACTIVE,false,,1.8581905440580537,19.315998395642918
2026,3,2026-09-24T04:01:17.981218+0000,2cffb4a-dirty,offense,00-0039901,4635008,Keon Coleman,WR,BUF,LAC,2026-09-27T17:00:00.000000+0000,7.267164844042975,5.18,6.36,QUESTIONABLE,false,,0.4913129378588589,15.64548732425389
2026,3,2026-09-24T04:01:17.981218+0000,2cffb4a-dirty,offense,00-0039910,4426348,Jayden Daniels,QB,WAS,SEA,2026-09-27T17:00:00.000000+0000,15.918837031511998,13.616,0.0,OUT,false,,4.742031195235395,27.204044874163642
2026,3,2026-09-24T04:01:17.981218+0000,2cffb4a-dirty,offense,00-0039912,4690923,Ben Sinnott,TE,WAS,SEA,2026-09-27T17:00:00.000000+0000,1.8786705109166348,2.26,1.0,ACTIVE,false,,0.00006503843570288638,4.994148452094509
2026,3,2026-09-24T04:01:17.981218+0000,2cffb4a-dirty,offense,00-0039915,4612826,Ladd McConkey,WR,LAC,BUF,2026-09-27T17:00:00.000000+0000,10.489275453263996,9.62,13.6,ACTIVE,false,,1.8503913157218888,19.15205469237779
2026,3,2026-09-24T04:01:17.981218+0000,2cffb4a-dirty,offense,00-0039917,4360423,Michael Penix Jr.,QB,ATL,GB,2026-09-25T00:15:00.000000+0000,9.441060382005862,13.691999999999998,14.14,ACTIVE,false,,1.9416437481552653,22.410122918307795
2026,3,2026-09-24T04:01:17.981218+0000,2cffb4a-dirty,offense,00-0039918,4431611,Caleb Williams,QB,CHI,PHI,2026-09-29T00:15:00.000000+0000,16.884467948272224,21.112000000000002,0.0,DOUBTFUL,false,,4.742031195235395,29.90584400500888
2026,3,2026-09-24T04:01:17.981218+0000,2cffb4a-dirty,offense,00-0039919,4431299,Rome Odunze,WR,CHI,PHI,2026-09-29T00:15:00.000000+0000,8.364295571194718,6.340000000000002,9.94,ACTIVE,false,,0.8477020111418998,17.05487056899765
2026,3,2026-09-24T04:01:17.981218+0000,2cffb4a-dirty,offense,00-0039920,4613104,Malachi Corley,WR,CLE,CAR,2026-09-27T17:00:00.000000+0000,1.930810558502758,2.66,0.02,ACTIVE,false,,-0.0009765589218451243,5.635993253115695
2026,3,2026-09-24T04:01:17.981218+0000,2cffb4a-dirty,offense,00-0039923,4433970,J.J. McCarthy,QB,MIN,TB,2026-09-27T20:05:00.000000+0000,9.44044395009237,12.139999999999999,0.0,ACTIVE,false,,2.058337017809225,22.473831301759116
2026,3,2026-09-24T04:01:17.981218+0000,2cffb4a-dirty,offense,00-0040014,4433971,Kyle McCord,QB,MIA,KC,2026-09-27T17:00:00.000000+0000,3.5037047754448776,13.149895931882673,0.0,ACTIVE,false,,-0.07370415810284008,15.559841988227806
2026,3,2026-09-24T04:01:17.981218+0000,2cffb4a-dirty,offense,00-0040024,4715355,Darius Cooper,WR,PHI,CHI,2026-09-29T00:15:00.000000+0000,3.8426054358791766,3.66,2.52,ACTIVE,false,,0.04375439099399942,10.740877749351046
2026,3,2026-09-24T04:01:17.981218+0000,2cffb4a-dirty,offense,00-0040058,4569547,Nick Kallerup,TE,SEA,WAS,2026-09-27T17:00:00.000000+0000,1.0530233795801653,0.0,0.0,ACTIVE,false,,3.346417472712048e-10,2.78809155859208
2026,3,2026-09-24T04:01:17.981218+0000,2cffb4a-dirty,offense,00-0040075,4690143,LaJohntay Wester,WR,BAL,DAL,2026-09-27T20:25:00.000000+0000,2.358957645268422,1.1800000000000002,3.74,ACTIVE,false,,0.000020333706033216635,6.980385827841795
2026,3,2026-09-24T04:01:17.981218+0000,2cffb4a-dirty,offense,00-0040078,4596602,Brashard Smith,RB,KC,MIA,2026-09-27T17:00:00.000000+0000,3.182201147194309,3.7600000000000002,0.01,ACTIVE,false,,-0.0013006336043988786,9.127385153851803
2026,3,2026-09-24T04:01:17.981218+0000,2cffb4a-dirty,offense,00-0040081,4431196,Jake Briningstool,TE,KC,MIA,2026-09-27T17:00:00.000000+0000,1.2499893567904834,0.95,0.55,ACTIVE,false,,-6.521780857639062e-7,2.808443936464273
2026,3,2026-09-24T04:01:17.981218+0000,2cffb4a-dirty,offense,00-0040122,4890973,Ashton Jeanty,RB,LV,NO,2026-09-27T20:25:00.000000+0000,16.61948558848079,19.3,18.87,ACTIVE,false,,4.803031195235395,29.275584460953464
2026,3,2026-09-24T04:01:17.981218+0000,2cffb4a-dirty,offense,00-0040124,4685472,Tetairoa McMillan,WR,CAR,CLE,2026-09-27T17:00:00.000000+0000,12.823564303362492,11.780000000000003,14.25,ACTIVE,false,,3.9882559598520078,23.56318448335757
2026,3,2026-09-24T04:01:17.981218+0000,2cffb4a-dirty,offense,00-0040126,4723086,Colston Loveland,TE,CHI,PHI,2026-09-29T00:15:00.000000+0000,9.828172124693452,10.76,9.69,ACTIVE,false,,1.4211452907829856,19.487155736683746
2026,3,2026-09-24T04:01:17.981218+0000,2cffb4a-dirty,offense,00-0040128,4431459,Tyler Warren,TE,IND,HOU,2026-09-27T17:00:00.000000+0000,12.195378356058002,9.520000000000001,12.3,ACTIVE,true,TE,2.52379119488138,20.771528794043878
2026,3,2026-09-24T04:01:17.981218+0000,2cffb4a-dirty,offense,00-0040129,4567750,Emeka Egbuka,WR,TB,MIN,2026-09-27T20:05:00.000000+0000,10.340203582068732,6.6800000000000015,12.37,ACTIVE,false,,1.7944263311546989,19.93365063239256
2026,3,2026-09-24T04:01:17.981218+0000,2cffb4a-dirty,offense,00-0040131,4613202,Kyle Williams,WR,NE,JAX,2026-09-27T17:00:00.000000+0000,1.9545001834863887,4.0200000000000005,5.2,ACTIVE,false,,-0.0015608309519430897,7.217829108366038
2026,3,2026-09-24T04:01:17.981218+0000,2cffb4a-dirty,offense,00-0040134,4600981,Pat Bryant,WR,DEN,LA,2026-09-28T00:20:00.000000+0000,6.980955677404849,6.659999999999999,5.77,ACTIVE,false,,0.4539554394845411,16.625053486116663
2026,3,2026-09-24T04:01:17.981218+0000,2cffb4a-dirty,offense,00-0040138,4586312,Jaylin Noel,WR,HOU,IND,2026-09-27T17:00:00.000000+0000,5.207147252218533,5.92,3.94,ACTIVE,false,,0.14305614035518519,11.86981795200165
2026,3,2026-09-24T04:01:17.981218+0000,2cffb4a-dirty,offense,00-0040142,4819231,Kaleb Johnson,RB,GB,ATL,2026-09-25T00:15:00.000000+0000,2.2239938076305927,0.8600000000000001,7.9,ACTIVE,false,,-0.0007975487962528699,7.124999021423714
2026,3,2026-09-24T04:01:17.981218+0000,2cffb4a-dirty,offense,00-0040154,4565185,Tai Felton,WR,MIN,TB,2026-09-27T20:05:00.000000+0000,0.7463039853269569,0.72,0.0,ACTIVE,false,,-0.0004462745675201493,2.596963190271115
2026,3,2026-09-24T04:01:17.981218+0000,2cffb4a-dirty,offense,00-0040164,4602667,Jaylin Lane,WR,WAS,SEA,2026-09-27T17:00:00.000000+0000,1.2819386445211132,1.48,0.23,QUESTIONABLE,false,,-6.685518748508054e-7,4.104290162831906
2026,3,2026-09-24T04:01:17.981218+0000,2cffb4a-dirty,offense,00-0040170,4883647,Elic Ayomanor,WR,TEN,NYG,2026-09-27T17:00:00.000000+0000,8.397641709149735,9.5,4.78,ACTIVE,false,,1.1624423525452705,17.865036547914027
2026,3,2026-09-24T04:01:17.981218+0000,2cffb4a-dirty,offense,00-0040172,4431466,Jordan Watkins,WR,SF,ARI,2026-09-27T20:05:00.000000+0000,1.3323444056106482,1.1500000000000001,1.17,ACTIVE,false,,-0.00045189309764740907,4.226757723078212
2026,3,2026-09-24T04:01:17.981218+0000,2cffb4a-dirty,offense,00-0040177,4685397,Jordan James,RB,SF,ARI,2026-09-27T20:05:00.000000+0000,1.9082488889265095,0.75,0.0,ACTIVE,false,,-0.0007944805193198645,5.963434252862204
2026,3,2026-09-24T04:01:17.981218+0000,2cffb4a-dirty,offense,00-0040179,4874509,DJ Giddens,RB,IND,HOU,2026-09-27T17:00:00.000000+0000,1.4014290493526294,1.04,0.0,ACTIVE,false,,-0.0012692967912546085,5.066963532827002
2026,3,2026-09-24T04:01:17.981218+0000,2cffb4a-dirty,offense,00-0040187,4683243,Mitchell Evans,TE,CAR,CLE,2026-09-27T17:00:00.000000+0000,3.1451729080167388,2.5200000000000005,1.6,ACTIVE,false,,-0.0012456090060005713,8.0873087782343
2026,3,2026-09-24T04:01:17.981218+0000,2cffb4a-dirty,offense,00-0040189,4595342,Oronde Gadsden II,TE,LAC,BUF,2026-09-27T17:00:00.000000+0000,4.4077503789441455,6.640000000000001,8.7,ACTIVE,false,,0.2279773310608787,10.327786317313139
2026,3,2026-09-24T04:01:17.981218+0000,2cffb4a-dirty,offense,00-0040194,4573699,Jackson Hawes,TE,BUF,LAC,2026-09-27T17:00:00.000000+0000,1.548606870736303,1.1199999999999999,0.55,ACTIVE,false,,-8.255629585057482e-7,4.038557398791865
2026,3,2026-09-24T04:01:17.981218+0000,2cffb4a-dirty,offense,00-0040198,4711533,Ollie Gordon II,RB,MIA,KC,2026-09-27T17:00:00.000000+0000,1.8356474422683984,0.54,1.56,ACTIVE,false,,0.0005218079229957732,5.443728166617759
2026,3,2026-09-24T04:01:17.981218+0000,2cffb4a-dirty,offense,00-0040203,4429955,Will Howard,QB,PIT,CIN,2026-09-27T17:00:00.000000+0000,3.5037047754448776,13.149895931882673,0.0,ACTIVE,false,,-0.07370415810284008,15.209517699061546
2026,3,2026-09-24T04:01:17.981218+0000,2cffb4a-dirty,offense,00-0040206,4683423,Riley Leonard,QB,IND,HOU,2026-09-27T17:00:00.000000+0000,5.161947969667253,6.2,0.0,ACTIVE,false,,0.22715904304150758,19.575006582808676
2026,3,2026-09-24T04:01:17.981218+0000,2cffb4a-dirty,offense,00-0040208,4429299,Tahj Brooks,RB,CIN,PIT,2026-09-27T17:00:00.000000+0000,1.0496419208877574,0.8200000000000001,0.03,ACTIVE,false,,-0.00045054046946160406,3.6733093176891014
2026,3,2026-09-24T04:01:17.981218+0000,2cffb4a-dirty,offense,00-0040215,4708049,Gavin Bartholomew,TE,MIN,TB,2026-09-27T20:05:00.000000+0000,2.5598348039280445,4.087003665830596,0.0,ACTIVE,false,,0.0001440119762785336,8.139081199620994
2026,3,2026-09-24T04:01:17.981218+0000,2cffb4a-dirty,offense,00-0040225,4590292,Thomas Fidone II,TE,NYG,TEN,2026-09-27T17:00:00.000000+0000,1.069282268347002,0.0,0.0,ACTIVE,false,,-0.0009000004953372409,1.7593024197861977
2026,3,2026-09-24T04:01:17.981218+0000,2cffb4a-dirty,offense,00-0040234,4889929,Quinn Ewers,QB,JAX,NE,2026-09-27T17:00:00.000000+0000,7.6233365011012415,8.295,0.0,ACTIVE,false,,0.7587165569893242,20.69635868132626
2026,3,2026-09-24T04:01:17.981218+0000,2cffb4a-dirty,offense,00-0040236,4608686,Kyle Monangai,RB,CHI,PHI,2026-09-29T00:15:00.000000+0000,10.274592888305262,10.820000000000002,8.46,QUESTIONABLE,false,,2.2394960882467436,18.786388289744377
2026,3,2026-09-24T04:01:17.981218+0000,2cffb4a-dirty,offense,00-0040237,4608810,Tez Johnson,WR,TB,MIN,2026-09-27T20:05:00.000000+0000,4.667436343556051,2.7,2.29,ACTIVE,false,,0.036136542620724944,11.571121515630296
2026,3,2026-09-24T04:01:17.981218+0000,2cffb4a-dirty,offense,00-0040238,4911851,LeQuint Allen Jr.,RB,JAX,NE,2026-09-27T17:00:00.000000+0000,1.3492011135547164,0.26,1.68,QUESTIONABLE,false,,-0.0008195509031469268,4.50885152531576
2026,3,2026-09-24T04:01:17.981218+0000,2cffb4a-dirty,offense,00-0040242,4575131,Jacory Croskey-Merritt,RB,WAS,SEA,2026-09-27T17:00:00.000000+0000,9.25948627095189,10.459999999999999,8.78,ACTIVE,false,,1.7098477756490715,20.66801677095791
2026,3,2026-09-24T04:01:17.981218+0000,2cffb4a-dirty,offense,00-0040277,5160110,Jahdae Walker,WR,CHI,PHI,2026-09-29T00:15:00.000000+0000,3.8657834393711545,6.76,0.46,ACTIVE,false,,0.040356672502970065,11.442021328513425
2026,3,2026-09-24T04:01:17.981218+0000,2cffb4a-dirty,offense,00-0040363,4688552,Keleki Latu,TE,BUF,LAC,2026-09-27T17:00:00.000000+0000,1.0742577962698547,1.22,0.0,ACTIVE,false,,-1.5314258988262677e-6,2.2364074860514025
2026,3,2026-09-24T04:01:17.981218+0000,2cffb4a-dirty,offense,00-0040390,4602788,Jackson Meeks,TE,DET,NYJ,2026-09-27T17:00:00.000000+0000,0.9177437175722989,0.0,0.0,ACTIVE,false,,0.0,0.7726833482094914
2026,3,2026-09-24T04:01:17.981218+0000,2cffb4a-dirty,offense,00-0040398,4429435,Brady Cook,QB,MIA,KC,2026-09-27T17:00:00.000000+0000,5.956905426695152,5.692,0.0,ACTIVE,false,,0.22715904304150758,17.596370133074483
2026,3,2026-09-24T04:01:17.981218+0000,2cffb4a-dirty,offense,00-0040466,4601080,Raheim Sanders,RB,CLE,CAR,2026-09-27T17:00:00.000000+0000,4.075099709520668,4.34,4.62,ACTIVE,false,,0.05231711128262249,11.62960959567177
2026,3,2026-09-24T04:01:17.981218+0000,2cffb4a-dirty,offense,00-0040506,4430656,Myles Price,WR,MIN,TB,2026-09-27T20:05:00.000000+0000,1.0347922353174985,0.0,0.13,ACTIVE,false,,-0.0007873071509960776,3.899943875016139
2026,3,2026-09-24T04:01:17.981218+0000,2cffb4a-dirty,offense,00-0040534,4570738,Ke'Shawn Williams,WR,CIN,PIT,2026-09-27T17:00:00.000000+0000,1.2152385845298157,0.5,0.0,ACTIVE,false,,-0.00048355132738462557,4.076755065175006
2026,3,2026-09-24T04:01:17.981218+0000,2cffb4a-dirty,offense,00-0040556,4431431,Corey Kiner,RB,NE,JAX,2026-09-27T17:00:00.000000+0000,2.5879839172136077,1.86,0.0,ACTIVE,false,,-0.000605550192298141,7.796769707823587
2026,3,2026-09-24T04:01:17.981218+0000,2cffb4a-dirty,offense,00-0040563,4695193,Efton Chism III,WR,NE,JAX,2026-09-27T17:00:00.000000+0000,2.2110129855030265,3.46,0.54,ACTIVE,false,,-0.00001150206524341237,7.195843830984654
2026,3,2026-09-24T04:01:17.981218+0000,2cffb4a-dirty,offense,00-0040582,4429105,Arian Smith,WR,NYJ,DET,2026-09-27T17:00:00.000000+0000,1.0527221830389921,0.33999999999999997,0.0,INJURY_RESERVE,false,,-5.872881778500794e-7,2.9786370690415764
2026,3,2026-09-24T04:01:17.981218+0000,2cffb4a-dirty,offense,00-0040583,4429059,Woody Marks,RB,HOU,IND,2026-09-27T17:00:00.000000+0000,8.891598444004678,6.720000000000001,8.6,ACTIVE,false,,1.0032889428354592,17.716460658253627
2026,3,2026-09-24T04:01:17.981218+0000,2cffb4a-dirty,offense,00-0040584,4686728,Gunnar Helm,TE,TEN,NYG,2026-09-27T17:00:00.000000+0000,6.522661668333088,5.8,7.88,ACTIVE,false,,0.1417834186575083,12.199307043432364
2026,3,2026-09-24T04:01:17.981218+0000,2cffb4a-dirty,offense,00-0040589,4430431,Kurtis Rourke,QB,SF,ARI,2026-09-27T20:05:00.000000+0000,3.200730948495564,13.149895931882673,0.0,ACTIVE,false,,-0.07370415810284008,14.754206133178673
2026,3,2026-09-24T04:01:17.981218+0000,2cffb4a-dirty,offense,00-0040590,4710855,Konata Mumpfield,WR,LA,DEN,2026-09-28T00:20:00.000000+0000,2.8910778158641293,2.44,1.58,ACTIVE,false,,-0.00039655804918495974,8.30203226468166
2026,3,2026-09-24T04:01:17.981218+0000,2cffb4a-dirty,offense,00-0040598,,Mark Redman,TE,GB,ATL,2026-09-25T00:15:00.000000+0000,2.5916329540037024,4.087003665830596,,,false,,0.0001440119762785336,8.239837752972665
2026,3,2026-09-24T04:01:17.981218+0000,2cffb4a-dirty,offense,00-0040621,4600597,Montorie Foster Jr,WR,SEA,WAS,2026-09-27T17:00:00.000000+0000,0.9964058334467286,0.0,0.0,ACTIVE,false,,0.0,3.1346894383480017
2026,3,2026-09-24T04:01:17.981218+0000,2cffb4a-dirty,offense,00-0040646,5082630,Jalen Royals,WR,KC,MIA,2026-09-27T17:00:00.000000+0000,2.8479491417599574,2.2,1.62,ACTIVE,false,,0.04446970383492761,8.374735757387656
2026,3,2026-09-24T04:01:17.981218+0000,2cffb4a-dirty,offense,00-0040648,4597703,Tory Horton,WR,SEA,WAS,2026-09-27T17:00:00.000000+0000,4.03684748264323,6.74,1.12,ACTIVE,false,,0.04030164790457175,11.73181297363238
2026,3,2026-09-24T04:01:17.981218+0000,2cffb4a-dirty,offense,00-0040663,5083076,Harold Fannin Jr.,TE,CLE,CAR,2026-09-27T17:00:00.000000+0000,8.595607328498366,11.4,9.79,ACTIVE,false,,0.5435941962459198,16.582010624708417
2026,3,2026-09-24T04:01:17.981218+0000,2cffb4a-dirty,offense,00-0040666,4685382,Omarion Hampton,RB,LAC,BUF,2026-09-27T17:00:00.000000+0000,13.746494703103822,13.959999999999999,15.02,ACTIVE,false,,3.7870701155164275,23.73463488623064
2026,3,2026-09-24T04:01:17.981218+0000,2cffb4a-dirty,offense,00-0040667,4701936,Matthew Golden,WR,GB,ATL,2026-09-25T00:15:00.000000+0000,11.213910217099576,5.94,11.41,ACTIVE,false,,2.544529609182979,20.04239268475979
2026,3,2026-09-24T04:01:17.981218+0000,2cffb4a-dirty,offense,00-0040668,4432762,Shedeur Sanders,QB,CLE,CAR,2026-09-27T17:00:00.000000+0000,7.911588870348241,12.52,0.0,ACTIVE,false,,0.7847531332775912,21.34639659841434
2026,3,2026-09-24T04:01:17.981218+0000,2cffb4a-dirty,offense,00-0040669,5123663,Isaac TeSlaa,WR,DET,NYJ,2026-09-27T17:00:00.000000+0000,6.387671289877032,7.3,5.27,ACTIVE,false,,0.40893078623213336,15.37297227153298
2026,3,2026-09-24T04:01:17.981218+0000,2cffb4a-dirty,offense,00-0040673,4432734,Jalen Milroe,QB,SEA,WAS,2026-09-27T17:00:00.000000+0000,1.8416354843637452,-0.5333333333333333,0.0,ACTIVE,false,,-0.11462025280067129,8.06361354841467
2026,3,2026-09-24T04:01:17.981218+0000,2cffb4a-dirty,offense,00-0040676,4688380,Cam Ward,QB,TEN,NYG,2026-09-27T17:00:00.000000+0000,13.521194865589312,15.191999999999998,13.86,ACTIVE,false,,3.7933838457709297,25.717869282236464
2026,3,2026-09-24T04:01:17.981218+0000,2cffb4a-dirty,offense,00-0040691,4689114,Jaxson Dart,QB,NYG,TEN,2026-09-27T17:00:00.000000+0000,14.169989570334204,14.579999999999998,0.0,OUT,false,,3.8180192487821922,25.076322168271638
2026,3,2026-09-24T04:01:17.981218+0000,2cffb4a-dirty,offense,00-0040705,4431268,Chimere Dike,WR,TEN,NYG,2026-09-27T17:00:00.000000+0000,2.719040900121939,6.12,0.92,ACTIVE,false,,-0.0004182921749316167,8.04900540814051
2026,3,2026-09-24T04:01:17.981218+0000,2cffb4a-dirty,offense,00-0040715,4696981,Cam Skattebo,RB,NYG,TEN,2026-09-27T17:00:00.000000+0000,12.060452119162557,16.6,13.99,ACTIVE,true,RB,2.470083444955125,21.763939335868717
2026,3,2026-09-24T04:01:17.981218+0000,2cffb4a-dirty,offense,00-0040718,4685415,Travis Hunter,WR,JAX,NE,2026-09-27T17:00:00.000000+0000,4.2687516163012535,0.0,3.45,ACTIVE,false,,0.309432840738723,11.62173573253639
2026,3,2026-09-24T04:01:17.981218+0000,2cffb4a-dirty,offense,00-0040719,4882093,Bhayshul Tuten,RB,JAX,NE,2026-09-27T17:00:00.000000+0000,9.649437142786024,8.02,11.0,ACTIVE,false,,2.21233825143209,19.08742294500011
2026,3,2026-09-24T04:01:17.981218+0000,2cffb4a-dirty,offense,00-0040727,4686612,Tre Harris,WR,LAC,BUF,2026-09-27T17:00:00.000000+0000,7.721774049914831,5.6000000000000005,7.96,ACTIVE,false,,0.4913129378588589,16.075010690184207
2026,3,2026-09-24T04:01:17.981218+0000,2cffb4a-dirty,offense,00-0040729,4603186,Jack Bech,WR,LV,NO,2026-09-27T20:25:00.000000+0000,4.836289128109089,5.16,4.74,ACTIVE,false,,0.6709568548257471,11.762574551509914
2026,3,2026-09-24T04:01:17.981218+0000,2cffb4a-dirty,offense,00-0040730,4568490,RJ Harvey,RB,DEN,LA,2026-09-28T00:20:00.000000+0000,10.097506510222413,12.719999999999999,9.5,QUESTIONABLE,false,,2.5848171078069484,20.751031496628514
2026,3,2026-09-24T04:01:17.981218+0000,2cffb4a-dirty,offense,00-0040734,4432710,TreVeyon Henderson,RB,NE,JAX,2026-09-27T17:00:00.000000+0000,11.101760378240844,14.280000000000001,10.5,ACTIVE,false,,2.8004100361934205,20.196385247330667
2026,3,2026-09-24T04:01:17.981218+0000,2cffb4a-dirty,offense,00-0040735,4685278,Luther Burden III,WR,CHI,PHI,2026-09-29T00:15:00.000000+0000,9.556540434483606,13.080000000000002,11.16,ACTIVE,false,,1.9159933239344973,19.83369458723713
2026,3,2026-09-24T04:01:17.981218+0000,2cffb4a-dirty,offense,00-0040736,4808766,Mason Taylor,TE,NYJ,DET,2026-09-27T17:00:00.000000+0000,4.115939140717905,4.220000000000001,0.0,DOUBTFUL,false,,0.051044389584945615,10.892195102485879
2026,3,2026-09-24T04:01:17.981218+0000,2cffb4a-dirty,offense,00-0040737,4570037,Terrance Ferguson,TE,LA,DEN,2026-09-28T00:20:00.000000+0000,8.0558899644017,8.940000000000001,7.94,QUESTIONABLE,false,,1.434620492256073,16.030644975431965
2026,3,2026-09-24T04:01:17.981218+0000,2cffb4a-dirty,offense,00-0040739,4678006,Elijah Arroyo,TE,SEA,WAS,2026-09-27T17:00:00.000000+0000,1.378574906909318,0.8400000000000001,2.57,ACTIVE,false,,-4.991354081211092e-6,4.312520341122109
2026,3,2026-09-24T04:01:17.981218+0000,2cffb4a-dirty,offense,00-0040743,4360689,Tyler Shough,QB,NO,LV,2026-09-27T20:25:00.000000+0000,17.54387655366872,21.276,18.83,ACTIVE,false,,4.742031195235395,28.056742362843107
2026,3,2026-09-24T04:01:17.981218+0000,2cffb4a-dirty,offense,00-0040782,4808839,Isaiah Bond,WR,CLE,CAR,2026-09-27T17:00:00.000000+0000,1.5331231267796293,1.86,0.46,ACTIVE,false,,-0.000010896495481605891,5.809550213580108
2026,3,2026-09-24T04:01:17.981218+0000,2cffb4a-dirty,offense,00-0040784,4685702,Quinshon Judkins,RB,CLE,CAR,2026-09-27T17:00:00.000000+0000,10.4780304016394,8.2,13.72,ACTIVE,false,,2.093806552496956,21.228815518803497
2026,3,2026-09-24T04:01:17.981218+0000,2cffb4a-dirty,offense,00-0040785,4384852,Dohnte Meyers,WR,CIN,PIT,2026-09-27T17:00:00.000000+0000,2.2694842023077086,1.9000000000000001,3.34,ACTIVE,false,,9.066329836094338e-6,6.540579705035346
2026,3,2026-09-24T04:01:17.981218+0000,2cffb4a-dirty,offense,00-0040867,4870795,Makai Lemon,WR,PHI,CHI,2026-09-29T00:15:00.000000+0000,5.675481491407239,2.2,7.26,ACTIVE,false,,-0.0012456090060005713,12.721160576055688
2026,3,2026-09-24T04:01:17.981218+0000,2cffb4a-dirty,offense,00-0040876,5088338,Elijah Sarratt,WR,BAL,DAL,2026-09-27T20:25:00.000000+0000,2.5566518940651735,6.37592468522584,0.0,ACTIVE,false,,0.00015778264423221014,9.773569659255028
2026,3,2026-09-24T04:01:17.981218+0000,2cffb4a-dirty,offense,00-0040878,4686658,Mike Washington Jr.,RB,LV,NO,2026-09-27T20:25:00.000000+0000,3.4287285595338237,2.4000000000000004,3.71,ACTIVE,false,,0.018589045533927262,9.70061847932807
2026,3,2026-09-24T04:01:17.981218+0000,2cffb4a-dirty,offense,00-0040879,4432260,Matthew Hibner,TE,BAL,DAL,2026-09-27T20:25:00.000000+0000,1.4708789392515096,1.15,0.53,ACTIVE,false,,-6.155426415147999e-7,4.381154420202155
2026,3,2026-09-24T04:01:17.981218+0000,2cffb4a-dirty,offense,00-0040886,4685555,Nicholas Singleton,RB,TEN,NYG,2026-09-27T17:00:00.000000+0000,2.100501057185438,1.0,1.42,ACTIVE,false,,-0.0008042382547580924,7.2510552628671645
2026,3,2026-09-24T04:01:17.981218+0000,2cffb4a-dirty,offense,00-0040887,4876132,Josh Cuevas,TE,BAL,DAL,2026-09-27T20:25:00.000000+0000,1.0917909527445482,0.0,0.0,ACTIVE,false,,0.0,1.886791390033979
2026,3,2026-09-24T04:01:17.981218+0000,2cffb4a-dirty,offense,00-0040890,4912218,Cyrus Allen,WR,KC,MIA,2026-09-27T17:00:00.000000+0000,1.1184798184460125,0.0,1.08,ACTIVE,false,,-0.0007888870929711538,2.9368126150880136
2026,3,2026-09-24T04:01:17.981218+0000,2cffb4a-dirty,offense,00-0040891,4879250,Cole Payton,QB,PHI,CHI,2026-09-29T00:15:00.000000+0000,3.2714512110897234,13.149895931882673,0.0,ACTIVE,false,,-0.07370415810284008,14.874464352234224
2026,3,2026-09-24T04:01:17.981218+0000,2cffb4a-dirty,offense,00-0040894,5150247,Malik Benson,WR,LV,NO,2026-09-27T20:25:00.000000+0000,2.5980928284466387,0.4,1.75,ACTIVE,false,,-0.0026196622744171128,7.831228846144586
2026,3,2026-09-24T04:01:17.981218+0000,2cffb4a-dirty,offense,00-0040906,4567747,Garrett Nussmeier,QB,KC,MIA,2026-09-27T17:00:00.000000+0000,3.2714512110897234,13.149895931882673,0.0,ACTIVE,false,,-0.07370415810284008,14.721010737876774
2026,3,2026-09-24T04:01:17.981218+0000,2cffb4a-dirty,offense,00-0040930,4808759,Camden Brown,WR,DAL,BAL,2026-09-27T20:25:00.000000+0000,2.68442918067176,6.37592468522584,0.0,ACTIVE,false,,0.0001783196844399935,9.820392428162936
2026,3,2026-09-24T04:01:17.981218+0000,2cffb4a-dirty,offense,00-0040948,4635009,J. Michael Sturdivant,WR,GB,ATL,2026-09-25T00:15:00.000000+0000,1.1385352151090087,0.0,0.51,ACTIVE,false,,0.0,3.7400208477710595
2026,3,2026-09-24T04:01:17.981218+0000,2cffb4a-dirty,offense,00-0040981,4429582,Joe Fagnano,QB,BAL,DAL,2026-09-27T20:25:00.000000+0000,3.394848166057879,13.149895931882673,0.0,ACTIVE,false,,-0.07370415810284008,15.101955124380144
2026,3,2026-09-24T04:01:17.981218+0000,2cffb4a-dirty,offense,00-0041013,4832955,Emmett Johnson,RB,KC,MIA,2026-09-27T17:00:00.000000+0000,6.038569586120098,7.15,6.12,ACTIVE,false,,0.19997011677599685,14.376668630988759
2026,3,2026-09-24T04:01:17.981218+0000,2cffb4a-dirty,offense,00-0041027,4870808,Jeremiyah Love,RB,ARI,SF,2026-09-27T20:05:00.000000+0000,10.220024288528382,10.25,12.75,ACTIVE,false,,2.353000944086891,20.176555483928095
2026,3,2026-09-24T04:01:17.981218+0000,2cffb4a-dirty,offense,00-0041032,5083315,Kenyon Sadiq,TE,NYJ,DET,2026-09-27T17:00:00.000000+0000,6.06808544628527,7.550000000000001,8.42,ACTIVE,false,,0.6339335964167682,14.444058321686178
2026,3,2026-09-24T04:01:17.981218+0000,2cffb4a-dirty,offense,00-0041037,4832800,Denzel Boston,WR,CLE,CAR,2026-09-27T17:00:00.000000+0000,12.892018484915747,17.2,11.31,ACTIVE,false,,2.2755093297808604,23.769432964398874
2026,3,2026-09-24T04:01:17.981218+0000,2cffb4a-dirty,offense,00-0041040,5081432,Antonio Williams,WR,WAS,SEA,2026-09-27T17:00:00.000000+0000,8.232786005174876,10.899999999999999,5.16,ACTIVE,false,,1.295527678298491,17.36156341035199
2026,3,2026-09-24T04:01:17.981218+0000,2cffb4a-dirty,offense,00-0041041,4702559,Oscar Delp,TE,NO,LV,2026-09-27T20:25:00.000000+0000,1.766906312722652,1.8,0.56,ACTIVE,false,,-5.5982479846704076e-6,4.5448270109472695
2026,3,2026-09-24T04:01:17.981218+0000,2cffb4a-dirty,offense,00-0041042,4682648,Malachi Fields,WR,NYG,TEN,2026-09-27T17:00:00.000000+0000,8.62550917909158,4.75,8.26,ACTIVE,false,,0.6444852425596023,17.35877439954382
2026,3,2026-09-24T04:01:17.981218+0000,2cffb4a-dirty,offense,00-0041044,4870612,Zachariah Branch,WR,ATL,GB,2026-09-25T00:15:00.000000+0000,1.6890573961457374,1.7000000000000002,1.66,ACTIVE,false,,-4.991658017148833e-6,7.0524696611170326
2026,3,2026-09-24T04:01:17.981218+0000,2cffb4a-dirty,offense,00-0041048,5220680,Ted Hurst III,WR,TB,MIN,2026-09-27T20:05:00.000000+0000,8.529980818794177,5.65,5.83,ACTIVE,false,,1.5175577990107838,17.92754922144995
2026,3,2026-09-24T04:01:17.981218+0000,2cffb4a-dirty,offense,00-0041051,4869748,Zavion Thomas,WR,CHI,PHI,2026-09-29T00:15:00.000000+0000,1.1353523052461376,0.0,0.03,ACTIVE,false,,0.0,2.8315901687544316
2026,3,2026-09-24T04:01:17.981218+0000,2cffb4a-dirty,offense,00-0041052,4696044,Kaelon Black,RB,SF,ARI,2026-09-27T20:05:00.000000+0000,6.263490002912928,5.25,7.38,ACTIVE,false,,0.5119649960923941,13.856752223936509
2026,3,2026-09-24T04:01:17.981218+0000,2cffb4a-dirty,offense,00-0041056,4685413,Cade Klubnik,QB,NYJ,DET,2026-09-27T17:00:00.000000+0000,3.4865399180059153,13.149895931882673,0.0,ACTIVE,false,,-0.07383190611249416,16.67330803657383
2026,3,2026-09-24T04:01:17.981218+0000,2cffb4a-dirty,offense,00-0041067,4879276,Bryce Lance,WR,NO,LV,2026-09-27T20:25:00.000000+0000,5.736051578401695,4.5,3.84,ACTIVE,false,,0.04375439099399942,13.010097852046954
2026,3,2026-09-24T04:01:17.981218+0000,2cffb4a-dirty,offense,00-0041069,5092508,Colbie Young,WR,CIN,PIT,2026-09-27T17:00:00.000000+0000,1.3093914835742526,0.8500000000000001,3.28,ACTIVE,false,,-1.3227297234881588e-6,4.52013687579979
2026,3,2026-09-24T04:01:17.981218+0000,2cffb4a-dirty,offense,00-0041070,4869132,Reggie Virgil,WR,ARI,SF,2026-09-27T20:05:00.000000+0000,2.565704905802265,6.37592468522584,0.0,ACTIVE,false,,0.00012092212025883058,9.466185815831578
2026,3,2026-09-24T04:01:17.981218+0000,2cffb4a-dirty,offense,00-0041077,4912052,Justin Joly,TE,MIA,KC,2026-09-27T17:00:00.000000+0000,2.574352858863662,4.087003665830596,0.0,ACTIVE,false,,0.0001440119762785336,7.62732372998991
2026,3,2026-09-24T04:01:17.981218+0000,2cffb4a-dirty,offense,00-0041081,4878695,Max Bredeson,RB,MIN,TB,2026-09-27T20:05:00.000000+0000,2.5598348039280445,7.425130276711758,0.0,ACTIVE,false,,0.00020500647765667358,9.184812389723032
2026,3,2026-09-24T04:01:17.981218+0000,2cffb4a-dirty,offense,00-0041084,4917427,Tanner Koziol,TE,JAX,NE,2026-09-27T17:00:00.000000+0000,2.5684827569894417,4.087003665830596,0.0,ACTIVE,false,,0.00023212366917424958,7.70689903812566
2026,3,2026-09-24T04:01:17.981218+0000,2cffb4a-dirty,offense,00-0041092,4431325,Taylen Green,QB,CLE,CAR,2026-09-27T17:00:00.000000+0000,3.3917582032505464,13.149895931882673,0.0,ACTIVE,false,,-0.07370415810284008,14.852882603500923
2026,3,2026-09-24T04:01:17.981218+0000,2cffb4a-dirty,offense,00-0041094,4890373,Bauer Sharp,TE,TB,MIN,2026-09-27T20:05:00.000000+0000,1.1353523052461376,0.0,0.0,ACTIVE,false,,0.0,0.9266873023532386
2026,3,2026-09-24T04:01:17.981218+0000,2cffb4a-dirty,offense,00-0041096,4685246,Kaytron Allen,RB,WAS,SEA,2026-09-27T17:00:00.000000+0000,3.1624463274855397,2.0,1.1,QUESTIONABLE,false,,-0.0020383594472000136,9.066225277658075
2026,3,2026-09-24T04:01:17.981218+0000,2cffb4a-dirty,offense,00-0041099,4698597,Barion Brown,WR,NO,LV,2026-09-27T20:25:00.000000+0000,1.413077027347719,0.15000000000000002,0.9,QUESTIONABLE,false,,-0.0008117893748305677,3.394991432025646
2026,3,2026-09-24T04:01:17.981218+0000,2cffb4a-dirty,offense,00-0041100,4879194,Josh Cameron,WR,JAX,NE,2026-09-27T17:00:00.000000+0000,3.084459535790358,5.0,0.54,ACTIVE,false,,0.04375439099399942,8.97516097991181
2026,3,2026-09-24T04:01:17.981218+0000,2cffb4a-dirty,offense,00-0041104,4832846,Demond Claiborne,RB,MIN,TB,2026-09-27T20:05:00.000000+0000,1.5930958536163573,1.2,1.39,ACTIVE,false,,-4.991658017148833e-6,5.074142191342195
2026,3,2026-09-24T04:01:17.981218+0000,2cffb4a-dirty,offense,00-0041106,5085024,C.J. Williams,WR,JAX,NE,2026-09-27T17:00:00.000000+0000,0.9777769843339935,0.0,,,false,,0.0,3.5669374281393558
2026,3,2026-09-24T04:01:17.981218+0000,2cffb4a-dirty,offense,00-0041116,5085189,Jack Endries,TE,CIN,PIT,2026-09-27T17:00:00.000000+0000,1.0949738626074192,0.0,0.0,ACTIVE,false,,0.0,1.1385399887762522
2026,3,2026-09-24T04:01:17.981218+0000,2cffb4a-dirty,offense,00-0041117,4432722,Athan Kaliakmanis,QB,WAS,SEA,2026-09-27T17:00:00.000000+0000,3.605165530511889,13.149895931882673,0.0,ACTIVE,false,,-0.07370415810284008,15.630920902976044
2026,3,2026-09-24T04:01:17.981218+0000,2cffb4a-dirty,offense,00-0041123,4431465,Behren Morton,QB,NE,JAX,2026-09-27T17:00:00.000000+0000,3.131706832905733,13.149895931882673,0.0,ACTIVE,false,,-0.07370415810284008,15.100876759710072
2026,3,2026-09-24T04:01:17.981218+0000,2cffb4a-dirty,offense,00-0041125,4686468,Seth McGowan,RB,IND,HOU,2026-09-27T17:00:00.000000+0000,1.5789140534000363,0.5,2.59,ACTIVE,false,,-0.005318248860346508,5.0369517204624765
2026,3,2026-09-24T04:01:17.981218+0000,2cffb4a-dirty,offense,00-0041131,4685540,Carsen Ryan,TE,CLE,CAR,2026-09-27T17:00:00.000000+0000,1.1353523052461376,0.0,0.0,ACTIVE,false,,0.0,1.103534266658965
2026,3,2026-09-24T04:01:17.981218+0000,2cffb4a-dirty,offense,00-0041132,4683151,Deion Burks,WR,IND,HOU,2026-09-27T17:00:00.000000+0000,2.274015763636934,1.4000000000000001,,,false,,-0.0007983486891841128,6.852469051135879
2026,3,2026-09-24T04:01:17.981218+0000,2cffb4a-dirty,offense,00-0041133,5159802,Dallen Bentley,TE,DEN,LA,2026-09-28T00:20:00.000000+0000,2.5652998471265707,4.087003665830596,0.0,ACTIVE,false,,0.0001440119762785336,7.659593986141664
2026,3,2026-09-24T04:01:17.981218+0000,2cffb4a-dirty,offense,00-0041149,4428993,Haynes King,QB,CAR,CLE,2026-09-27T17:00:00.000000+0000,3.3631429630377596,13.149895931882673,0.0,ACTIVE,false,,-0.07370415810284008,14.431089206395654
2026,3,2026-09-24T04:01:17.981218+0000,2cffb4a-dirty,offense,00-0041194,5344782,Jack Strand,QB,ATL,GB,2026-09-25T00:15:00.000000+0000,6.345149311897252,-0.040000000000000036,0.0,ACTIVE,false,,-0.1888032716488483,17.477605776049014
2026,3,2026-09-24T04:01:17.981218+0000,2cffb4a-dirty,offense,00-0041251,4596472,Jalon Daniels,QB,TB,MIN,2026-09-27T20:05:00.000000+0000,3.163504982981391,13.149895931882673,0.0,ACTIVE,false,,-0.07361604640994435,14.577199277087058
2026,3,2026-09-24T04:01:17.981218+0000,2cffb4a-dirty,offense,00-0041314,,Tanner Arkin,TE,NE,JAX,2026-09-27T17:00:00.000000+0000,2.5335016970509128,4.087003665830596,,,false,,0.0001440119762785336,7.659593986141664
2026,3,2026-09-24T04:01:17.981218+0000,2cffb4a-dirty,offense,00-0041326,5081999,CJ Donaldson,RB,NO,LV,2026-09-27T20:25:00.000000+0000,2.1068529711847637,0.7,,,false,,0.000020248768529975485,8.081249796436996
2026,3,2026-09-24T04:01:17.981218+0000,2cffb4a-dirty,offense,00-0041395,4831959,Eli Raridon,TE,NE,JAX,2026-09-27T17:00:00.000000+0000,3.2185106111843997,5.6,2.86,QUESTIONABLE,false,,0.08535667250297008,7.657351138329147
2026,3,2026-09-24T04:01:17.981218+0000,2cffb4a-dirty,offense,00-0041397,5081338,Kaden Wetjen,WR,PIT,CIN,2026-09-27T17:00:00.000000+0000,1.1353523052461376,0.0,0.14,ACTIVE,false,,-0.0020140835367584986,2.923822178558343
2026,3,2026-09-24T04:01:17.981218+0000,2cffb4a-dirty,offense,00-0041398,4693370,Riley Nowakowski,RB,PIT,CIN,2026-09-27T17:00:00.000000+0000,2.574352858863662,7.425130276711758,0.0,ACTIVE,false,,0.00020500647765667358,9.64509242077553
2026,3,2026-09-24T04:01:17.981218+0000,2cffb4a-dirty,offense,00-0041399,4605951,CJ Daniels,WR,LA,DEN,2026-09-28T00:20:00.000000+0000,2.5598348039280445,6.37592468522584,0.0,ACTIVE,false,,0.00011931705072196537,9.31852271458643
2026,3,2026-09-24T04:01:17.981218+0000,2cffb4a-dirty,offense,00-0041436,,DJ Herman,RB,MIA,KC,2026-09-27T17:00:00.000000+0000,3.6317544789578236,2.8,,,false,,-0.0012456090060005713,9.443546204843473
2026,3,2026-09-24T04:01:17.981218+0000,2cffb4a-dirty,offense,00-0041438,4871023,Carnell Tate,WR,TEN,NYG,2026-09-27T17:00:00.000000+0000,8.940144660207778,6.75,11.78,ACTIVE,false,,0.6770017632052229,18.097410583072925
2026,3,2026-09-24T04:01:17.981218+0000,2cffb4a-dirty,offense,00-0041443,4683153,Skyler Bell,WR,BUF,LAC,2026-09-27T17:00:00.000000+0000,2.8616954612785612,6.37592468522584,0.0,ACTIVE,false,,0.0001783196844399935,9.71481571685222
2026,3,2026-09-24T04:01:17.981218+0000,2cffb4a-dirty,offense,00-0041472,4695705,Marlin Klein,TE,HOU,IND,2026-09-27T17:00:00.000000+0000,1.5383244827442846,1.3,0.54,ACTIVE,false,,-2.2929300234432526e-6,4.030696304632739
2026,3,2026-09-24T04:01:17.981218+0000,2cffb4a-dirty,offense,00-0041489,4685261,Germie Bernard,WR,PIT,CIN,2026-09-27T17:00:00.000000+0000,4.628072365833713,3.75,2.09,ACTIVE,false,,0.31090175856862473,12.126382698631659
2026,3,2026-09-24T04:01:17.981218+0000,2cffb4a-dirty,offense,00-0041490,5081508,Eli Heidenreich,RB,PIT,CIN,2026-09-27T17:00:00.000000+0000,1.1353523052461376,0.0,8.64,ACTIVE,false,,-0.002076374780163401,3.0075032336067453
2026,3,2026-09-24T04:01:17.981218+0000,2cffb4a-dirty,offense,00-0041496,4702555,Jonah Coleman,RB,DEN,LA,2026-09-28T00:20:00.000000+0000,5.815515804552482,7.4,1.7,QUESTIONABLE,false,,0.3050561354489511,14.203793645968904
2026,3,2026-09-24T04:01:17.981218+0000,2cffb4a-dirty,offense,00-0041503,4686248,Nate Boerkircher,TE,JAX,NE,2026-09-27T17:00:00.000000+0000,2.0248427971980845,0.95,1.63,ACTIVE,false,,-1.398052469461341e-6,5.045053690295465
2026,3,2026-09-24T04:01:17.981218+0000,2cffb4a-dirty,offense,00-0041510,4833029,Max Klare,TE,LA,DEN,2026-09-28T00:20:00.000000+0000,2.536684606913784,4.087003665830596,0.0,ACTIVE,false,,0.0001440119762785336,7.708474522416391
2026,3,2026-09-24T04:01:17.981218+0000,2cffb4a-dirty,offense,00-0041512,4685512,Jadarian Price,RB,SEA,WAS,2026-09-27T17:00:00.000000+0000,8.866690535584894,6.4,12.08,QUESTIONABLE,false,,1.5382098572443188,18.542471663852254
2026,3,2026-09-24T04:01:17.981218+0000,2cffb4a-dirty,offense,00-0041523,4869645,Caleb Douglas,WR,MIA,KC,2026-09-27T17:00:00.000000+0000,9.198664205270962,9.15,8.75,QUESTIONABLE,false,,1.1637741854956838,19.722409365213544
2026,3,2026-09-24T04:01:17.981218+0000,2cffb4a-dirty,offense,00-0041524,4880236,Will Kacmarek,TE,MIA,KC,2026-09-27T17:00:00.000000+0000,1.7282808990897904,0.7,1.84,ACTIVE,false,,-3.7978939102593833e-6,5.331269593644476
2026,3,2026-09-24T04:01:17.981218+0000,2cffb4a-dirty,offense,00-0041525,4869961,Chris Bell,WR,MIA,KC,2026-09-27T17:00:00.000000+0000,2.679051565483031,1.75,5.75,QUESTIONABLE,false,,0.00001353775349307857,8.32215174908405
2026,3,2026-09-24T04:01:17.981218+0000,2cffb4a-dirty,offense,00-0041529,4685307,Kevin Coleman Jr.,WR,MIA,KC,2026-09-27T17:00:00.000000+0000,1.6580729353994241,0.0,3.98,ACTIVE,false,,-0.0007934715760224519,6.029474399248888
2026,3,2026-09-24T04:01:17.981218+0000,2cffb4a-dirty,offense,00-0041547,4870653,KC Concepcion,WR,CLE,CAR,2026-09-27T17:00:00.000000+0000,9.665545200005019,8.0,10.97,ACTIVE,false,,1.3631496423311444,19.27977052795481
2026,3,2026-09-24T04:01:17.981218+0000,2cffb4a-dirty,offense,00-0041550,4685553,Brenen Thompson,WR,LAC,BUF,2026-09-27T17:00:00.000000+0000,2.1669022810070078,1.15,2.07,QUESTIONABLE,false,,0.00001731963103015407,6.922762650748197
2026,3,2026-09-24T04:01:17.981218+0000,2cffb4a-dirty,offense,00-0041558,4685504,Sam Roush,TE,CHI,PHI,2026-09-29T00:15:00.000000+0000,2.2141849021125917,0.95,1.0,ACTIVE,false,,-0.0013366571767703607,5.556346737549779
2026,3,2026-09-24T04:01:17.981218+0000,2cffb4a-dirty,offense,00-0041561,4430841,Carson Beck,QB,ARI,SF,2026-09-27T20:05:00.000000+0000,3.4719066253692197,13.149895931882673,0.0,ACTIVE,false,,-0.07370415810284008,15.586997755478876
2026,3,2026-09-24T04:01:17.981218+0000,2cffb4a-dirty,offense,00-0041562,4837248,Fernando Mendoza,QB,LV,NO,2026-09-27T20:25:00.000000+0000,3.131706832905733,13.149895931882673,0.0,ACTIVE,false,,-0.07389090874621218,15.074188496773019
2026,3,2026-09-24T04:01:17.981218+0000,2cffb4a-dirty,offense,00-0041565,4714771,Drew Allar,QB,PIT,CIN,2026-09-27T17:00:00.000000+0000,3.5037047754448776,13.149895931882673,0.0,ACTIVE,false,,-0.07370415810284008,15.209517699061546
2026,3,2026-09-24T04:01:17.981218+0000,2cffb4a-dirty,offense,00-0041568,4685522,Ty Simpson,QB,LA,DEN,2026-09-28T00:20:00.000000+0000,3.043197990820568,13.149895931882673,0.0,ACTIVE,false,,-0.07370415810284008,14.428502789883613
2026,3,2026-09-24T04:01:17.981218+0000,2cffb4a-dirty,offense,00-0041579,4714379,Seydou Traore,TE,MIA,KC,2026-09-27T17:00:00.000000+0000,2.574352858863662,4.087003665830596,0.0,ACTIVE,false,,0.0001440119762785336,7.62732372998991
2026,3,2026-09-24T04:01:17.981218+0000,2cffb4a-dirty,k,00-0025565,10621,Nick Folk,K,ATL,GB,2026-09-25T00:15:00.000000+0000,8.598246830395603,6.4,7.87,ACTIVE,false,,1.3500523090548713,15.650165914269934
2026,3,2026-09-24T04:01:17.981218+0000,2cffb4a-dirty,k,00-0031136,17372,Chris Boswell,K,PIT,CIN,2026-09-27T17:00:00.000000+0000,8.488389662344675,7.8,8.46,ACTIVE,false,,1.0505436853893146,15.952186114629967
2026,3,2026-09-24T04:01:17.981218+0000,2cffb4a-dirty,k,00-0031203,17427,Cairo Santos,K,CHI,PHI,2026-09-29T00:15:00.000000+0000,9.311110199456476,7.6,7.91,ACTIVE,false,,2.3855696126289434,16.70159701632357
2026,3,2026-09-24T04:01:17.981218+0000,2cffb4a-dirty,k,00-0031492,2473037,Jason Myers,K,SEA,WAS,2026-09-27T17:00:00.000000+0000,10.017515413471441,6.4,9.44,ACTIVE,false,,2.494696309596407,17.599571468026134
2026,3,2026-09-24T04:01:17.981218+0000,2cffb4a-dirty,k,00-0032569,2985659,Wil Lutz,K,DEN,LA,2026-09-28T00:20:00.000000+0000,9.490064308759585,8.8,8.03,ACTIVE,false,,1.6880569912763903,15.85325021747543
2026,3,2026-09-24T04:01:17.981218+0000,2cffb4a-dirty,k,00-0032726,2971573,Ka'imi Fairbairn,K,HOU,IND,2026-09-27T17:00:00.000000+0000,9.479519934753066,13.4,9.28,ACTIVE,false,,1.5276376063922594,16.41775648853536
2026,3,2026-09-24T04:01:17.981218+0000,2cffb4a-dirty,k,00-0033303,3055899,Harrison Butker,K,KC,MIA,2026-09-27T17:00:00.000000+0000,11.037418457450967,11.8,9.05,ACTIVE,false,,2.8892823554298688,16.742839570214205
2026,3,2026-09-24T04:01:17.981218+0000,2cffb4a-dirty,k,00-0033787,3050478,Jake Elliott,K,PHI,CHI,2026-09-29T00:15:00.000000+0000,10.917291327121438,5.6,8.09,ACTIVE,false,,3.1794250499694434,18.088536041830107
2026,3,2026-09-24T04:01:17.981218+0000,2cffb4a-dirty,k,00-0034161,3051909,Daniel Carlson,K,NO,LV,2026-09-27T20:25:00.000000+0000,8.595734987831447,8.6,8.84,ACTIVE,false,,2.347361691343058,16.79161247515314
2026,3,2026-09-24T04:01:17.981218+0000,2cffb4a-dirty,k,00-0034173,4034949,Eddy Pineiro,K,SF,ARI,2026-09-27T20:05:00.000000+0000,9.619464743839275,7.2,9.85,ACTIVE,false,,3.5205055272240107,17.787122407159547
2026,3,2026-09-24T04:01:17.981218+0000,2cffb4a-dirty,k,00-0035192,3124084,Joey Slye,K,TEN,NYG,2026-09-27T17:00:00.000000+0000,8.906721682232144,7.4,7.16,ACTIVE,false,,1.1509840426198834,16.221275293801604
2026,3,2026-09-24T04:01:17.981218+0000,2cffb4a-dirty,k,00-0035269,4249087,Matt Gay,K,LV,NO,2026-09-27T20:25:00.000000+0000,9.605010483403012,8.0,7.71,ACTIVE,false,,2.175477722611905,17.762380050256205
2026,3,2026-09-24T04:01:17.981218+0000,2cffb4a-dirty,k,00-0035358,3150744,Chase McLaughlin,K,TB,MIN,2026-09-27T20:05:00.000000+0000,8.747838238326038,10.2,8.4,ACTIVE,false,,1.8483962185067626,15.12225973521252
2026,3,2026-09-24T04:01:17.981218+0000,2cffb4a-dirty,k,00-0036162,3917232,Tyler Bass,K,BUF,LAC,2026-09-27T17:00:00.000000+0000,8.8539796807809,7.8,8.64,ACTIVE,false,,3.5285505843927996,15.189956388523385
2026,3,2026-09-24T04:01:17.981218+0000,2cffb4a-dirty,k,00-0036816,4243371,Riley Patterson,K,MIA,KC,2026-09-27T17:00:00.000000+0000,8.374824832665833,6.0,7.49,ACTIVE,false,,1.6033277889704798,15.50408943154017
2026,3,2026-09-24T04:01:17.981218+0000,2cffb4a-dirty,k,00-0036854,4360234,Evan McPherson,K,CIN,PIT,2026-09-27T17:00:00.000000+0000,10.322898057929088,10.0,7.8,ACTIVE,false,,2.974267026977593,18.049676985989727
2026,3,2026-09-24T04:01:17.981218+0000,2cffb4a-dirty,k,00-0037224,4362081,Cameron Dicker,K,LAC,BUF,2026-09-27T17:00:00.000000+0000,9.725558896648375,3.8,9.1,ACTIVE,false,,2.7109304941175845,17.02895543335766
2026,3,2026-09-24T04:01:17.981218+0000,2cffb4a-dirty,k,00-0037692,3953687,Brandon Aubrey,K,DAL,BAL,2026-09-27T20:25:00.000000+0000,10.09030464474351,8.8,9.72,ACTIVE,true,K,2.9035947333744745,16.942634370429847
2026,3,2026-09-24T04:01:17.981218+0000,2cffb4a-dirty,k,00-0038428,4258620,Andre Szmyt,K,CLE,CAR,2026-09-27T17:00:00.000000+0000,9.48483130517233,8.8,7.8,ACTIVE,false,,1.8754022344388241,16.31180027991657
2026,3,2026-09-24T04:01:17.981218+0000,2cffb4a-dirty,k,00-0038567,4363538,Chad Ryland,K,ARI,SF,2026-09-27T20:05:00.000000+0000,8.408903348862273,8.8,7.31,ACTIVE,false,,1.1264227913261675,15.403285287489535
2026,3,2026-09-24T04:01:17.981218+0000,2cffb4a-dirty,k,00-0038905,4259619,Blake Grupe,K,NYJ,DET,2026-09-27T17:00:00.000000+0000,9.579400477136732,10.6,0.0,ACTIVE,false,,2.333056781342011,16.599411389260087
2026,3,2026-09-24T04:01:17.981218+0000,2cffb4a-dirty,k,00-0039172,4689936,Jake Bates,K,DET,NYJ,2026-09-27T17:00:00.000000+0000,9.23654171785967,7.6,8.79,ACTIVE,false,,3.1837055873591216,16.36248204275571
2026,3,2026-09-24T04:01:17.981218+0000,2cffb4a-dirty,k,00-0039404,4567104,Will Reichard,K,MIN,TB,2026-09-27T20:05:00.000000+0000,9.40092792146536,11.0,8.22,ACTIVE,false,,2.1329324030810217,16.116759167010102
2026,3,2026-09-24T04:01:17.981218+0000,2cffb4a-dirty,k,00-0039409,4686361,Cam Little,K,JAX,NE,2026-09-27T17:00:00.000000+0000,10.073276968358012,12.0,8.68,ACTIVE,false,,2.299480306873819,17.045985094681093
2026,3,2026-09-24T04:01:17.981218+0000,2cffb4a-dirty,k,00-0039498,4574716,Harrison Mevis,K,LA,DEN,2026-09-28T00:20:00.000000+0000,9.361547373693398,7.6,8.31,ACTIVE,false,,2.0470998024901608,16.100312504119536
2026,3,2026-09-24T04:01:17.981218+0000,2cffb4a-dirty,k,00-0039576,4571557,Spencer Shrader,K,IND,HOU,2026-09-27T17:00:00.000000+0000,9.546697958364382,8.6,8.46,ACTIVE,false,,1.442346044603569,18.293985412616255
2026,3,2026-09-24T04:01:17.981218+0000,2cffb4a-dirty,k,00-0040074,4697745,Tyler Loop,K,BAL,DAL,2026-09-27T20:25:00.000000+0000,8.909262730761398,8.2,8.69,ACTIVE,false,,2.616831580100379,15.633828950705453
2026,3,2026-09-24T04:01:17.981218+0000,2cffb4a-dirty,k,00-0040200,4569923,Andy Borregales,K,NE,JAX,2026-09-27T17:00:00.000000+0000,8.988934226633047,7.6,7.36,ACTIVE,false,,1.6106501665509758,16.126057925509418
2026,3,2026-09-24T04:01:17.981218+0000,2cffb4a-dirty,k,00-0040279,4568263,Ryan Fitzgerald,K,CAR,CLE,2026-09-27T17:00:00.000000+0000,10.933783960578852,7.2,7.69,ACTIVE,false,,2.4092648051402312,17.533482876066266
2026,3,2026-09-24T04:01:17.981218+0000,2cffb4a-dirty,k,00-0040899,4869461,Trey Smack,K,GB,ATL,2026-09-25T00:15:00.000000+0000,10.274607358197528,10.5,9.21,ACTIVE,false,,2.731148982702174,17.792976828557173
2026,3,2026-09-24T04:01:17.981218+0000,2cffb4a-dirty,k,00-0041145,5082424,Dominic Zvada,K,NYG,TEN,2026-09-27T17:00:00.000000+0000,10.116503643347711,6.0,8.56,ACTIVE,false,,3.244683724405821,17.355844991585734
2026,3,2026-09-24T04:01:17.981218+0000,2cffb4a-dirty,k,00-0041182,5081335,Drew Stevens,K,WAS,SEA,2026-09-27T17:00:00.000000+0000,7.030634346236538,6.5,7.74,ACTIVE,false,,0.3185028015605539,14.894642600916299
2026,3,2026-09-24T04:01:17.981218+0000,2cffb4a-dirty,dst,ARI,-16022,ARI D/ST,D/ST,ARI,SF,2026-09-27T20:05:00.000000+0000,2.2866970282308268,2.8,2.64,,false,,-4.545261924071469,11.038981064711491
2026,3,2026-09-24T04:01:17.981218+0000,2cffb4a-dirty,dst,ATL,-16001,ATL D/ST,D/ST,ATL,GB,2026-09-25T00:15:00.000000+0000,3.9724390624270667,7.4,3.44,,false,,-2.4464021298077268,12.199614902327745
2026,3,2026-09-24T04:01:17.981218+0000,2cffb4a-dirty,dst,BAL,-16033,BAL D/ST,D/ST,BAL,DAL,2026-09-27T20:25:00.000000+0000,3.550307885091909,4.6,4.37,,false,,-3.9840742405019665,11.700443643146258
2026,3,2026-09-24T04:01:17.981218+0000,2cffb4a-dirty,dst,BUF,-16002,BUF D/ST,D/ST,BUF,LAC,2026-09-27T17:00:00.000000+0000,5.921946388417255,6.0,5.68,,false,,-1.2245276930432907,14.940395386449339
2026,3,2026-09-24T04:01:17.981218+0000,2cffb4a-dirty,dst,CAR,-16029,CAR D/ST,D/ST,CAR,CLE,2026-09-27T17:00:00.000000+0000,10.334369092372462,7.6,7.15,NORMAL,true,D/ST,-0.16454001527558815,19.223957895079863
2026,3,2026-09-24T04:01:17.981218+0000,2cffb4a-dirty,dst,CHI,-16003,CHI D/ST,D/ST,CHI,PHI,2026-09-29T00:15:00.000000+0000,4.898525019211077,3.4,4.28,,false,,-2.72018332528209,11.885305481478545
2026,3,2026-09-24T04:01:17.981218+0000,2cffb4a-dirty,dst,CIN,-16004,CIN D/ST,D/ST,CIN,PIT,2026-09-27T17:00:00.000000+0000,8.350476458816456,10.4,6.37,,false,,-0.22847587883176157,16.336456908639036
2026,3,2026-09-24T04:01:17.981218+0000,2cffb4a-dirty,dst,CLE,-16005,CLE D/ST,D/ST,CLE,CAR,2026-09-27T17:00:00.000000+0000,5.490553045979067,7.0,5.44,,false,,-2.4843592362553215,13.142623257618654
2026,3,2026-09-24T04:01:17.981218+0000,2cffb4a-dirty,dst,DAL,-16006,DAL D/ST,D/ST,DAL,BAL,2026-09-27T20:25:00.000000+0000,2.9863561117922655,0.6,3.02,,false,,-4.868098616449774,10.434017379781423
2026,3,2026-09-24T04:01:17.981218+0000,2cffb4a-dirty,dst,DEN,-16007,DEN D/ST,D/ST,DEN,LA,2026-09-28T00:20:00.000000+0000,1.9714675180284287,8.4,3.72,NORMAL,false,,-3.523387090205735,12.255948755731314
2026,3,2026-09-24T04:01:17.981218+0000,2cffb4a-dirty,dst,DET,-16008,DET D/ST,D/ST,DET,NYJ,2026-09-27T17:00:00.000000+0000,6.816521721772926,3.0,6.68,,false,,-1.5299713375322512,16.692782144709547
2026,3,2026-09-24T04:01:17.981218+0000,2cffb4a-dirty,dst,GB,-16009,GB D/ST,D/ST,GB,ATL,2026-09-25T00:15:00.000000+0000,8.47958838261418,1.4,4.75,,false,,-0.8147958163297266,17.296224333516182
2026,3,2026-09-24T04:01:17.981218+0000,2cffb4a-dirty,dst,HOU,-16034,HOU D/ST,D/ST,HOU,IND,2026-09-27T17:00:00.000000+0000,6.3051056566872505,7.0,6.48,NORMAL,false,,-1.2735522899923135,14.86475733866997
2026,3,2026-09-24T04:01:17.981218+0000,2cffb4a-dirty,dst,IND,-16011,IND D/ST,D/ST,IND,HOU,2026-09-27T17:00:00.000000+0000,6.813659026952208,-1.8,4.48,,false,,-1.3097046964276695,13.936322886446092
2026,3,2026-09-24T04:01:17.981218+0000,2cffb4a-dirty,dst,JAX,-16030,JAX D/ST,D/ST,JAX,NE,2026-09-27T17:00:00.000000+0000,8.275305615130387,8.2,4.88,NORMAL,false,,-0.42088245466325425,15.1435931088703
2026,3,2026-09-24T04:01:17.981218+0000,2cffb4a-dirty,dst,KC,-16012,KC D/ST,D/ST,KC,MIA,2026-09-27T17:00:00.000000+0000,8.017242559612873,6.0,6.37,NORMAL,false,,-0.48512703398543733,15.153893553427134
2026,3,2026-09-24T04:01:17.981218+0000,2cffb4a-dirty,dst,LA,-16014,LA D/ST,D/ST,LA,DEN,2026-09-28T00:20:00.000000+0000,7.36183867537751,6.8,5.29,NORMAL,false,,-1.2518532861235232,15.785313785891287
2026,3,2026-09-24T04:01:17.981218+0000,2cffb4a-dirty,dst,LAC,-16024,LAC D/ST,D/ST,LAC,BUF,2026-09-27T17:00:00.000000+0000,2.4580221096464707,4.0,2.64,NORMAL,false,,-5.284717964947669,10.128787030237918
2026,3,2026-09-24T04:01:17.981218+0000,2cffb4a-dirty,dst,LV,-16013,LV D/ST,D/ST,LV,NO,2026-09-27T20:25:00.000000+0000,4.762589754074371,10.0,5.05,,false,,-2.822669566840138,13.361147266300396
2026,3,2026-09-24T04:01:17.981218+0000,2cffb4a-dirty,dst,MIA,-16015,MIA D/ST,D/ST,MIA,KC,2026-09-27T17:00:00.000000+0000,1.3817439132303257,0.6,2.63,,false,,-3.9594958863569865,11.138733797490689
2026,3,2026-09-24T04:01:17.981218+0000,2cffb4a-dirty,dst,MIN,-16016,MIN D/ST,D/ST,MIN,TB,2026-09-27T20:05:00.000000+0000,6.843717022459448,13.4,6.49,,false,,-2.8885641326112124,16.154708341245726
2026,3,2026-09-24T04:01:17.981218+0000,2cffb4a-dirty,dst,NE,-16017,NE D/ST,D/ST,NE,JAX,2026-09-27T17:00:00.000000+0000,4.1325704303424065,10.4,5.01,,false,,-2.7781395330566356,11.63256292063327
2026,3,2026-09-24T04:01:17.981218+0000,2cffb4a-dirty,dst,NO,-16018,NO D/ST,D/ST,NO,LV,2026-09-27T20:25:00.000000+0000,6.224267495925226,9.6,6.6,,false,,-2.277937179754737,15.743792046631288
2026,3,2026-09-24T04:01:17.981218+0000,2cffb4a-dirty,dst,NYG,-16019,NYG D/ST,D/ST,NYG,TEN,2026-09-27T17:00:00.000000+0000,8.330079477086565,9.2,6.63,,false,,-1.0357071735482635,15.865519358896288
2026,3,2026-09-24T04:01:17.981218+0000,2cffb4a-dirty,dst,NYJ,-16020,NYJ D/ST,D/ST,NYJ,DET,2026-09-27T17:00:00.000000+0000,3.346319309128388,1.4,3.81,,false,,-3.7682234907955365,11.832651582158235
2026,3,2026-09-24T04:01:17.981218+0000,2cffb4a-dirty,dst,PHI,-16021,PHI D/ST,D/ST,PHI,CHI,2026-09-29T00:15:00.000000+0000,8.808702054799232,6.6,8.02,,false,,-0.6794864293792515,15.071678678010592
2026,3,2026-09-24T04:01:17.981218+0000,2cffb4a-dirty,dst,PIT,-16023,PIT D/ST,D/ST,PIT,CIN,2026-09-27T17:00:00.000000+0000,5.468411388918279,9.2,6.11,NORMAL,false,,-1.6231156184553304,12.773513527656467
2026,3,2026-09-24T04:01:17.981218+0000,2cffb4a-dirty,dst,SEA,-16026,SEA D/ST,D/ST,SEA,WAS,2026-09-27T17:00:00.000000+0000,6.305523186090649,8.8,7.41,NORMAL,false,,-0.020491190276670013,15.31084382863695
2026,3,2026-09-24T04:01:17.981218+0000,2cffb4a-dirty,dst,SF,-16025,SF D/ST,D/ST,SF,ARI,2026-09-27T20:05:00.000000+0000,7.391441117288397,6.0,7.46,NORMAL,false,,-0.0858020837109752,14.156570005455334
2026,3,2026-09-24T04:01:17.981218+0000,2cffb4a-dirty,dst,TB,-16027,TB D/ST,D/ST,TB,MIN,2026-09-27T20:05:00.000000+0000,6.568123713101821,5.8,5.45,NORMAL,false,,-0.7560099061917127,14.366004014271635
2026,3,2026-09-24T04:01:17.981218+0000,2cffb4a-dirty,dst,TEN,-16010,TEN D/ST,D/ST,TEN,NYG,2026-09-27T17:00:00.000000+0000,7.348060813695737,3.4,6.02,,false,,-1.3625094024820887,15.803260927113993
2026,3,2026-09-24T04:01:17.981218+0000,2cffb4a-dirty,dst,WAS,-16028,WAS D/ST,D/ST,WAS,SEA,2026-09-27T17:00:00.000000+0000,4.298346329825863,2.0,4.63,,false,,-3.0529080256347867,11.888870553035176
2026,3,2026-09-27T16:05:09.357359+0000,b83c74c,offense,00-0023459,8439,Aaron Rodgers,QB,PIT,CIN,2026-09-27T17:00:00.000000+0000,14.087054859518416,11.428,14.13,ACTIVE,false,,3.50400846607147,26.618735696552083
2026,3,2026-09-27T16:05:09.357359+0000,b83c74c,offense,00-0026158,11252,Joe Flacco,QB,CIN,PIT,2026-09-27T17:00:00.000000+0000,2.3460573865086927,4.200000000000001,0.0,ACTIVE,false,,-0.521045230308975,12.099910616335386
2026,3,2026-09-27T16:05:09.357359+0000,b83c74c,offense,00-0026498,12483,Matthew Stafford,QB,LA,DEN,2026-09-28T00:20:00.000000+0000,16.25776141717495,20.276,15.73,ACTIVE,false,,4.131754615760261,29.601297711468565
2026,3,2026-09-27T16:05:09.357359+0000,b83c74c,offense,00-0027973,14012,Andy Dalton,QB,PHI,CHI,2026-09-29T00:15:00.000000+0000,3.5402704773105027,1.908,0.0,ACTIVE,false,,-0.36754943390774214,16.221590045074215
2026,3,2026-09-27T16:05:09.357359+0000,b83c74c,offense,00-0028986,15168,Case Keenum,QB,CHI,PHI,2026-09-29T00:15:00.000000+0000,6.048292521478302,4.87,12.92,ACTIVE,false,,0.10238067270816364,17.47398196011492
2026,3,2026-09-27T16:05:09.357359+0000,b83c74c,offense,00-0029604,14880,Kirk Cousins,QB,LV,NO,2026-09-27T20:25:00.000000+0000,14.968623055109095,13.988,13.0,ACTIVE,false,,3.9021314463242684,26.664692705933742
2026,3,2026-09-27T16:05:09.357359+0000,b83c74c,offense,00-0029892,16002,Kyle Juszczyk,RB,SF,ARI,2026-09-27T20:05:00.000000+0000,2.6927515598759206,7.4285552865213775,2.61,ACTIVE,false,,-0.013636982680571725,9.525500473963477
2026,3,2026-09-27T16:05:09.357359+0000,b83c74c,offense,00-0030279,15818,Keenan Allen,WR,IND,HOU,2026-09-27T17:00:00.000000+0000,8.206068707081396,6.6800000000000015,9.54,ACTIVE,false,,0.9246154173627082,17.871095327607367
2026,3,2026-09-27T16:05:09.357359+0000,b83c74c,offense,00-0030506,15847,Travis Kelce,TE,KC,MIA,2026-09-27T17:00:00.000000+0000,12.962802182078356,9.919999999999998,12.68,ACTIVE,true,RB/WR/TE,2.742252714833544,21.822784712515265
2026,3,2026-09-27T16:05:09.357359+0000,b83c74c,offense,00-0030565,15864,Geno Smith,QB,NYJ,DET,2026-09-27T17:00:00.000000+0000,13.058000537062341,11.02,15.15,ACTIVE,false,,2.5920365834729377,26.138456299252056
2026,3,2026-09-27T16:05:09.357359+0000,b83c74c,offense,00-0031235,16733,Odell Beckham Jr.,WR,NYG,TEN,2026-09-27T17:00:00.000000+0000,1.5009165307332817,0.6,0.58,ACTIVE,false,,-0.0066672898825197386,4.620671534806954
2026,3,2026-09-27T16:05:09.357359+0000,b83c74c,offense,00-0031381,16800,Davante Adams,WR,LA,DEN,2026-09-28T00:20:00.000000+0000,14.620528647289365,16.98,15.62,ACTIVE,false,,4.192754615760261,25.73727346718341
2026,3,2026-09-27T16:05:09.357359+0000,b83c74c,offense,00-0031408,16737,Mike Evans,WR,SF,ARI,2026-09-27T20:05:00.000000+0000,11.05520632854799,11.379999999999999,12.48,QUESTIONABLE,false,,2.341113053979077,20.989799674596572
2026,3,2026-09-27T16:05:09.357359+0000,b83c74c,offense,00-0031484,2531358,Chris Manhertz,TE,NYG,TEN,2026-09-27T17:00:00.000000+0000,1.1297793130958003,0.0,0.0,ACTIVE,false,,-0.0024158180919553016,2.9505881135881977
2026,3,2026-09-27T16:05:09.357359+0000,b83c74c,offense,00-0031503,2969939,Jameis Winston,QB,NYG,TEN,2026-09-27T17:00:00.000000+0000,10.752047252443951,9.092,14.68,ACTIVE,false,,1.993685909404368,22.954555544092766
2026,3,2026-09-27T16:05:09.357359+0000,b83c74c,offense,00-0031588,2976212,Stefon Diggs,WR,WAS,SEA,2026-09-27T17:00:00.000000+0000,12.109683671309012,17.880000000000003,10.81,ACTIVE,false,,3.1550051233752234,23.008369833934683
2026,3,2026-09-27T16:05:09.357359+0000,b83c74c,offense,00-0031595,2515270,Michael Burton,RB,CLE,CAR,2026-09-27T17:00:00.000000+0000,2.687060718664583,7.4285552865213775,0.62,ACTIVE,false,,-0.0045622688516437125,10.06998463342507
2026,3,2026-09-27T16:05:09.357359+0000,b83c74c,offense,00-0031610,2576925,Darren Waller,TE,CAR,CLE,2026-09-27T17:00:00.000000+0000,6.6114599848145135,11.34,5.56,ACTIVE,false,,1.238161784690897,14.248627026748952
2026,3,2026-09-27T16:05:09.357359+0000,b83c74c,offense,00-0032104,2576336,Ameer Abdullah,RB,JAX,NE,2026-09-27T17:00:00.000000+0000,3.3284536207946873,2.7600000000000002,1.85,ACTIVE,false,,-0.0006662051290755376,8.895212546458266
2026,3,2026-09-27T16:05:09.357359+0000,b83c74c,offense,00-0032268,2576980,Marcus Mariota,QB,WAS,SEA,2026-09-27T17:00:00.000000+0000,10.805073800763461,9.667999999999997,15.4,ACTIVE,false,,1.7949842278696153,22.475005451711255
2026,3,2026-09-27T16:05:09.357359+0000,b83c74c,offense,00-0032385,2976592,Sterling Shepard,WR,NYJ,DET,2026-09-27T17:00:00.000000+0000,3.117124275813546,4.68,,,false,,0.2519683307510251,11.002849897773764
2026,3,2026-09-27T16:05:09.357359+0000,b83c74c,offense,00-0032398,2576581,Chris Moore,WR,BAL,DAL,2026-09-27T20:25:00.000000+0000,3.8132884325376506,2.08,5.54,ACTIVE,false,,-0.0006867961203208008,9.831110222895667
2026,3,2026-09-27T16:05:09.357359+0000,b83c74c,offense,00-0032464,2973405,Kalif Raymond,WR,CHI,PHI,2026-09-29T00:15:00.000000+0000,8.82559130858355,10.26,7.15,ACTIVE,false,,2.245293601147122,18.102215895045454
2026,3,2026-09-27T16:05:09.357359+0000,b83c74c,offense,00-0032764,3043078,Derrick Henry,RB,BAL,DAL,2026-09-27T20:25:00.000000+0000,20.169727676585673,26.8,17.77,ACTIVE,false,,4.192754615760261,35.167287414517695
2026,3,2026-09-27T16:05:09.357359+0000,b83c74c,offense,00-0032950,2573079,Carson Wentz,QB,MIN,TB,2026-09-27T20:05:00.000000+0000,13.717603515384676,11.872,0.0,ACTIVE,false,,2.397380656892652,23.947339417733552
2026,3,2026-09-27T16:05:09.357359+0000,b83c74c,offense,00-0032951,3051889,Laquon Treadwell,WR,IND,HOU,2026-09-27T17:00:00.000000+0000,2.634905227932359,1.8200000000000003,5.28,ACTIVE,false,,0.02603143538810983,7.375622340868692
2026,3,2026-09-27T16:05:09.357359+0000,b83c74c,offense,00-0033077,2577417,Dak Prescott,QB,DAL,BAL,2026-09-27T20:25:00.000000+0000,18.4315483072747,17.34,17.11,ACTIVE,false,,4.131754615760261,31.671712554471142
2026,3,2026-09-27T16:05:09.357359+0000,b83c74c,offense,00-0033090,3046439,Hunter Henry,TE,NE,JAX,2026-09-27T17:00:00.000000+0000,8.952685391871313,10.52,10.06,ACTIVE,false,,0.7766938626955061,18.180470300360074
2026,3,2026-09-27T16:05:09.357359+0000,b83c74c,offense,00-0033106,3046779,Jared Goff,QB,DET,NYJ,2026-09-27T17:00:00.000000+0000,20.62060314234273,18.0,16.62,ACTIVE,false,,4.131754615760261,32.620050325122975
2026,3,2026-09-27T16:05:09.357359+0000,b83c74c,offense,00-0033110,2573401,Tyler Higbee,TE,LA,DEN,2026-09-28T00:20:00.000000+0000,3.3535089971418928,6.180000000000001,1.1,ACTIVE,false,,0.025672410138133196,10.130172429441544
2026,3,2026-09-27T16:05:09.357359+0000,b83c74c,offense,00-0033119,2578570,Jacoby Brissett,QB,ARI,SF,2026-09-27T20:05:00.000000+0000,14.543649245692313,13.14,13.64,ACTIVE,false,,3.3768815384052595,26.662402514895586
2026,3,2026-09-27T16:05:09.357359+0000,b83c74c,offense,00-0033217,2998565,Mo Alie-Cox,TE,IND,HOU,2026-09-27T17:00:00.000000+0000,1.7035521237678088,3.96,0.53,ACTIVE,false,,-0.00008816404219169756,4.235174277047083
2026,3,2026-09-27T16:05:09.357359+0000,b83c74c,offense,00-0033246,3052096,Johnny Mundt,TE,PHI,CHI,2026-09-29T00:15:00.000000+0000,2.0025756494013596,1.08,3.91,ACTIVE,false,,-1.1748009622594177e-6,5.6706516448136295
2026,3,2026-09-27T16:05:09.357359+0000,b83c74c,offense,00-0033280,3117251,Christian McCaffrey,RB,SF,ARI,2026-09-27T20:05:00.000000+0000,21.683842181852185,21.76,20.9,ACTIVE,false,,4.192754615760261,33.166717012485464
2026,3,2026-09-27T16:05:09.357359+0000,b83c74c,offense,00-0033288,3040151,George Kittle,TE,SF,ARI,2026-09-27T20:05:00.000000+0000,11.013227555408331,15.280000000000001,12.67,ACTIVE,false,,2.467335538463644,20.504216121681335
2026,3,2026-09-27T16:05:09.357359+0000,b83c74c,offense,00-0033293,3042519,Aaron Jones,RB,MIN,TB,2026-09-27T20:05:00.000000+0000,11.07677891030506,11.320000000000002,13.64,ACTIVE,false,,2.453938611962505,20.961802142951452
2026,3,2026-09-27T16:05:09.357359+0000,b83c74c,offense,00-0033307,3045523,Kendrick Bourne,WR,ARI,SF,2026-09-27T20:05:00.000000+0000,6.582738316027986,5.5600000000000005,6.73,ACTIVE,false,,0.9259075554269014,13.671433167944267
2026,3,2026-09-27T16:05:09.357359+0000,b83c74c,offense,00-0033376,2975417,Patrick Ricard,RB,NYG,TEN,2026-09-27T17:00:00.000000+0000,1.0577882087694925,0.36,0.43,ACTIVE,false,,0.000020514918005515535,3.9158249572686508
2026,3,2026-09-27T16:05:09.357359+0000,b83c74c,offense,00-0033526,3116389,Samaje Perine,RB,CIN,PIT,2026-09-27T17:00:00.000000+0000,6.292148719878,7.960000000000001,4.62,ACTIVE,false,,0.6188038034890322,15.483832849509689
2026,3,2026-09-27T16:05:09.357359+0000,b83c74c,offense,00-0033537,3122840,Deshaun Watson,QB,CLE,CAR,2026-09-27T17:00:00.000000+0000,13.292645716061175,11.132,15.41,ACTIVE,false,,2.937988885660549,24.013960847463785
2026,3,2026-09-27T16:05:09.357359+0000,b83c74c,offense,00-0033555,2991662,Mack Hollins,WR,NE,JAX,2026-09-27T17:00:00.000000+0000,8.462119763483695,8.040000000000001,8.79,ACTIVE,false,,0.9495870788988802,17.58266305503536
2026,3,2026-09-27T16:05:09.357359+0000,b83c74c,offense,00-0033576,2975863,Eric Saubert,TE,SEA,WAS,2026-09-27T17:00:00.000000+0000,1.3500839158374867,1.0,1.54,ACTIVE,false,,-0.000022101691939686077,4.157900831711118
2026,3,2026-09-27T16:05:09.357359+0000,b83c74c,offense,00-0033589,4212909,David Moore,WR,CAR,CLE,2026-09-27T17:00:00.000000+0000,1.2666421867857958,2.12,,,false,,-0.009799126902672626,5.224540130923521
2026,3,2026-09-27T16:05:09.357359+0000,b83c74c,offense,00-0033757,2975674,Robert Tonyan,TE,PIT,CIN,2026-09-27T17:00:00.000000+0000,0.9120649191862117,0.0,0.0,ACTIVE,false,,0.0,0.7679693907301558
2026,3,2026-09-27T16:05:09.357359+0000,b83c74c,offense,00-0033869,3039707,Mitchell Trubisky,QB,TEN,NYG,2026-09-27T17:00:00.000000+0000,6.460253286329076,8.072,0.0,ACTIVE,false,,0.2143689556654524,18.09309765338749
2026,3,2026-09-27T16:05:09.357359+0000,b83c74c,offense,00-0033873,3139477,Patrick Mahomes,QB,KC,MIA,2026-09-27T17:00:00.000000+0000,20.727746953357403,19.888,19.63,ACTIVE,false,,4.131754615760261,33.801268176007135
2026,3,2026-09-27T16:05:09.357359+0000,b83c74c,offense,00-0033881,3051876,Evan Engram,TE,DEN,LA,2026-09-28T00:20:00.000000+0000,5.869612460768804,7.239999999999999,6.15,ACTIVE,false,,0.8305062000707215,12.511210844415206
2026,3,2026-09-27T16:05:09.357359+0000,b83c74c,offense,00-0033906,3054850,Alvin Kamara,RB,NO,LV,2026-09-27T20:25:00.000000+0000,8.412438161244793,6.480000000000001,9.59,ACTIVE,false,,1.6758968202010829,18.641547769815812
2026,3,2026-09-27T16:05:09.357359+0000,b83c74c,offense,00-0033908,2977187,Cooper Kupp,WR,SEA,WAS,2026-09-27T17:00:00.000000+0000,5.503024012436459,4.58,5.87,ACTIVE,false,,0.12193259329873603,12.415643802406652
2026,3,2026-09-27T16:05:09.357359+0000,b83c74c,offense,00-0033921,3116165,Chris Godwin Jr.,WR,TB,MIN,2026-09-27T20:05:00.000000+0000,8.204786450188017,10.14,8.8,ACTIVE,false,,1.1812619265096698,16.733370248054502
2026,3,2026-09-27T16:05:09.357359+0000,b83c74c,offense,00-0033949,3044720,Joshua Dobbs,QB,DET,NYJ,2026-09-27T17:00:00.000000+0000,2.6452893250686143,4.968,0.0,ACTIVE,false,,-0.3918862548331588,11.40826445277456
2026,3,2026-09-27T16:05:09.357359+0000,b83c74c,offense,00-0034270,3915486,Tyler Conklin,TE,DET,NYJ,2026-09-27T17:00:00.000000+0000,0.9970050919116261,0.76,0.0,OUT,false,,-2.5235730961864473e-6,1.8331111973141287
2026,3,2026-09-27T16:05:09.357359+0000,b83c74c,offense,00-0034272,3051738,Marquez Valdes-Scantling,WR,LAC,BUF,2026-09-27T17:00:00.000000+0000,4.165566393189106,4.8,1.61,ACTIVE,false,,0.46121239378704804,14.302435251717982
2026,3,2026-09-27T16:05:09.357359+0000,b83c74c,offense,00-0034348,3128429,Courtland Sutton,WR,DEN,LA,2026-09-28T00:20:00.000000+0000,8.977448251808479,7.74,10.94,ACTIVE,true,BE,0.9681391088992857,18.97444714016327
2026,3,2026-09-27T16:05:09.357359+0000,b83c74c,offense,00-0034351,3121023,Dallas Goedert,TE,PHI,CHI,2026-09-29T00:15:00.000000+0000,10.016227459787423,14.420000000000002,0.0,OUT,false,,1.6399881338277376,17.166792882620214
2026,3,2026-09-27T16:05:09.357359+0000,b83c74c,offense,00-0034365,4045305,Ian Thomas,TE,LV,NO,2026-09-27T20:25:00.000000+0000,1.4519731634294972,1.1600000000000001,0.55,ACTIVE,false,,-9.639880214914808e-9,3.8140897643304665
2026,3,2026-09-27T16:05:09.357359+0000,b83c74c,offense,00-0034383,3117256,Dalton Schultz,TE,HOU,IND,2026-09-27T17:00:00.000000+0000,12.424845517445362,12.84,10.99,ACTIVE,false,,3.216295799126498,22.095722649687268
2026,3,2026-09-27T16:05:09.357359+0000,b83c74c,offense,00-0034419,3123075,Braxton Berrios,WR,NYG,TEN,2026-09-27T17:00:00.000000+0000,1.1385192685704022,1.7600000000000002,0.57,ACTIVE,false,,-0.0033763374728103847,3.9036573270669805
2026,3,2026-09-27T16:05:09.357359+0000,b83c74c,offense,00-0034577,3115293,Kyle Allen,QB,BUF,LAC,2026-09-27T17:00:00.000000+0000,1.8048094928607252,0.05199999999999998,0.0,ACTIVE,false,,-0.28421691973189334,8.69794492092386
2026,3,2026-09-27T16:05:09.357359+0000,b83c74c,offense,00-0034613,3050481,Tanner Hudson,TE,CIN,PIT,2026-09-27T17:00:00.000000+0000,1.9457766024392906,2.5,0.0,ACTIVE,false,,1.8370080392693802e-6,5.1303905676402435
2026,3,2026-09-27T16:05:09.357359+0000,b83c74c,offense,00-0034753,3116365,Mark Andrews,TE,BAL,DAL,2026-09-27T20:25:00.000000+0000,8.537541941133439,6.880000000000001,10.21,ACTIVE,false,,1.6533150656027402,17.449803539306664
2026,3,2026-09-27T16:05:09.357359+0000,b83c74c,offense,00-0034771,3116407,Mason Rudolph,QB,PIT,CIN,2026-09-27T17:00:00.000000+0000,4.452119411126235,2.964,0.0,ACTIVE,false,,-0.24865389566299398,15.743010930595677
2026,3,2026-09-27T16:05:09.357359+0000,b83c74c,offense,00-0034796,3916387,Lamar Jackson,QB,BAL,DAL,2026-09-27T20:25:00.000000+0000,17.50165021453758,15.904,21.08,ACTIVE,false,,3.5560121118348738,29.328484702218304
2026,3,2026-09-27T16:05:09.357359+0000,b83c74c,offense,00-0034798,3052897,Durham Smythe,TE,BAL,DAL,2026-09-27T20:25:00.000000+0000,1.9161475453138277,0.7,1.97,ACTIVE,false,,-3.5548899374194534e-7,5.234748268891825
2026,3,2026-09-27T16:05:09.357359+0000,b83c74c,offense,00-0034827,3915416,DJ Moore,WR,BUF,LAC,2026-09-27T17:00:00.000000+0000,9.56843348455528,9.319999999999999,12.56,ACTIVE,false,,1.3701008717416094,20.063177189194747
2026,3,2026-09-27T16:05:09.357359+0000,b83c74c,offense,00-0034829,3116164,Mike Gesicki,TE,CIN,PIT,2026-09-27T17:00:00.000000+0000,6.795749616027297,8.260000000000002,6.6,ACTIVE,false,,1.3701008717416094,15.163187310605297
2026,3,2026-09-27T16:05:09.357359+0000,b83c74c,offense,00-0034837,3925357,Calvin Ridley,WR,TEN,NYG,2026-09-27T17:00:00.000000+0000,3.500591312867001,5.74,6.38,ACTIVE,false,,-0.0013712916774694774,9.330570784645749
2026,3,2026-09-27T16:05:09.357359+0000,b83c74c,offense,00-0034844,3929630,Saquon Barkley,RB,PHI,CHI,2026-09-29T00:15:00.000000+0000,11.791059434574823,11.440000000000001,17.37,ACTIVE,false,,1.6585901887880257,22.02930279058932
2026,3,2026-09-27T16:05:09.357359+0000,b83c74c,offense,00-0034854,3047876,KhaDarel Hodge,WR,SF,ARI,2026-09-27T20:05:00.000000+0000,1.2160242347223282,0.5599999999999999,,,false,,-9.64169682857652e-9,4.581400877256284
2026,3,2026-09-27T16:05:09.357359+0000,b83c74c,offense,00-0034855,3052587,Baker Mayfield,QB,TB,MIN,2026-09-27T20:05:00.000000+0000,15.513727164776279,13.436000000000002,15.6,ACTIVE,false,,3.848890800176127,28.36765394444827
2026,3,2026-09-27T16:05:09.357359+0000,b83c74c,offense,00-0034857,3918298,Josh Allen,QB,BUF,LAC,2026-09-27T17:00:00.000000+0000,21.447441218172777,21.312,23.55,ACTIVE,true,QB,4.131754615760261,33.703196852940216
2026,3,2026-09-27T16:05:09.357359+0000,b83c74c,offense,00-0034869,3912547,Sam Darnold,QB,SEA,WAS,2026-09-27T17:00:00.000000+0000,7.894203422667138,9.251999999999999,15.82,ACTIVE,false,,0.3924815377322697,22.426278320852287
2026,3,2026-09-27T16:05:09.357359+0000,b83c74c,offense,00-0034959,3125107,Andrew Beck,RB,NYJ,DET,2026-09-27T17:00:00.000000+0000,2.6646969694565517,7.4285552865213775,0.0,ACTIVE,false,,-0.013636982641441782,9.562404545481126
2026,3,2026-09-27T16:05:09.357359+0000,b83c74c,offense,00-0034960,3916433,Jakobi Meyers,WR,JAX,NE,2026-09-27T17:00:00.000000+0000,9.117716579279104,8.38,9.29,ACTIVE,false,,1.0791414020597747,18.044486135823004
2026,3,2026-09-27T16:05:09.357359+0000,b83c74c,offense,00-0034975,4038441,Justice Hill,RB,BAL,DAL,2026-09-27T20:25:00.000000+0000,4.352030395067479,3.8800000000000017,6.66,ACTIVE,false,,-0.0014376150107792854,10.157471415781263
2026,3,2026-09-27T16:05:09.357359+0000,b83c74c,offense,00-0034981,3843945,Foster Moreau,TE,HOU,IND,2026-09-27T17:00:00.000000+0000,2.6119070086271763,2.6,3.63,ACTIVE,false,,0.028527348574500535,6.564529288737672
2026,3,2026-09-27T16:05:09.357359+0000,b83c74c,offense,00-0035021,4061956,Ashton Dulin,WR,IND,HOU,2026-09-27T17:00:00.000000+0000,1.1044582361317021,1.6000000000000003,0.0,OUT,false,,-5.945078701494992e-7,4.581016778777835
2026,3,2026-09-27T16:05:09.357359+0000,b83c74c,offense,00-0035125,3917668,Alec Ingold,RB,LAC,BUF,2026-09-27T17:00:00.000000+0000,2.6646969694565517,7.4285552865213775,1.03,ACTIVE,false,,-0.0045622688516437125,9.961761773727627
2026,3,2026-09-27T16:05:09.357359+0000,b83c74c,offense,00-0035228,3917315,Kyler Murray,QB,MIN,TB,2026-09-27T20:05:00.000000+0000,11.729712805900537,11.816,17.35,ACTIVE,false,,1.338834175953826,23.99128963779785
2026,3,2026-09-27T16:05:09.357359+0000,b83c74c,offense,00-0035229,4036133,T.J. Hockenson,TE,MIN,TB,2026-09-27T20:05:00.000000+0000,7.505888526750812,8.1,9.18,ACTIVE,false,,1.3701008717416094,15.530563796683369
2026,3,2026-09-27T16:05:09.357359+0000,b83c74c,offense,00-0035249,3921690,Josh Oliver,TE,MIN,TB,2026-09-27T20:05:00.000000+0000,3.875375635735589,3.6399999999999997,3.32,ACTIVE,false,,-0.0007534504309534565,9.01702459035081
2026,3,2026-09-27T16:05:09.357359+0000,b83c74c,offense,00-0035250,4040761,Devin Singletary,RB,NYG,TEN,2026-09-27T17:00:00.000000+0000,7.796870118055632,9.58,5.19,OUT,false,,0.8954516391594863,17.416314745230437
2026,3,2026-09-27T16:05:09.357359+0000,b83c74c,offense,00-0035261,3916148,Tony Pollard,RB,TEN,NYG,2026-09-27T17:00:00.000000+0000,8.747530083803564,8.62,10.54,ACTIVE,false,,1.3169027897699124,18.630425805629333
2026,3,2026-09-27T16:05:09.357359+0000,b83c74c,offense,00-0035264,3892775,Jarrett Stidham,QB,DEN,LA,2026-09-28T00:20:00.000000+0000,2.1279288253313204,2.696,0.0,ACTIVE,false,,-0.32158543527191996,10.644463791905011
2026,3,2026-09-27T16:05:09.357359+0000,b83c74c,offense,00-0035289,4038524,Gardner Minshew,QB,ARI,SF,2026-09-27T20:05:00.000000+0000,2.197089953351692,2.2760000000000002,0.0,ACTIVE,false,,-0.3804348675316811,13.015727514053669
2026,3,2026-09-27T16:05:09.357359+0000,b83c74c,offense,00-0035406,4039057,Lil'Jordan Humphrey,WR,DEN,LA,2026-09-28T00:20:00.000000+0000,2.3848453571126966,3.88,0.0,ACTIVE,false,,-0.009363328061457937,7.604386778414931
2026,3,2026-09-27T16:05:09.357359+0000,b83c74c,offense,00-0035500,4037235,Greg Dortch,WR,BUF,LAC,2026-09-27T17:00:00.000000+0000,3.468788074543133,7.760000000000001,0.09,ACTIVE,false,,0.07633676052391346,9.670363913061102
2026,3,2026-09-27T16:05:09.357359+0000,b83c74c,offense,00-0035535,3916945,Darius Slayton,WR,IND,HOU,2026-09-27T17:00:00.000000+0000,6.979262734870268,8.040000000000001,1.97,OUT,false,,0.5202909828204483,17.40114107448841
2026,3,2026-09-27T16:05:09.357359+0000,b83c74c,offense,00-0035537,3915411,Ty Johnson,RB,BUF,LAC,2026-09-27T17:00:00.000000+0000,7.459629718562316,9.34,5.26,ACTIVE,false,,0.9950221850946278,17.035724157748383
2026,3,2026-09-27T16:05:09.357359+0000,b83c74c,offense,00-0035544,3126997,Tom Kennedy,WR,DET,NYJ,2026-09-27T17:00:00.000000+0000,0.8936665582174079,0.0,0.11,ACTIVE,false,,0.0,2.06851392953334
2026,3,2026-09-27T16:05:09.357359+0000,b83c74c,offense,00-0035594,4037457,Travis Homer,RB,PIT,CIN,2026-09-27T17:00:00.000000+0000,1.527344419658405,0.32,0.0,ACTIVE,false,,-0.032382485272335025,3.437589779974645
2026,3,2026-09-27T16:05:09.357359+0000,b83c74c,offense,00-0035631,3127310,Drew Sample,TE,CIN,PIT,2026-09-27T17:00:00.000000+0000,3.7336836764300183,3.3,2.72,ACTIVE,false,,-0.0006867961203208008,8.626804859091786
2026,3,2026-09-27T16:05:09.357359+0000,b83c74c,offense,00-0035640,4047650,DK Metcalf,WR,PIT,CIN,2026-09-27T17:00:00.000000+0000,12.668883404420551,11.84,11.33,ACTIVE,false,,3.1255882872080396,23.706664624847836
2026,3,2026-09-27T16:05:09.357359+0000,b83c74c,offense,00-0035644,4036131,Noah Fant,TE,NO,LV,2026-09-27T20:25:00.000000+0000,5.012983606038476,2.56,3.26,ACTIVE,false,,0.3651910633355525,11.210204204364207
2026,3,2026-09-27T16:05:09.357359+0000,b83c74c,offense,00-0035659,3121422,Terry McLaurin,WR,WAS,SEA,2026-09-27T17:00:00.000000+0000,9.934100467220587,7.94,11.81,ACTIVE,false,,1.390777755058357,20.372047764547762
2026,3,2026-09-27T16:05:09.357359+0000,b83c74c,offense,00-0035662,4241372,Marquise Brown,WR,PHI,CHI,2026-09-29T00:15:00.000000+0000,4.031046140121602,4.4,0.73,OUT,false,,-0.010506923973071864,11.679235449333413
2026,3,2026-09-27T16:05:09.357359+0000,b83c74c,offense,00-0035685,4035538,David Montgomery,RB,HOU,IND,2026-09-27T17:00:00.000000+0000,12.185572223335031,9.439999999999998,12.01,ACTIVE,false,,2.854209643545883,21.80858658967841
2026,3,2026-09-27T16:05:09.357359+0000,b83c74c,offense,00-0035689,3930086,Dawson Knox,TE,BUF,LAC,2026-09-27T17:00:00.000000+0000,5.567891752578738,6.12,4.03,ACTIVE,false,,0.06326033752401143,11.645077829007148
2026,3,2026-09-27T16:05:09.357359+0000,b83c74c,offense,00-0035704,3924327,Drew Lock,QB,SEA,WAS,2026-09-27T17:00:00.000000+0000,10.368619378242482,6.756,0.0,ACTIVE,false,,1.925802894737574,22.666155441707065
2026,3,2026-09-27T16:05:09.357359+0000,b83c74c,offense,00-0035710,3917792,Daniel Jones,QB,IND,HOU,2026-09-27T17:00:00.000000+0000,12.203368098347223,10.844,14.0,ACTIVE,false,,2.012913341218775,25.142273754320655
2026,3,2026-09-27T16:05:09.357359+0000,b83c74c,offense,00-0035719,3126486,Deebo Samuel Sr.,WR,SF,ARI,2026-09-27T20:05:00.000000+0000,11.13981086070765,9.280000000000001,12.33,ACTIVE,true,BE,2.1976341187674215,21.686802316685572
2026,3,2026-09-27T16:05:09.357359+0000,b83c74c,offense,00-0035891,4241983,Cody White,WR,LV,NO,2026-09-27T20:25:00.000000+0000,2.865255240097486,4.279999999999999,0.0,ACTIVE,false,,0.028516712022804105,5.731103454005711
2026,3,2026-09-27T16:05:09.357359+0000,b83c74c,offense,00-0035993,4035671,Tyler Huntley,QB,BAL,DAL,2026-09-27T20:25:00.000000+0000,6.449276053380927,8.028,0.0,ACTIVE,false,,0.08508968511911733,19.144487013212338
2026,3,2026-09-27T16:05:09.357359+0000,b83c74c,offense,00-0036040,3929645,Juwan Johnson,TE,NO,LV,2026-09-27T20:25:00.000000+0000,10.563142157865906,12.5,9.18,ACTIVE,false,,2.1406594122032256,19.741544947110814
2026,3,2026-09-27T16:05:09.357359+0000,b83c74c,offense,00-0036139,4038815,Rico Dowdle,RB,PIT,CIN,2026-09-27T17:00:00.000000+0000,8.2704521618702,6.220000000000001,0.0,OUT,false,,0.7057545203641856,16.472970005115723
2026,3,2026-09-27T16:05:09.357359+0000,b83c74c,offense,00-0036158,4241985,J.K. Dobbins,RB,DEN,LA,2026-09-28T00:20:00.000000+0000,8.764648718202778,7.5200000000000005,10.94,ACTIVE,false,,1.0678462609456965,18.25527195940702
2026,3,2026-09-27T16:05:09.357359+0000,b83c74c,offense,00-0036182,3929785,Nick Westbrook-Ikhine,WR,IND,HOU,2026-09-27T17:00:00.000000+0000,1.174055797741596,1.7763568394002506e-16,0.0,ACTIVE,false,,-0.004529210275337926,5.502902704750969
2026,3,2026-09-27T16:05:09.357359+0000,b83c74c,offense,00-0036187,4039505,Reggie Gilliam,RB,NE,JAX,2026-09-27T17:00:00.000000+0000,1.8386985184311266,1.0,0.47,ACTIVE,false,,-0.002764563557738566,5.3561080333775415
2026,3,2026-09-27T16:05:09.357359+0000,b83c74c,offense,00-0036223,4242335,Jonathan Taylor,RB,IND,HOU,2026-09-27T17:00:00.000000+0000,17.260906483537685,18.9,20.61,ACTIVE,true,RB,4.192754615760261,31.2599699184067
2026,3,2026-09-27T16:05:09.357359+0000,b83c74c,offense,00-0036244,4242557,Colby Parkinson,TE,LA,DEN,2026-09-28T00:20:00.000000+0000,8.25688350612802,8.020000000000001,4.87,QUESTIONABLE,false,,0.47776999946451376,16.734036377023426
2026,3,2026-09-27T16:05:09.357359+0000,b83c74c,offense,00-0036252,4035687,Michael Pittman,WR,PIT,CIN,2026-09-27T17:00:00.000000+0000,8.060647463039347,5.66,11.36,ACTIVE,false,,1.0878243366339102,15.796580053005435
2026,3,2026-09-27T16:05:09.357359+0000,b83c74c,offense,00-0036259,3886598,Jauan Jennings,WR,MIN,TB,2026-09-27T20:05:00.000000+0000,7.2713851993859135,11.3,6.15,ACTIVE,false,,0.46986572645283997,16.50247995580167
2026,3,2026-09-27T16:05:09.357359+0000,b83c74c,offense,00-0036265,4239934,AJ Dillon,RB,CAR,CLE,2026-09-27T17:00:00.000000+0000,2.075434748488294,1.4,5.67,ACTIVE,false,,0.000027840607190822935,6.014128390244068
2026,3,2026-09-27T16:05:09.357359+0000,b83c74c,offense,00-0036275,4259545,D'Andre Swift,RB,CHI,PHI,2026-09-29T00:15:00.000000+0000,14.666910744811204,16.4,12.83,ACTIVE,false,,4.049793837457831,26.44568365862406
2026,3,2026-09-27T16:05:09.357359+0000,b83c74c,offense,00-0036290,4258595,Cole Kmet,TE,CHI,PHI,2026-09-29T00:15:00.000000+0000,5.8992055118560645,4.82,3.62,ACTIVE,false,,0.24587586423318014,10.673378986677092
2026,3,2026-09-27T16:05:09.357359+0000,b83c74c,offense,00-0036309,4040655,Darnell Mooney,WR,NYG,TEN,2026-09-27T17:00:00.000000+0000,6.869086791206223,5.28,4.95,ACTIVE,false,,0.5451285583669255,14.229151551610835
2026,3,2026-09-27T16:05:09.357359+0000,b83c74c,offense,00-0036322,4262921,Justin Jefferson,WR,MIN,TB,2026-09-27T20:05:00.000000+0000,14.205950740137009,15.919999999999998,18.26,ACTIVE,false,,3.9839004606173725,25.785097352111013
2026,3,2026-09-27T16:05:09.357359+0000,b83c74c,offense,00-0036331,4039050,Devin Duvernay,WR,ARI,SF,2026-09-27T20:05:00.000000+0000,0.9077630178550358,-1.7763568394002506e-16,0.12,ACTIVE,false,,-1.9739769689243145e-6,2.5483157984981384
2026,3,2026-09-27T16:05:09.357359+0000,b83c74c,offense,00-0036355,4038941,Justin Herbert,QB,LAC,BUF,2026-09-27T17:00:00.000000+0000,15.745061930793197,15.376,17.26,ACTIVE,false,,3.554933366603023,29.485303889278804
2026,3,2026-09-27T16:05:09.357359+0000,b83c74c,offense,00-0036358,4241389,CeeDee Lamb,WR,DAL,BAL,2026-09-27T20:25:00.000000+0000,15.822771998051081,14.560000000000002,17.32,ACTIVE,true,WR,3.63190670242694,27.633838978383476
2026,3,2026-09-27T16:05:09.357359+0000,b83c74c,offense,00-0036389,4040715,Jalen Hurts,QB,PHI,CHI,2026-09-29T00:15:00.000000+0000,18.55592271066156,18.416000000000004,19.8,ACTIVE,false,,4.131754615760261,31.188915381594594
2026,3,2026-09-27T16:05:09.357359+0000,b83c74c,offense,00-0036407,4241463,Jerry Jeudy,WR,CLE,CAR,2026-09-27T17:00:00.000000+0000,5.543951495589719,4.68,5.71,ACTIVE,false,,0.3475750618479115,14.306266246053818
2026,3,2026-09-27T16:05:09.357359+0000,b83c74c,offense,00-0036410,4239993,Tee Higgins,WR,CIN,PIT,2026-09-27T17:00:00.000000+0000,12.11183481826519,13.26,12.68,ACTIVE,false,,3.2503624004895313,22.925474832983877
2026,3,2026-09-27T16:05:09.357359+0000,b83c74c,offense,00-0036422,3911853,Adam Trautman,TE,DEN,LA,2026-09-28T00:20:00.000000+0000,2.4534070047490726,2.1599999999999993,2.25,ACTIVE,false,,-7.837619478752193e-6,6.6121252755482685
2026,3,2026-09-27T16:05:09.357359+0000,b83c74c,offense,00-0036425,4240631,DeeJay Dallas,RB,MIN,TB,2026-09-27T20:05:00.000000+0000,2.1036350908984542,1.24,3.94,ACTIVE,false,,-0.0024617440864230797,5.649473029836271
2026,3,2026-09-27T16:05:09.357359+0000,b83c74c,offense,00-0036442,3915511,Joe Burrow,QB,CIN,PIT,2026-09-27T17:00:00.000000+0000,17.06405021181896,20.168,16.42,ACTIVE,false,,4.131754615760261,29.16730409249647
2026,3,2026-09-27T16:05:09.357359+0000,b83c74c,offense,00-0036550,4360939,Rashod Bateman,WR,BAL,DAL,2026-09-27T20:25:00.000000+0000,8.005199852296494,5.5600000000000005,7.62,ACTIVE,true,BE,1.096405108182578,16.954400665863098
2026,3,2026-09-27T16:05:09.357359+0000,b83c74c,offense,00-0036554,4258173,Nico Collins,WR,HOU,IND,2026-09-27T17:00:00.000000+0000,13.767954252151132,15.88,0.0,OUT,false,,4.048973189022912,25.78961107561283
2026,3,2026-09-27T16:05:09.357359+0000,b83c74c,offense,00-0036555,4241416,Chuba Hubbard,RB,CAR,CLE,2026-09-27T17:00:00.000000+0000,12.389820668454677,9.8,14.43,ACTIVE,false,,2.7422733058247895,22.688402941982442
2026,3,2026-09-27T16:05:09.357359+0000,b83c74c,offense,00-0036556,4362504,Brevin Jordan,TE,HOU,IND,2026-09-27T17:00:00.000000+0000,1.7171957469136332,3.46,0.0,OUT,false,,-0.007340214429896466,5.0851699500066285
2026,3,2026-09-27T16:05:09.357359+0000,b83c74c,offense,00-0036590,4244049,Quintin Morris,TE,JAX,NE,2026-09-27T17:00:00.000000+0000,2.0849565286074903,2.1399999999999997,1.64,ACTIVE,false,,-4.851617712083015e-6,5.996628317168288
2026,3,2026-09-27T16:05:09.357359+0000,b83c74c,offense,00-0036613,4372016,Jaylen Waddle,WR,DEN,LA,2026-09-28T00:20:00.000000+0000,10.862733164155415,8.1,13.09,ACTIVE,false,,1.8379720778918909,19.617054922868636
2026,3,2026-09-27T16:05:09.357359+0000,b83c74c,offense,00-0036626,4361577,Dyami Brown,WR,WAS,SEA,2026-09-27T17:00:00.000000+0000,5.040869990622038,0.86,5.86,ACTIVE,false,,-0.0026290646513586055,13.952468113021313
2026,3,2026-09-27T16:05:09.357359+0000,b83c74c,offense,00-0036628,4048228,John Bates,TE,WAS,SEA,2026-09-27T17:00:00.000000+0000,3.132541921634984,2.5200000000000005,3.41,ACTIVE,false,,-0.0006867961203208008,8.18331194917295
2026,3,2026-09-27T16:05:09.357359+0000,b83c74c,offense,00-0036630,4241424,Tylan Wallace,WR,CLE,CAR,2026-09-27T17:00:00.000000+0000,1.145290732153954,0.0,0.5,ACTIVE,false,,0.0,3.958943091950713
2026,3,2026-09-27T16:05:09.357359+0000,b83c74c,offense,00-0036637,4240472,Noah Gray,TE,KC,MIA,2026-09-27T17:00:00.000000+0000,3.0545423389028965,1.7399999999999998,2.64,ACTIVE,false,,-0.0006279604083603396,8.114057141276906
2026,3,2026-09-27T16:05:09.357359+0000,b83c74c,offense,00-0036646,4360739,Simi Fehoko,WR,ARI,SF,2026-09-27T20:05:00.000000+0000,0.9319001452316875,0.0,,,false,,0.0,2.9333911779764774
2026,3,2026-09-27T16:05:09.357359+0000,b83c74c,offense,00-0036727,3929914,Adam Prentice,RB,DEN,LA,2026-09-28T00:20:00.000000+0000,2.687060718664583,7.4285552865213775,0.61,ACTIVE,false,,-0.013636982680571725,9.596162959598077
2026,3,2026-09-27T16:05:09.357359+0000,b83c74c,offense,00-0036754,4242392,Brock Wright,TE,DET,NYJ,2026-09-27T17:00:00.000000+0000,3.05011880556227,2.04,1.63,ACTIVE,false,,-0.008668613602831563,7.4758396682803925
2026,3,2026-09-27T16:05:09.357359+0000,b83c74c,offense,00-0036825,4034948,Feleipe Franks,TE,CAR,CLE,2026-09-27T17:00:00.000000+0000,0.8803895435151715,0.0,0.0,ACTIVE,false,,0.0,1.1715345599926619
2026,3,2026-09-27T16:05:09.357359+0000,b83c74c,offense,00-0036842,4035537,Kene Nwangwu,RB,NYJ,DET,2026-09-27T17:00:00.000000+0000,2.1692461456395984,0.9800000000000001,0.0,OUT,false,,-0.01052397232127411,7.248456205238575
2026,3,2026-09-27T16:05:09.357359+0000,b83c74c,offense,00-0036849,4360797,Tutu Atwell,WR,LA,DEN,2026-09-28T00:20:00.000000+0000,3.1837963079156784,1.5400000000000003,3.79,ACTIVE,false,,-0.0007807066660036114,8.692934458579266
2026,3,2026-09-27T16:05:09.357359+0000,b83c74c,offense,00-0036862,4035656,Ben Skowronek,WR,PIT,CIN,2026-09-27T17:00:00.000000+0000,1.3108435602486894,0.7,0.0,ACTIVE,false,,9.32438516848813e-9,4.721431595123182
2026,3,2026-09-27T16:05:09.357359+0000,b83c74c,offense,00-0036875,4569173,Rhamondre Stevenson,RB,NE,JAX,2026-09-27T17:00:00.000000+0000,11.730213996421641,19.68,12.05,ACTIVE,false,,2.6461016293252113,22.32019243358841
2026,3,2026-09-27T16:05:09.357359+0000,b83c74c,offense,00-0036876,4039160,Kylen Granson,TE,TEN,NYG,2026-09-27T17:00:00.000000+0000,1.3615616267504913,1.4,0.0,OUT,false,,-0.007348032819233233,4.1127358957640086
2026,3,2026-09-27T16:05:09.357359+0000,b83c74c,offense,00-0036879,4241820,Sam Ehlinger,QB,DEN,LA,2026-09-28T00:20:00.000000+0000,1.6924490773063807,0.0,0.0,ACTIVE,false,,-0.06697696613048375,8.350125501314569
2026,3,2026-09-27T16:05:09.357359+0000,b83c74c,offense,00-0036887,4040612,Luke Farrell,TE,SF,ARI,2026-09-27T20:05:00.000000+0000,2.277989343968437,0.78,1.63,ACTIVE,false,,-2.028999247152301e-6,6.818481628612977
2026,3,2026-09-27T16:05:09.357359+0000,b83c74c,offense,00-0036893,4241457,Najee Harris,RB,NYG,TEN,2026-09-27T17:00:00.000000+0000,4.227619038144162,5.5600000000000005,3.4,ACTIVE,false,,0.3776225851475859,10.818147387597097
2026,3,2026-09-27T16:05:09.357359+0000,b83c74c,offense,00-0036894,4361411,Pat Freiermuth,TE,PIT,CIN,2026-09-27T17:00:00.000000+0000,8.964846965947094,9.28,8.3,ACTIVE,false,,1.6397722390937655,17.62434714500084
2026,3,2026-09-27T16:05:09.357359+0000,b83c74c,offense,00-0036898,4242546,Davis Mills,QB,HOU,IND,2026-09-27T17:00:00.000000+0000,10.18353239500403,13.475999999999999,0.0,ACTIVE,false,,1.7067005480261996,23.550405477539048
2026,3,2026-09-27T16:05:09.357359+0000,b83c74c,offense,00-0036900,4362628,Ja'Marr Chase,WR,CIN,PIT,2026-09-27T17:00:00.000000+0000,17.255438783162372,19.639999999999997,18.94,ACTIVE,false,,3.983782299713076,27.478891715437896
2026,3,2026-09-27T16:05:09.357359+0000,b83c74c,offense,00-0036912,4241478,DeVonta Smith,WR,PHI,CHI,2026-09-29T00:15:00.000000+0000,13.694425418345837,12.98,15.63,ACTIVE,true,WR,3.5130783491044286,24.689652308411976
2026,3,2026-09-27T16:05:09.357359+0000,b83c74c,offense,00-0036919,4371733,Kenny Gainwell,RB,TB,MIN,2026-09-27T20:05:00.000000+0000,9.351550290365141,11.86,7.6,ACTIVE,false,,0.9935787709194401,20.546428239061402
2026,3,2026-09-27T16:05:09.357359+0000,b83c74c,offense,00-0036924,4240657,Michael Carter,RB,TEN,NYG,2026-09-27T17:00:00.000000+0000,6.825034851285133,7.640000000000001,0.0,OUT,false,,0.5203115738116936,15.611669854011767
2026,3,2026-09-27T16:05:09.357359+0000,b83c74c,offense,00-0036945,4362887,Justin Fields,QB,KC,MIA,2026-09-27T17:00:00.000000+0000,8.75701425617317,10.24,0.0,ACTIVE,false,,0.28828568180253594,21.88626001221002
2026,3,2026-09-27T16:05:09.357359+0000,b83c74c,offense,00-0036963,4374302,Amon-Ra St. Brown,WR,DET,NYJ,2026-09-27T17:00:00.000000+0000,21.192500537261694,22.6,19.86,ACTIVE,false,,4.192754615760261,33.18170277298619
2026,3,2026-09-27T16:05:09.357359+0000,b83c74c,offense,00-0036971,4360310,Trevor Lawrence,QB,JAX,NE,2026-09-27T17:00:00.000000+0000,17.775522182348652,21.968,17.44,ACTIVE,false,,4.131754615760261,29.36802561464527
2026,3,2026-09-27T16:05:09.357359+0000,b83c74c,offense,00-0036972,4241464,Mac Jones,QB,SF,ARI,2026-09-27T20:05:00.000000+0000,2.330110767171382,4.491999999999999,0.0,ACTIVE,false,,-0.3720601949113331,10.841053237915165
2026,3,2026-09-27T16:05:09.357359+0000,b83c74c,offense,00-0036973,4239996,Travis Etienne,RB,NO,LV,2026-09-27T20:25:00.000000+0000,12.19061880417784,10.900000000000002,11.94,ACTIVE,false,,2.7153926350004887,22.80591232560555
2026,3,2026-09-27T16:05:09.357359+0000,b83c74c,offense,00-0036980,4372414,Elijah Moore,WR,PHI,CHI,2026-09-29T00:15:00.000000+0000,2.507457566311512,1.9400000000000017,0.0,ACTIVE,false,,-0.008804672896011364,8.6881509679116
2026,3,2026-09-27T16:05:09.357359+0000,b83c74c,offense,00-0036988,4242433,Josh Palmer,WR,BUF,LAC,2026-09-27T17:00:00.000000+0000,5.605457315953765,5.24,2.63,ACTIVE,false,,0.737068610194962,12.583957281085354
2026,3,2026-09-27T16:05:09.357359+0000,b83c74c,offense,00-0036997,4361579,Javonte Williams,RB,DAL,BAL,2026-09-27T20:25:00.000000+0000,15.7285442934497,13.0,15.0,ACTIVE,false,,4.0491709081268095,27.7935055804005
2026,3,2026-09-27T16:05:09.357359+0000,b83c74c,offense,00-0037004,4239944,Hunter Long,TE,ARI,SF,2026-09-27T20:05:00.000000+0000,1.2834951160002803,1.0400000000000005,1.04,ACTIVE,false,,-0.003374823339117852,3.0659982336242666
2026,3,2026-09-27T16:05:09.357359+0000,b83c74c,offense,00-0037005,4372780,Tommy Tremble,TE,CAR,CLE,2026-09-27T17:00:00.000000+0000,4.94295670404876,4.58,4.77,ACTIVE,false,,-0.003180664591035745,12.440097128239893
2026,3,2026-09-27T16:05:09.357359+0000,b83c74c,offense,00-0037012,4383351,Trey Lance,QB,LAC,BUF,2026-09-27T17:00:00.000000+0000,6.214078553518701,5.180000000000001,0.0,ACTIVE,false,,0.05837970972316146,18.074929718887244
2026,3,2026-09-27T16:05:09.357359+0000,b83c74c,offense,00-0037013,4361259,Zach Wilson,QB,NO,LV,2026-09-27T20:25:00.000000+0000,1.515148759392549,0.08399999999999931,0.0,ACTIVE,false,,-0.2580389152201159,8.818376549803508
2026,3,2026-09-27T16:05:09.357359+0000,b83c74c,offense,00-0037077,4426875,Sam Howell,QB,DAL,BAL,2026-09-27T20:25:00.000000+0000,4.719951293217728,2.2960000000000003,0.0,ACTIVE,false,,-0.010441840171149235,16.084698109472402
2026,3,2026-09-27T16:05:09.357359+0000,b83c74c,offense,00-0037085,4362748,Tyler Badie,RB,DEN,LA,2026-09-28T00:20:00.000000+0000,4.159171657817293,2.3600000000000003,1.76,ACTIVE,false,,0.02780634943437635,9.920338231036228
2026,3,2026-09-27T16:05:09.357359+0000,b83c74c,offense,00-0037093,4401805,Dareke Young,WR,LV,NO,2026-09-27T20:25:00.000000+0000,1.249525053340847,0.74,1.06,ACTIVE,false,,-0.002481731325417669,4.0187572433027805
2026,3,2026-09-27T16:05:09.357359+0000,b83c74c,offense,00-0037120,4429676,Tyler Goodson,RB,DAL,BAL,2026-09-27T20:25:00.000000+0000,1.1593754878074705,0.24000000000000005,0.0,ACTIVE,false,,-0.03860696206587981,4.08782583694773
2026,3,2026-09-27T16:05:09.357359+0000,b83c74c,offense,00-0037132,3926231,Britain Covey,WR,PHI,CHI,2026-09-29T00:15:00.000000+0000,1.381087140328564,0.7999999999999996,,,false,,-1.0325024418913894e-6,4.135898144210322
2026,3,2026-09-27T16:05:09.357359+0000,b83c74c,offense,00-0037157,4427728,Bam Knight,RB,ARI,SF,2026-09-27T20:05:00.000000+0000,2.617866269355409,5.08,0.0,ACTIVE,false,,-0.00922671110616735,6.725739624117918
2026,3,2026-09-27T16:05:09.357359+0000,b83c74c,offense,00-0037228,4569987,Jaylen Warren,RB,PIT,CIN,2026-09-27T17:00:00.000000+0000,11.685645592477938,14.080000000000002,14.92,ACTIVE,true,RB/WR/TE,3.0905047764282076,22.36886161197568
2026,3,2026-09-27T16:05:09.357359+0000,b83c74c,offense,00-0037231,4372758,Kevin Austin Jr.,WR,NO,LV,2026-09-27T20:25:00.000000+0000,3.2342749062191394,5.68,,,false,,0.12224645861307394,10.109581046533805
2026,3,2026-09-27T16:05:09.357359+0000,b83c74c,offense,00-0037239,4361370,Chris Olave,WR,NO,LV,2026-09-27T20:25:00.000000+0000,17.373076882341188,26.8,17.75,ACTIVE,false,,4.192754615760261,28.954017654972198
2026,3,2026-09-27T16:05:09.357359+0000,b83c74c,offense,00-0037240,4426388,Jameson Williams,WR,DET,NYJ,2026-09-27T17:00:00.000000+0000,11.857099334941793,8.98,10.92,ACTIVE,false,,2.218766527015638,23.101831440434307
2026,3,2026-09-27T16:05:09.357359+0000,b83c74c,offense,00-0037247,4426354,George Pickens,WR,DAL,BAL,2026-09-27T20:25:00.000000+0000,11.886030187482806,11.1,13.81,ACTIVE,false,,2.32141648312131,24.11418861064382
2026,3,2026-09-27T16:05:09.357359+0000,b83c74c,offense,00-0037248,4379399,James Cook,RB,BUF,LAC,2026-09-27T17:00:00.000000+0000,15.152403556802831,13.48,16.95,ACTIVE,false,,3.3980212043526143,27.957863085413898
2026,3,2026-09-27T16:05:09.357359+0000,b83c74c,offense,00-0037252,4367209,Greg Dulcich,TE,MIA,KC,2026-09-27T17:00:00.000000+0000,5.61146401022663,7.0600000000000005,6.44,ACTIVE,false,,0.47776999946451376,12.704852285858657
2026,3,2026-09-27T16:05:09.357359+0000,b83c74c,offense,00-0037256,4697815,Rachaad White,RB,WAS,SEA,2026-09-27T17:00:00.000000+0000,8.418542925605921,7.359999999999999,9.3,ACTIVE,true,BE,1.6214214657970474,16.982235273849916
2026,3,2026-09-27T16:05:09.357359+0000,b83c74c,offense,00-0037261,4373678,Khalil Shakir,WR,BUF,LAC,2026-09-27T17:00:00.000000+0000,9.626943340341045,8.84,10.34,ACTIVE,false,,2.317807536271267,20.495855995724906
2026,3,2026-09-27T16:05:09.357359+0000,b83c74c,offense,00-0037263,4373626,Tyler Allgeier,RB,ARI,SF,2026-09-27T20:05:00.000000+0000,7.909395698999029,5.28,7.52,ACTIVE,false,,1.0539031251245623,16.85902440236264
2026,3,2026-09-27T16:05:09.357359+0000,b83c74c,offense,00-0037291,4382466,Jalen Nailor,WR,LV,NO,2026-09-27T20:25:00.000000+0000,5.550437142526696,3.1,6.31,ACTIVE,false,,-0.0026026509613980725,14.183047654537614
2026,3,2026-09-27T16:05:09.357359+0000,b83c74c,offense,00-0037292,4722908,Andrew Ogletree,TE,IND,HOU,2026-09-27T17:00:00.000000+0000,1.5238266316799993,0.41999999999999976,1.0,ACTIVE,false,,-1.8666200978069575e-6,3.1520369185747
2026,3,2026-09-27T16:05:09.357359+0000,b83c74c,offense,00-0037304,4241961,Connor Heyward,RB,LV,NO,2026-09-27T20:25:00.000000+0000,1.8948964886618442,0.0,0.8,ACTIVE,false,,-0.016567592974046457,6.524976766271632
2026,3,2026-09-27T16:05:09.357359+0000,b83c74c,offense,00-0037311,4034779,Ko Kieft,TE,TB,MIN,2026-09-27T20:05:00.000000+0000,0.7977363712642984,0.0,0.0,ACTIVE,false,,0.0,0.47863126977538695
2026,3,2026-09-27T16:05:09.357359+0000,b83c74c,offense,00-0037524,4245144,Tay Martin,WR,DET,NYJ,2026-09-27T17:00:00.000000+0000,0.8936665582174079,0.8600000000000001,0.0,ACTIVE,false,,-4.829252974754621e-7,2.3518778375426734
2026,3,2026-09-27T16:05:09.357359+0000,b83c74c,offense,00-0037545,4032473,Rashid Shaheed,WR,SEA,WAS,2026-09-27T17:00:00.000000+0000,5.428873227670176,4.08,10.95,ACTIVE,false,,0.1111023693241238,14.028056087425258
2026,3,2026-09-27T16:05:09.357359+0000,b83c74c,offense,00-0037594,4367567,Julius Chestnut,RB,TEN,NYG,2026-09-27T17:00:00.000000+0000,0.8840014102085216,0.02,0.0,ACTIVE,false,,-0.02177878883324656,2.617230782363177
2026,3,2026-09-27T16:05:09.357359+0000,b83c74c,offense,00-0037614,4567096,John Metchie III,WR,CAR,CLE,2026-09-27T17:00:00.000000+0000,2.8269461800544406,4.08,0.53,ACTIVE,false,,-0.012738019178894564,7.9640424434657335
2026,3,2026-09-27T16:05:09.357359+0000,b83c74c,offense,00-0037666,4249417,Jalen Tolbert,WR,MIA,KC,2026-09-27T17:00:00.000000+0000,2.6745919759785957,1.42,2.76,ACTIVE,false,,-0.009270653628459524,10.501851392902575
2026,3,2026-09-27T16:05:09.357359+0000,b83c74c,offense,00-0037740,4569618,Garrett Wilson,WR,NYJ,DET,2026-09-27T17:00:00.000000+0000,12.862410238906628,10.799999999999999,14.72,ACTIVE,false,,2.8334326775596628,22.40236885390259
2026,3,2026-09-27T16:05:09.357359+0000,b83c74c,offense,00-0037742,4567156,Treylon Burks,WR,WAS,SEA,2026-09-27T17:00:00.000000+0000,3.917576302467308,2.06,0.48,ACTIVE,false,,0.08609653712175562,11.514856796333145
2026,3,2026-09-27T16:05:09.357359+0000,b83c74c,offense,00-0037744,4361307,Trey McBride,TE,ARI,SF,2026-09-27T20:05:00.000000+0000,18.646244808134973,17.28,16.52,ACTIVE,false,,4.192754615760261,29.070622144611256
2026,3,2026-09-27T16:05:09.357359+0000,b83c74c,offense,00-0037745,4035693,Velus Jones Jr.,RB,SEA,WAS,2026-09-27T17:00:00.000000+0000,1.1679661533912553,0.64,0.0,ACTIVE,false,,-0.07693263142165636,4.4681178990692105
2026,3,2026-09-27T16:05:09.357359+0000,b83c74c,offense,00-0037755,4241410,Jelani Woods,TE,NYJ,DET,2026-09-27T17:00:00.000000+0000,0.9503749436580512,0.27999999999999997,1.66,ACTIVE,false,,-5.003061166169156e-7,3.219958730168835
2026,3,2026-09-27T16:05:09.357359+0000,b83c74c,offense,00-0037801,3676833,KaVontae Turpin,WR,DAL,BAL,2026-09-27T20:25:00.000000+0000,2.6929612836511065,4.58,2.14,ACTIVE,false,,-0.009245303021496972,7.852947065258071
2026,3,2026-09-27T16:05:09.357359+0000,b83c74c,offense,00-0037805,4361372,Jeremy Ruckert,TE,NYJ,DET,2026-09-27T17:00:00.000000+0000,2.394740783766166,1.7,3.51,ACTIVE,false,,6.13006719305611e-6,7.078094307705227
2026,3,2026-09-27T16:05:09.357359+0000,b83c74c,offense,00-0037809,4360635,Chig Okonkwo,TE,WAS,SEA,2026-09-27T17:00:00.000000+0000,7.421240272213465,8.8,0.0,OUT,false,,0.5276373338712903,15.63711806243136
2026,3,2026-09-27T16:05:09.357359+0000,b83c74c,offense,00-0037816,4361432,Romeo Doubs,WR,NE,JAX,2026-09-27T17:00:00.000000+0000,7.044356146717737,9.360000000000001,11.51,ACTIVE,false,,0.7766938626955061,16.38260028406557
2026,3,2026-09-27T16:05:09.357359+0000,b83c74c,offense,00-0037834,4361741,Brock Purdy,QB,SF,ARI,2026-09-27T20:05:00.000000+0000,22.09612713581172,24.516000000000002,20.81,ACTIVE,true,BE,4.131754615760261,34.4053658598263
2026,3,2026-09-27T16:05:09.357359+0000,b83c74c,offense,00-0037838,4361050,Isaiah Likely,TE,NYG,TEN,2026-09-27T17:00:00.000000+0000,10.107830689911186,9.4,12.25,ACTIVE,false,,2.8079421803633773,18.673427468328708
2026,3,2026-09-27T16:05:09.357359+0000,b83c74c,offense,00-0037840,4430737,Kyren Williams,RB,LA,DEN,2026-09-28T00:20:00.000000+0000,13.77903922645175,13.960000000000003,12.97,ACTIVE,false,,3.983013046426163,24.66834087038587
2026,3,2026-09-27T16:05:09.357359+0000,b83c74c,offense,00-0038041,4242355,Jake Ferguson,TE,DAL,BAL,2026-09-27T20:25:00.000000+0000,8.131910312160425,7.38,8.71,ACTIVE,false,,1.4270007299228367,17.650389332320415
2026,3,2026-09-27T16:05:09.357359+0000,b83c74c,offense,00-0038046,4241263,Charlie Kolar,TE,LAC,BUF,2026-09-27T17:00:00.000000+0000,2.141455850202046,1.5799999999999996,0.0,OUT,false,,-1.788372651673347e-6,5.776873761938484
2026,3,2026-09-27T16:05:09.357359+0000,b83c74c,offense,00-0038102,4240703,Kenny Pickett,QB,CAR,CLE,2026-09-27T17:00:00.000000+0000,2.6512729474297547,0.5840000000000002,0.0,ACTIVE,false,,-0.14668624680590486,10.781544144651807
2026,3,2026-09-27T16:05:09.357359+0000,b83c74c,offense,00-0038104,4362921,Tyquan Thornton,WR,KC,MIA,2026-09-27T17:00:00.000000+0000,5.555005273786979,4.640000000000001,5.29,ACTIVE,false,,0.24587586423318014,12.953577589256255
2026,3,2026-09-27T16:05:09.357359+0000,b83c74c,offense,00-0038115,4361516,Daniel Bellinger,TE,TEN,NYG,2026-09-27T17:00:00.000000+0000,2.645290737247712,3.3200000000000003,2.02,ACTIVE,false,,8.338692186766567e-6,6.383739197926932
2026,3,2026-09-27T16:05:09.357359+0000,b83c74c,offense,00-0038117,4569587,Wan'Dale Robinson,WR,TEN,NYG,2026-09-27T17:00:00.000000+0000,9.666468989845477,10.92,8.02,ACTIVE,false,,1.2493568005673759,20.620495767119717
2026,3,2026-09-27T16:05:09.357359+0000,b83c74c,offense,00-0038120,4427366,Breece Hall,RB,NYJ,DET,2026-09-27T17:00:00.000000+0000,13.550988180479566,13.780000000000001,16.16,ACTIVE,false,,3.7674799467463465,25.761025380577614
2026,3,2026-09-27T16:05:09.357359+0000,b83c74c,offense,00-0038128,4242512,Malik Willis,QB,MIA,KC,2026-09-27T17:00:00.000000+0000,13.075934274323078,14.904,14.71,ACTIVE,false,,2.5613714655004522,23.187634606351526
2026,3,2026-09-27T16:05:09.357359+0000,b83c74c,offense,00-0038129,4243331,Cade Otton,TE,TB,MIN,2026-09-27T20:05:00.000000+0000,10.560629992756569,9.52,7.48,ACTIVE,false,,1.5507987029119163,19.495974983677417
2026,3,2026-09-27T16:05:09.357359+0000,b83c74c,offense,00-0038134,4567048,Kenneth Walker III,RB,KC,MIA,2026-09-27T17:00:00.000000+0000,19.65837238881405,21.660000000000004,21.0,ACTIVE,false,,4.192754615760261,32.30392156266373
2026,3,2026-09-27T16:05:09.357359+0000,b83c74c,offense,00-0038359,4386544,Xavier Smith,WR,LA,DEN,2026-09-28T00:20:00.000000+0000,2.3657954103411307,4.0,4.1,ACTIVE,false,,-0.008668613602831563,6.810065680725976
2026,3,2026-09-27T16:05:09.357359+0000,b83c74c,offense,00-0038393,4428850,Dontayvion Wicks,WR,PHI,CHI,2026-09-29T00:15:00.000000+0000,7.773589047515025,6.840000000000001,9.9,ACTIVE,false,,1.6021927346246532,17.61604581716516
2026,3,2026-09-27T16:05:09.357359+0000,b83c74c,offense,00-0038400,4685201,Tanner McKee,QB,PHI,CHI,2026-09-29T00:15:00.000000+0000,4.336615125161822,6.524000000000001,0.0,ACTIVE,false,,0.15181729959892107,16.842546433337507
2026,3,2026-09-27T16:05:09.357359+0000,b83c74c,offense,00-0038409,4428119,Lew Nichols III,RB,PIT,CIN,2026-09-27T17:00:00.000000+0000,1.001642391232844,0.0,,,false,,-0.005956376809437223,3.5917948505567825
2026,3,2026-09-27T16:05:09.357359+0000,b83c74c,offense,00-0038416,4434153,Tyson Bagent,QB,CHI,PHI,2026-09-29T00:15:00.000000+0000,4.920599467398826,0.9880000000000002,0.0,QUESTIONABLE,false,,-0.09632295380447391,13.946843459618563
2026,3,2026-09-27T16:05:09.357359+0000,b83c74c,offense,00-0038454,4596334,Keaton Mitchell,RB,LAC,BUF,2026-09-27T17:00:00.000000+0000,3.770958005509241,2.62,5.04,ACTIVE,false,,-0.0014376150107792854,9.722147170401247
2026,3,2026-09-27T16:05:09.357359+0000,b83c74c,offense,00-0038476,4240391,Tommy DeVito,QB,NE,JAX,2026-09-27T17:00:00.000000+0000,3.5793904144683144,3.3480000000000003,0.0,ACTIVE,false,,-0.36717453262725613,16.213133192313943
2026,3,2026-09-27T16:05:09.357359+0000,b83c74c,offense,00-0038488,4243176,Brady Russell,RB,SEA,WAS,2026-09-27T17:00:00.000000+0000,1.5863509565121308,0.8,0.0,ACTIVE,false,,-0.0024612181603551673,4.968602763196475
2026,3,2026-09-27T16:05:09.357359+0000,b83c74c,offense,00-0038489,4372070,Ben VanSumeren,RB,KC,MIA,2026-09-27T17:00:00.000000+0000,0.9471800937892959,0.2,,,false,,-0.00895202220687582,3.422619774793067
2026,3,2026-09-27T16:05:09.357359+0000,b83c74c,offense,00-0038498,4248557,E.J. Jenkins,TE,PHI,CHI,2026-09-29T00:15:00.000000+0000,0.8929909243648805,1.54,1.56,ACTIVE,false,,-0.009075411524899817,1.6451319648432743
2026,3,2026-09-27T16:05:09.357359+0000,b83c74c,offense,00-0038519,4372716,Nikko Remigio,WR,KC,MIA,2026-09-27T17:00:00.000000+0000,0.8713028090093767,0.0,0.11,ACTIVE,false,,0.0,2.0989253592982413
2026,3,2026-09-27T16:05:09.357359+0000,b83c74c,offense,00-0038543,4430878,Jaxon Smith-Njigba,WR,SEA,WAS,2026-09-27T17:00:00.000000+0000,18.033735800052266,24.580000000000002,20.83,ACTIVE,false,,4.192754615760261,29.527545023925743
2026,3,2026-09-27T16:05:09.357359+0000,b83c74c,offense,00-0038544,4429025,Quentin Johnston,WR,LAC,BUF,2026-09-27T17:00:00.000000+0000,9.617792994614996,8.819999999999999,10.87,ACTIVE,false,,0.7903997833839647,20.450388155157032
2026,3,2026-09-27T16:05:09.357359+0000,b83c74c,offense,00-0038547,4372096,Luke Schoonmaker,TE,DAL,BAL,2026-09-27T20:25:00.000000+0000,1.2837712763035354,1.5800000000000005,1.1,ACTIVE,false,,-2.1069024871982418e-7,4.121648973185239
2026,3,2026-09-27T16:05:09.357359+0000,b83c74c,offense,00-0038551,4599739,Kendre Miller,RB,NO,LV,2026-09-27T20:25:00.000000+0000,5.229553298583873,6.459999999999999,0.0,ACTIVE,false,,0.7508397148248667,11.355235253831491
2026,3,2026-09-27T16:05:09.357359+0000,b83c74c,offense,00-0038555,4429013,Tank Bigsby,RB,PHI,CHI,2026-09-29T00:15:00.000000+0000,6.4373205993142975,8.26,3.4,ACTIVE,false,,0.7633593394451132,16.113804790027928
2026,3,2026-09-27T16:05:09.357359+0000,b83c74c,offense,00-0038558,4430802,Darnell Washington,TE,PIT,CIN,2026-09-27T17:00:00.000000+0000,3.5455639628902427,3.8199999999999994,3.75,ACTIVE,false,,-0.0007643405911577748,8.478112737719826
2026,3,2026-09-27T16:05:09.357359+0000,b83c74c,offense,00-0038559,4360761,Michael Wilson,WR,ARI,SF,2026-09-27T20:05:00.000000+0000,11.33415668331105,13.680000000000001,11.32,ACTIVE,false,,2.101061740083595,22.23145428919358
2026,3,2026-09-27T16:05:09.357359+0000,b83c74c,offense,00-0038563,4428718,Tre Tucker,WR,LV,NO,2026-09-27T20:25:00.000000+0000,11.20026014909662,10.459999999999997,9.81,ACTIVE,false,,2.474107838937356,20.32531175153908
2026,3,2026-09-27T16:05:09.357359+0000,b83c74c,offense,00-0038564,4372026,Cameron Latu,TE,NE,JAX,2026-09-27T17:00:00.000000+0000,0.9253949275172625,0.0,0.0,ACTIVE,false,,0.0,1.8556392864118032
2026,3,2026-09-27T16:05:09.357359+0000,b83c74c,offense,00-0038573,4362477,Derius Davis,WR,LAC,BUF,2026-09-27T17:00:00.000000+0000,1.3790732036378672,0.3400000000000004,2.3,ACTIVE,false,,-0.0024825945997476377,5.180883522547367
2026,3,2026-09-27T16:05:09.357359+0000,b83c74c,offense,00-0038579,4260394,Aidan O'Connell,QB,LV,NO,2026-09-27T20:25:00.000000+0000,9.152430935371267,11.292,0.0,OUT,false,,1.3125501045115786,21.317883169388757
2026,3,2026-09-27T16:05:09.357359+0000,b83c74c,offense,00-0038597,4362238,Chase Brown,RB,CIN,PIT,2026-09-27T17:00:00.000000+0000,16.34925548159012,22.200000000000003,16.58,ACTIVE,false,,4.192754615760261,26.29498235548979
2026,3,2026-09-27T16:05:09.357359+0000,b83c74c,offense,00-0038606,4432620,Parker Washington,WR,JAX,NE,2026-09-27T17:00:00.000000+0000,15.08504331049109,20.259999999999998,15.01,ACTIVE,false,,4.192754615760261,26.393609178016277
2026,3,2026-09-27T16:05:09.357359+0000,b83c74c,offense,00-0038608,4429022,Kayshon Boutte,WR,HOU,IND,2026-09-27T17:00:00.000000+0000,5.96759673724372,4.16,8.9,ACTIVE,false,,0.12251060692837369,14.453111209079044
2026,3,2026-09-27T16:05:09.357359+0000,b83c74c,offense,00-0038611,4362619,Chris Rodriguez Jr.,RB,JAX,NE,2026-09-27T17:00:00.000000+0000,7.164883175004924,7.6,4.33,ACTIVE,false,,0.46443547621412073,16.3650463146789
2026,3,2026-09-27T16:05:09.357359+0000,b83c74c,offense,00-0038618,4686422,Xavier Hutchinson,WR,HOU,IND,2026-09-27T17:00:00.000000+0000,8.856888920918047,6.5200000000000005,9.55,ACTIVE,false,,1.8068039614024742,19.35713823364116
2026,3,2026-09-27T16:05:09.357359+0000,b83c74c,offense,00-0038621,4427095,DeMario Douglas,WR,NE,JAX,2026-09-27T17:00:00.000000+0000,4.81797687135655,3.4799999999999995,8.89,ACTIVE,false,,0.0259365584534329,13.485406416757872
2026,3,2026-09-27T16:05:09.357359+0000,b83c74c,offense,00-0038640,4692835,Jalen Brooks,WR,ARI,SF,2026-09-27T20:05:00.000000+0000,0.8921501819993285,0.0,0.04,ACTIVE,false,,-8.73671552155197e-7,2.4803425052447636
2026,3,2026-09-27T16:05:09.357359+0000,b83c74c,offense,00-0038643,4360290,Brayden Willis,TE,SF,ARI,2026-09-27T20:05:00.000000+0000,0.9892508048122194,0.0,0.0,ACTIVE,false,,0.0,2.330815395523985
2026,3,2026-09-27T16:05:09.357359+0000,b83c74c,offense,00-0038705,4362478,Emari Demercado,RB,DAL,BAL,2026-09-27T20:25:00.000000+0000,2.8077454147485916,3.04,3.79,ACTIVE,false,,-0.00006804916818225428,9.003804490711774
2026,3,2026-09-27T16:05:09.357359+0000,b83c74c,offense,00-0038710,4362018,Blake Whiteheart,TE,CLE,CAR,2026-09-27T17:00:00.000000+0000,2.6314161232994477,2.2199999999999998,2.88,ACTIVE,false,,0.00002875792134242254,6.507714425803512
2026,3,2026-09-27T16:05:09.357359+0000,b83c74c,offense,00-0038728,4430681,Jared Wayne,WR,HOU,IND,2026-09-27T17:00:00.000000+0000,4.993976726479027,2.3,6.61,ACTIVE,false,,0.1111023693241238,13.757439292355377
2026,3,2026-09-27T16:05:09.357359+0000,b83c74c,offense,00-0038738,4383396,Hunter Luepke,RB,DAL,BAL,2026-09-27T20:25:00.000000+0000,1.947366246837011,2.24,1.5,ACTIVE,false,,0.00002221924067333342,5.664997369380218
2026,3,2026-09-27T16:05:09.357359+0000,b83c74c,offense,00-0038740,4426990,Jalen Moreno-Cropper,WR,NO,LV,2026-09-27T20:25:00.000000+0000,1.0107756662380427,0.0,,,false,,-0.005976966130483744,3.3388322299086974
2026,3,2026-09-27T16:05:09.357359+0000,b83c74c,offense,00-0038783,4383440,Nate Adkins,TE,DEN,LA,2026-09-28T00:20:00.000000+0000,3.0032513313077027,2.5600000000000005,1.67,ACTIVE,false,,0.028513027606851746,6.718125025286746
2026,3,2026-09-27T16:05:09.357359+0000,b83c74c,offense,00-0038794,4722893,Jaleel McLaughlin,RB,CLE,CAR,2026-09-27T17:00:00.000000+0000,3.375622680366812,3.04,1.78,ACTIVE,false,,-0.0006049527489317071,9.876427808659635
2026,3,2026-09-27T16:05:09.357359+0000,b83c74c,offense,00-0038797,4887558,Emanuel Wilson,RB,SEA,WAS,2026-09-27T17:00:00.000000+0000,7.7303815094791455,5.380000000000001,8.89,ACTIVE,false,,1.243204724906936,17.135052303066608
2026,3,2026-09-27T16:05:09.357359+0000,b83c74c,offense,00-0038824,4369466,Ryan Miller,WR,MIA,KC,2026-09-27T17:00:00.000000+0000,2.394342734249738,2.94,3.69,ACTIVE,false,,0.25086982830493815,5.200428908390812
2026,3,2026-09-27T16:05:09.357359+0000,b83c74c,offense,00-0038840,4360763,Brycen Tremayne,WR,CAR,CLE,2026-09-27T17:00:00.000000+0000,1.0521047290441334,0.9400000000000001,0.52,ACTIVE,false,,-4.913291723152956e-7,3.7240249652646717
2026,3,2026-09-27T16:05:09.357359+0000,b83c74c,offense,00-0038896,4383429,Jacob Saylors,RB,DET,NYJ,2026-09-27T17:00:00.000000+0000,0.8936665582174079,0.0,0.02,ACTIVE,false,,0.0,2.159369128221965
2026,3,2026-09-27T16:05:09.357359+0000,b83c74c,offense,00-0038933,4385690,Dalton Kincaid,TE,BUF,LAC,2026-09-27T17:00:00.000000+0000,11.990430686813852,10.940000000000001,11.63,ACTIVE,false,,2.742252714833544,21.100126909727333
2026,3,2026-09-27T16:05:09.357359+0000,b83c74c,offense,00-0038935,4430539,Brenton Strange,TE,JAX,NE,2026-09-27T17:00:00.000000+0000,8.91298993057356,10.900000000000002,7.9,ACTIVE,false,,1.0342790530584345,17.009444139717576
2026,3,2026-09-27T16:05:09.357359+0000,b83c74c,offense,00-0038951,4430871,Sean Tucker,RB,TB,MIN,2026-09-27T20:05:00.000000+0000,3.1516702798373113,4.459999999999999,0.48,ACTIVE,false,,0.29702722431087697,10.234448337626445
2026,3,2026-09-27T16:05:09.357359+0000,b83c74c,offense,00-0038976,4686472,Marvin Mims Jr.,WR,DEN,LA,2026-09-28T00:20:00.000000+0000,2.5193090322002125,4.119999999999999,2.9,QUESTIONABLE,false,,-0.017216010872586618,7.850985066159149
2026,3,2026-09-27T16:05:09.357359+0000,b83c74c,offense,00-0038994,4429205,Jordan Addison,WR,MIN,TB,2026-09-27T20:05:00.000000+0000,6.195212254159746,4.6,10.57,ACTIVE,false,,-0.003180664591035745,15.728909675834204
2026,3,2026-09-27T16:05:09.357359+0000,b83c74c,offense,00-0038997,4688813,Josh Downs,WR,IND,HOU,2026-09-27T17:00:00.000000+0000,10.149145359477373,9.34,12.0,ACTIVE,false,,1.6755569055364412,20.082230905306076
2026,3,2026-09-27T16:05:09.357359+0000,b83c74c,offense,00-0038998,4243322,Jake Haener,QB,NYG,TEN,2026-09-27T17:00:00.000000+0000,2.3465536828205544,2.352,0.0,ACTIVE,false,,-0.3216135069034306,12.027172564833368
2026,3,2026-09-27T16:05:09.357359+0000,b83c74c,offense,00-0039021,4426386,Roschon Johnson,RB,CHI,PHI,2026-09-29T00:15:00.000000+0000,0.9329033736178425,0.34,0.0,ACTIVE,false,,-0.05780876334290745,2.2372171161714807
2026,3,2026-09-27T16:05:09.357359+0000,b83c74c,offense,00-0039032,4428557,Tyjae Spears,RB,TEN,NYG,2026-09-27T17:00:00.000000+0000,8.31084402753091,9.14,9.74,ACTIVE,false,,0.8954512680972889,17.557488673627102
2026,3,2026-09-27T16:05:09.357359+0000,b83c74c,offense,00-0039040,4429160,De'Von Achane,RB,MIA,KC,2026-09-27T17:00:00.000000+0000,14.584368190663673,14.760000000000002,19.42,ACTIVE,false,,3.597146681268373,27.307653689757878
2026,3,2026-09-27T16:05:09.357359+0000,b83c74c,offense,00-0039041,4426844,Elijah Higgins,TE,ARI,SF,2026-09-27T20:05:00.000000+0000,1.9141043753400933,4.380000000000001,1.04,ACTIVE,false,,-0.012044970645565907,4.7199838665344345
2026,3,2026-09-27T16:05:09.357359+0000,b83c74c,offense,00-0039050,4372505,Payne Durham,TE,TB,MIN,2026-09-27T20:05:00.000000+0000,0.9726699792595244,0.0,0.0,ACTIVE,false,,-0.0024818724026416847,1.6212163455716277
2026,3,2026-09-27T16:05:09.357359+0000,b83c74c,offense,00-0039062,4426485,Jonathan Mingo,WR,DAL,BAL,2026-09-27T20:25:00.000000+0000,1.235632530162941,0.4,0.49,ACTIVE,false,,-4.497091251273784e-7,4.317248523443108
2026,3,2026-09-27T16:05:09.357359+0000,b83c74c,offense,00-0039064,4429615,Zay Flowers,WR,BAL,DAL,2026-09-27T20:25:00.000000+0000,14.911403140362896,21.160000000000004,15.65,QUESTIONABLE,false,,3.0879797208289848,26.553061413970195
2026,3,2026-09-27T16:05:09.357359+0000,b83c74c,offense,00-0039065,4430027,Sam LaPorta,TE,DET,NYJ,2026-09-27T17:00:00.000000+0000,14.024139816909617,12.7,11.19,ACTIVE,false,,3.2181176100931057,22.607323348888592
2026,3,2026-09-27T16:05:09.357359+0000,b83c74c,offense,00-0039066,4429086,Michael Mayer,TE,LV,NO,2026-09-27T20:25:00.000000+0000,9.740140541247184,8.419999999999998,6.25,ACTIVE,false,,1.2184133943443145,17.6781249896117
2026,3,2026-09-27T16:05:09.357359+0000,b83c74c,offense,00-0039067,4428331,Rashee Rice,WR,KC,MIA,2026-09-27T17:00:00.000000+0000,14.481516737314603,14.219999999999999,12.73,ACTIVE,false,,2.0429418817502762,23.699996375353326
2026,3,2026-09-27T16:05:09.357359+0000,b83c74c,offense,00-0039074,4426553,Davis Allen,TE,LA,DEN,2026-09-28T00:20:00.000000+0000,2.702422921760732,1.8800000000000001,1.69,ACTIVE,false,,-0.00008779577481591355,7.070900971876324
2026,3,2026-09-27T16:05:09.357359+0000,b83c74c,offense,00-0039075,4426515,Puka Nacua,WR,LA,DEN,2026-09-28T00:20:00.000000+0000,15.985831244492708,25.7,0.0,DOUBTFUL,false,,3.9197575419351605,28.1495247111787
2026,3,2026-09-27T16:05:09.357359+0000,b83c74c,offense,00-0039107,4259553,Stetson Bennett,QB,LA,DEN,2026-09-28T00:20:00.000000+0000,2.523456657861929,1.42,0.0,ACTIVE,false,,-0.21584340583527278,12.32083096458069
2026,3,2026-09-27T16:05:09.357359+0000,b83c74c,offense,00-0039139,4429795,Jahmyr Gibbs,RB,DET,NYJ,2026-09-27T17:00:00.000000+0000,23.216490007711034,21.28,25.35,ACTIVE,false,,4.192754615760261,35.37130916322042
2026,3,2026-09-27T16:05:09.357359+0000,b83c74c,offense,00-0039150,4685720,Bryce Young,QB,CAR,CLE,2026-09-27T17:00:00.000000+0000,15.992256873159839,19.711999999999996,16.75,ACTIVE,false,,4.131754615760261,28.09017030690744
2026,3,2026-09-27T16:05:09.357359+0000,b83c74c,offense,00-0039163,4432577,C.J. Stroud,QB,HOU,IND,2026-09-27T17:00:00.000000+0000,14.737894982188132,15.196000000000002,16.09,ACTIVE,false,,3.9206564959647903,27.324064097403298
2026,3,2026-09-27T16:05:09.357359+0000,b83c74c,offense,00-0039164,4429084,Anthony Richardson,QB,IND,HOU,2026-09-27T17:00:00.000000+0000,6.8170076800373955,11.588,0.0,ACTIVE,false,,0.5898619094394721,19.960511694973615
2026,3,2026-09-27T16:05:09.357359+0000,b83c74c,offense,00-0039299,4429835,George Holani,RB,SEA,WAS,2026-09-27T17:00:00.000000+0000,4.424144906023176,3.2,3.17,ACTIVE,false,,-0.005063800539951003,11.75631983498284
2026,3,2026-09-27T16:05:09.357359+0000,b83c74c,offense,00-0039337,4595348,Malik Nabers,WR,NYG,TEN,2026-09-27T17:00:00.000000+0000,9.522350781357478,11.8,14.43,ACTIVE,false,,2.043885265146311,20.07042554840418
2026,3,2026-09-27T16:05:09.357359+0000,b83c74c,offense,00-0039338,4432665,Brock Bowers,TE,LV,NO,2026-09-27T20:25:00.000000+0000,9.061634433775579,14.3,14.18,QUESTIONABLE,false,,0.8460685357937018,16.418807914400972
2026,3,2026-09-27T16:05:09.357359+0000,b83c74c,offense,00-0039342,4430034,Xavier Legette,WR,CAR,CLE,2026-09-27T17:00:00.000000+0000,4.443535802961378,3.4200000000000004,5.67,OUT,false,,-0.0026026509613980725,12.115530902677273
2026,3,2026-09-27T16:05:09.357359+0000,b83c74c,offense,00-0039355,4426948,Luke McCaffrey,WR,WAS,SEA,2026-09-27T17:00:00.000000+0000,2.2442336686933917,4.340000000000001,0.0,ACTIVE,false,,-0.008099801481795448,7.326145739205832
2026,3,2026-09-27T16:05:09.357359+0000,b83c74c,offense,00-0039356,4431588,Ja'Tavion Sanders,TE,CAR,CLE,2026-09-27T17:00:00.000000+0000,1.8421477285062862,2.6000000000000005,0.0,OUT,false,,-0.007321717370539597,4.773497948357705
2026,3,2026-09-27T16:05:09.357359+0000,b83c74c,offense,00-0039359,4426496,Cade Stover,TE,HOU,IND,2026-09-27T17:00:00.000000+0000,1.1213409062910016,1.08,0.53,ACTIVE,false,,-1.8130981359669702e-6,3.7654537963003465
2026,3,2026-09-27T16:05:09.357359+0000,b83c74c,offense,00-0039361,4596448,Bucky Irving,RB,TB,MIN,2026-09-27T20:05:00.000000+0000,14.08575152582936,11.9,15.78,ACTIVE,false,,3.9834814425969762,24.066416601648175
2026,3,2026-09-27T16:05:09.357359+0000,b83c74c,offense,00-0039364,4912274,Sione Vaki,RB,DET,NYJ,2026-09-27T17:00:00.000000+0000,2.1514579077232248,1.1600000000000001,4.35,ACTIVE,false,,-0.002461226004970346,6.26578433015615
2026,3,2026-09-27T16:05:09.357359+0000,b83c74c,offense,00-0039365,4575665,Jacob Cowing,WR,SF,ARI,2026-09-27T20:05:00.000000+0000,1.8337531825545017,1.1400000000000001,3.62,ACTIVE,false,,-0.009086577306058378,6.274089310857582
2026,3,2026-09-27T16:05:09.357359+0000,b83c74c,offense,00-0039376,4426339,Spencer Rattler,QB,NO,LV,2026-09-27T20:25:00.000000+0000,6.6155198816333565,8.068000000000001,0.0,ACTIVE,false,,0.02991638153564241,19.059398099865852
2026,3,2026-09-27T16:05:09.357359+0000,b83c74c,offense,00-0039384,4360516,Tyrone Tracy Jr.,RB,NYG,TEN,2026-09-27T17:00:00.000000+0000,6.995897422119076,8.760000000000002,0.03,ACTIVE,false,,0.7473122040098874,15.156070910062924
2026,3,2026-09-27T16:05:09.357359+0000,b83c74c,offense,00-0039391,4430968,Kimani Vidal,RB,LAC,BUF,2026-09-27T17:00:00.000000+0000,1.9510424751072637,1.78,0.79,ACTIVE,false,,-0.007876688722843908,5.623647035637097
2026,3,2026-09-27T16:05:09.357359+0000,b83c74c,offense,00-0039407,4366963,Dylan Laube,RB,LV,NO,2026-09-27T20:25:00.000000+0000,0.9319001452316875,0.0,0.05,ACTIVE,false,,0.0,3.2313907655641065
2026,3,2026-09-27T16:05:09.357359+0000,b83c74c,offense,00-0039410,5083754,Ryan Flournoy,WR,DAL,BAL,2026-09-27T20:25:00.000000+0000,8.145581976781713,8.22,8.05,ACTIVE,false,,0.8518277876419238,17.981616975621307
2026,3,2026-09-27T16:05:09.357359+0000,b83c74c,offense,00-0039424,4569559,Devaughn Vele,WR,NO,LV,2026-09-27T20:25:00.000000+0000,12.600510450259861,14.7,11.51,ACTIVE,false,,3.3508324781707706,23.310179414805354
2026,3,2026-09-27T16:05:09.357359+0000,b83c74c,offense,00-0039451,4569371,Isaiah Williams,WR,NYJ,DET,2026-09-27T17:00:00.000000+0000,6.974187393585594,6.780000000000001,6.99,ACTIVE,false,,0.6884334826494616,16.307483449208583
2026,3,2026-09-27T16:05:09.357359+0000,b83c74c,offense,00-0039489,4428396,Hayden Rucci,TE,LAC,BUF,2026-09-27T17:00:00.000000+0000,0.9381210137405287,0.0,2.17,ACTIVE,false,,-0.005976966130483744,1.6008291179877872
2026,3,2026-09-27T16:05:09.357359+0000,b83c74c,offense,00-0039491,4695883,Jalen Coker,WR,CAR,CLE,2026-09-27T17:00:00.000000+0000,12.956025309847508,15.280000000000001,13.83,ACTIVE,false,,3.768076092880988,23.953020795724104
2026,3,2026-09-27T16:05:09.357359+0000,b83c74c,offense,00-0039518,4430684,Treyton Welch,TE,NO,LV,2026-09-27T20:25:00.000000+0000,0.9084441339345404,0.0,0.0,ACTIVE,false,,0.0,1.134536190917649
2026,3,2026-09-27T16:05:09.357359+0000,b83c74c,offense,00-0039530,4360967,Brevyn Spann-Ford,TE,DAL,BAL,2026-09-27T20:25:00.000000+0000,2.374336460740233,2.5,1.69,ACTIVE,false,,-0.0007162087402074948,6.4043927925536694
2026,3,2026-09-27T16:05:09.357359+0000,b83c74c,offense,00-0039589,5097554,Kameron Johnson,WR,TB,MIN,2026-09-27T20:05:00.000000+0000,0.8978833085066104,0.0,0.03,ACTIVE,false,,0.0,2.337491455861749
2026,3,2026-09-27T16:05:09.357359+0000,b83c74c,offense,00-0039603,4373273,British Brooks,RB,HOU,IND,2026-09-27T17:00:00.000000+0000,1.4370292548325443,1.2600000000000002,0.14,ACTIVE,false,,-0.026828028224037525,4.672953170153685
2026,3,2026-09-27T16:05:09.357359+0000,b83c74c,offense,00-0039648,4360978,David Martin-Robinson,TE,TEN,NYG,2026-09-27T17:00:00.000000+0000,1.062915079224959,0.8600000000000001,0.0,ACTIVE,false,,-1.341052619794347e-6,1.9157780619654776
2026,3,2026-09-27T16:05:09.357359+0000,b83c74c,offense,00-0039686,4361088,Colson Yankoff,TE,WAS,SEA,2026-09-27T17:00:00.000000+0000,1.0624590092570074,0.4800000000000001,0.97,ACTIVE,false,,-0.002415763345022074,2.4359833234088906
2026,3,2026-09-27T16:05:09.357359+0000,b83c74c,offense,00-0039732,4426338,Bo Nix,QB,DEN,LA,2026-09-28T00:20:00.000000+0000,15.203476215776234,12.951999999999998,16.56,ACTIVE,false,,2.973102379587863,27.42168894444242
2026,3,2026-09-27T16:05:09.357359+0000,b83c74c,offense,00-0039738,4429096,Blake Corum,RB,LA,DEN,2026-09-28T00:20:00.000000+0000,7.201557636480377,7.68,8.98,ACTIVE,false,,1.118155953785957,16.32809914642863
2026,3,2026-09-27T16:05:09.357359+0000,b83c74c,offense,00-0039739,4431492,Roman Wilson,WR,PIT,CIN,2026-09-27T17:00:00.000000+0000,6.726787416942557,2.6799999999999993,7.11,ACTIVE,false,,0.7301960866852669,15.759742634125596
2026,3,2026-09-27T16:05:09.357359+0000,b83c74c,offense,00-0039746,4431545,Will Shipley,RB,PHI,CHI,2026-09-29T00:15:00.000000+0000,3.923583038724622,2.3800000000000003,2.21,ACTIVE,false,,-0.001877304399081716,10.318041579527483
2026,3,2026-09-27T16:05:09.357359+0000,b83c74c,offense,00-0039751,4569382,Jordan Whittington,WR,LA,DEN,2026-09-28T00:20:00.000000+0000,1.5907702279977904,0.9400000000000001,6.02,ACTIVE,false,,-9.694742645140512e-9,5.919864594848152
2026,3,2026-09-27T16:05:09.357359+0000,b83c74c,offense,00-0039792,4696882,Devontez Walker,WR,BAL,DAL,2026-09-27T20:25:00.000000+0000,2.7430427808473934,3.66,2.17,ACTIVE,false,,0.02851329180105285,7.695460737810847
2026,3,2026-09-27T16:05:09.357359+0000,b83c74c,offense,00-0039793,4576297,AJ Barner,TE,SEA,WAS,2026-09-27T17:00:00.000000+0000,7.263202158475286,8.580000000000002,6.56,ACTIVE,false,,0.2691719310182131,13.998206590356302
2026,3,2026-09-27T16:05:09.357359+0000,b83c74c,offense,00-0039794,4685247,Braelon Allen,RB,NYJ,DET,2026-09-27T17:00:00.000000+0000,5.439853391162482,4.18,6.62,ACTIVE,false,,0.24647446885406307,11.630888902761502
2026,3,2026-09-27T16:05:09.357359+0000,b83c74c,offense,00-0039796,4690013,Rasheen Ali,RB,BAL,DAL,2026-09-27T20:25:00.000000+0000,0.9407316461758293,1.0,0.0,ACTIVE,false,,-1.029135428448959e-6,2.7248612188940733
2026,3,2026-09-27T16:05:09.357359+0000,b83c74c,offense,00-0039798,4695404,Isaiah Davis,RB,NYJ,DET,2026-09-27T17:00:00.000000+0000,2.670278717315564,5.74,0.0,ACTIVE,false,,0.02754279913640455,7.224253166781558
2026,3,2026-09-27T16:05:09.357359+0000,b83c74c,offense,00-0039814,4427834,Erick All,TE,CIN,PIT,2026-09-27T17:00:00.000000+0000,2.4487801017969075,2.4200000000000004,2.18,ACTIVE,false,,7.0692905459731216e-6,6.805441789448573
2026,3,2026-09-27T16:05:09.357359+0000,b83c74c,offense,00-0039816,4429684,Anthony Gould,WR,IND,HOU,2026-09-27T17:00:00.000000+0000,0.9466833054737805,0.26,,,false,,0.00006355978892964615,2.349821400832998
2026,3,2026-09-27T16:05:09.357359+0000,b83c74c,offense,00-0039824,4430723,Jared Wiley,TE,KC,MIA,2026-09-27T17:00:00.000000+0000,0.9438118549518664,0.27999999999999997,0.0,OUT,false,,-0.03929170148519196,1.6606425253940604
2026,3,2026-09-27T16:05:09.357359+0000,b83c74c,offense,00-0039847,4429148,Theo Johnson,TE,NYG,TEN,2026-09-27T17:00:00.000000+0000,4.305846931028886,3.6,2.89,ACTIVE,false,,0.2531622799990912,9.58688938767804
2026,3,2026-09-27T16:05:09.357359+0000,b83c74c,offense,00-0039849,4432708,Marvin Harrison Jr.,WR,ARI,SF,2026-09-27T20:05:00.000000+0000,4.868848621961143,3.9200000000000004,7.05,ACTIVE,false,,-0.0007643405911577748,11.50067493672856
2026,3,2026-09-27T16:05:09.357359+0000,b83c74c,offense,00-0039851,4431452,Drake Maye,QB,NE,JAX,2026-09-27T17:00:00.000000+0000,14.95909442121242,17.944,18.64,ACTIVE,false,,3.2956335569686246,28.24653801749357
2026,3,2026-09-27T16:05:09.357359+0000,b83c74c,offense,00-0039855,4430834,Jalen McMillan,WR,TB,MIN,2026-09-27T20:05:00.000000+0000,3.1864646963227967,5.98,5.8,ACTIVE,false,,0.022296869972936964,9.704244436492402
2026,3,2026-09-27T16:05:09.357359+0000,b83c74c,offense,00-0039868,4431280,Troy Franklin,WR,DEN,LA,2026-09-28T00:20:00.000000+0000,3.5985941900880234,4.1,3.12,ACTIVE,false,,-0.0014582060020245486,10.010103750233254
2026,3,2026-09-27T16:05:09.357359+0000,b83c74c,offense,00-0039874,4682745,Jaylen Wright,RB,MIA,KC,2026-09-27T17:00:00.000000+0000,3.180784245625251,4.58,0.0,OUT,false,,0.07463618812656443,8.960457248678338
2026,3,2026-09-27T16:05:09.357359+0000,b83c74c,offense,00-0039875,4429501,Ray Davis,RB,BUF,LAC,2026-09-27T17:00:00.000000+0000,4.548613722481459,6.74,1.42,ACTIVE,false,,0.10825707726354268,12.81606252617976
2026,3,2026-09-27T16:05:09.357359+0000,b83c74c,offense,00-0039880,4569603,Malik Washington,WR,MIA,KC,2026-09-27T17:00:00.000000+0000,8.822856029940358,7.7,9.87,ACTIVE,false,,1.3355699964643737,18.437193356193887
2026,3,2026-09-27T16:05:09.357359+0000,b83c74c,offense,00-0039890,4597500,Adonai Mitchell,WR,NYJ,DET,2026-09-27T17:00:00.000000+0000,9.83307193715375,6.76,10.63,OUT,false,,1.8948794552919264,19.644705073433393
2026,3,2026-09-27T16:05:09.357359+0000,b83c74c,offense,00-0039893,4432773,Brian Thomas Jr.,WR,JAX,NE,2026-09-27T17:00:00.000000+0000,8.03142665160028,6.720000000000001,10.67,ACTIVE,false,,1.0842699934001812,17.63100405805176
2026,3,2026-09-27T16:05:09.357359+0000,b83c74c,offense,00-0039894,4683062,Xavier Worthy,WR,KC,MIA,2026-09-27T17:00:00.000000+0000,9.65666552162599,6.0,11.42,ACTIVE,false,,1.7472858346855273,19.53419021953076
2026,3,2026-09-27T16:05:09.357359+0000,b83c74c,offense,00-0039901,4635008,Keon Coleman,WR,BUF,LAC,2026-09-27T17:00:00.000000+0000,7.289422303491684,5.18,6.36,ACTIVE,false,,0.7640997304844768,15.209997936406928
2026,3,2026-09-27T16:05:09.357359+0000,b83c74c,offense,00-0039910,4426348,Jayden Daniels,QB,WAS,SEA,2026-09-27T17:00:00.000000+0000,15.651087984072264,13.616,0.0,OUT,false,,4.022009449943246,28.0049999256725
2026,3,2026-09-27T16:05:09.357359+0000,b83c74c,offense,00-0039912,4690923,Ben Sinnott,TE,WAS,SEA,2026-09-27T17:00:00.000000+0000,1.8700733502003721,2.26,5.0,ACTIVE,false,,-0.00002316020687883648,5.600728258207579
2026,3,2026-09-27T16:05:09.357359+0000,b83c74c,offense,00-0039915,4612826,Ladd McConkey,WR,LAC,BUF,2026-09-27T17:00:00.000000+0000,10.082180221858769,9.62,13.58,ACTIVE,false,,1.9508597140878907,19.173355262885785
2026,3,2026-09-27T16:05:09.357359+0000,b83c74c,offense,00-0039918,4431611,Caleb Williams,QB,CHI,PHI,2026-09-29T00:15:00.000000+0000,17.071846027348464,21.112000000000002,0.0,OUT,false,,4.131754615760261,30.386747218288992
2026,3,2026-09-27T16:05:09.357359+0000,b83c74c,offense,00-0039919,4431299,Rome Odunze,WR,CHI,PHI,2026-09-29T00:15:00.000000+0000,8.62806832243638,6.340000000000002,9.94,ACTIVE,false,,1.1728569347387274,16.79064787359155
2026,3,2026-09-27T16:05:09.357359+0000,b83c74c,offense,00-0039920,4613104,Malachi Corley,WR,CLE,CAR,2026-09-27T17:00:00.000000+0000,1.9051833542994634,2.66,0.02,ACTIVE,false,,-0.004474504210332995,5.432695977040059
2026,3,2026-09-27T16:05:09.357359+0000,b83c74c,offense,00-0039923,4433970,J.J. McCarthy,QB,MIN,TB,2026-09-27T20:05:00.000000+0000,9.335270954263446,12.139999999999999,0.0,ACTIVE,false,,1.9191732871958975,22.3318106025302
2026,3,2026-09-27T16:05:09.357359+0000,b83c74c,offense,00-0040014,4433971,Kyle McCord,QB,MIA,KC,2026-09-27T17:00:00.000000+0000,3.415508611026348,13.152835538752349,0.0,ACTIVE,false,,-0.10784385717064082,15.111458713149045
2026,3,2026-09-27T16:05:09.357359+0000,b83c74c,offense,00-0040024,4715355,Darius Cooper,WR,PHI,CHI,2026-09-29T00:15:00.000000+0000,3.821343696126572,3.66,2.52,ACTIVE,false,,0.026641314024503995,10.588952534333837
2026,3,2026-09-27T16:05:09.357359+0000,b83c74c,offense,00-0040058,4569547,Nick Kallerup,TE,SEA,WAS,2026-09-27T17:00:00.000000+0000,1.0467391751532535,0.0,0.0,ACTIVE,false,,0.0,2.428434161091224
2026,3,2026-09-27T16:05:09.357359+0000,b83c74c,offense,00-0040075,4690143,LaJohntay Wester,WR,BAL,DAL,2026-09-27T20:25:00.000000+0000,2.2932687257723083,1.1800000000000002,3.74,ACTIVE,false,,-0.0024836006872260225,6.59070338811011
2026,3,2026-09-27T16:05:09.357359+0000,b83c74c,offense,00-0040078,4596602,Brashard Smith,RB,KC,MIA,2026-09-27T17:00:00.000000+0000,2.955184891165,3.7600000000000002,0.01,ACTIVE,false,,-0.018360455831960144,9.47759594210131
2026,3,2026-09-27T16:05:09.357359+0000,b83c74c,offense,00-0040081,4431196,Jake Briningstool,TE,KC,MIA,2026-09-27T17:00:00.000000+0000,1.2696357193668522,0.95,0.55,ACTIVE,false,,-6.860229723025088e-9,2.991797010365446
2026,3,2026-09-27T16:05:09.357359+0000,b83c74c,offense,00-0040122,4890973,Ashton Jeanty,RB,LV,NO,2026-09-27T20:25:00.000000+0000,16.594942789626117,19.3,18.87,ACTIVE,false,,4.192754615760261,29.26687098618937
2026,3,2026-09-27T16:05:09.357359+0000,b83c74c,offense,00-0040124,4685472,Tetairoa McMillan,WR,CAR,CLE,2026-09-27T17:00:00.000000+0000,12.703311338078601,11.780000000000003,14.25,ACTIVE,false,,3.7761532433104628,23.67296302876701
2026,3,2026-09-27T16:05:09.357359+0000,b83c74c,offense,00-0040126,4723086,Colston Loveland,TE,CHI,PHI,2026-09-29T00:15:00.000000+0000,10.1426494993599,10.76,9.69,ACTIVE,false,,1.3944110929274622,19.11306144246422
2026,3,2026-09-27T16:05:09.357359+0000,b83c74c,offense,00-0040128,4431459,Tyler Warren,TE,IND,HOU,2026-09-27T17:00:00.000000+0000,12.220792480154033,9.520000000000001,12.3,ACTIVE,true,TE,2.491891897448541,20.712368161971362
2026,3,2026-09-27T16:05:09.357359+0000,b83c74c,offense,00-0040129,4567750,Emeka Egbuka,WR,TB,MIN,2026-09-27T20:05:00.000000+0000,10.367847514345549,6.6800000000000015,12.37,ACTIVE,false,,1.8407234245612871,19.89125654005477
2026,3,2026-09-27T16:05:09.357359+0000,b83c74c,offense,00-0040131,4613202,Kyle Williams,WR,NE,JAX,2026-09-27T17:00:00.000000+0000,2.0661995395206008,4.0200000000000005,5.2,ACTIVE,false,,-0.00008981451751149162,7.083701741323857
2026,3,2026-09-27T16:05:09.357359+0000,b83c74c,offense,00-0040134,4600981,Pat Bryant,WR,DEN,LA,2026-09-28T00:20:00.000000+0000,6.807563158310883,6.659999999999999,5.77,ACTIVE,false,,0.5561765432861213,15.848649167025046
2026,3,2026-09-27T16:05:09.357359+0000,b83c74c,offense,00-0040138,4586312,Jaylin Noel,WR,HOU,IND,2026-09-27T17:00:00.000000+0000,5.335710875069313,5.92,7.55,ACTIVE,false,,0.3336449913401728,11.473847210927046
2026,3,2026-09-27T16:05:09.357359+0000,b83c74c,offense,00-0040154,4565185,Tai Felton,WR,MIN,TB,2026-09-27T20:05:00.000000+0000,0.7755143783691522,0.72,0.0,ACTIVE,false,,-0.002482223569737149,2.471853099267272
2026,3,2026-09-27T16:05:09.357359+0000,b83c74c,offense,00-0040164,4602667,Jaylin Lane,WR,WAS,SEA,2026-09-27T17:00:00.000000+0000,1.3129824227522244,1.48,0.23,ACTIVE,false,,-9.64169682857652e-9,4.451885586031615
2026,3,2026-09-27T16:05:09.357359+0000,b83c74c,offense,00-0040170,4883647,Elic Ayomanor,WR,TEN,NYG,2026-09-27T17:00:00.000000+0000,8.542925611480234,9.5,4.78,ACTIVE,false,,1.235417957240309,17.495678199920114
2026,3,2026-09-27T16:05:09.357359+0000,b83c74c,offense,00-0040172,4431466,Jordan Watkins,WR,SF,ARI,2026-09-27T20:05:00.000000+0000,1.1083229359931512,1.1500000000000001,1.17,ACTIVE,false,,-0.007346800759967118,4.183648321941716
2026,3,2026-09-27T16:05:09.357359+0000,b83c74c,offense,00-0040177,4685397,Jordan James,RB,SF,ARI,2026-09-27T20:05:00.000000+0000,1.959152868523535,0.75,0.0,ACTIVE,false,,-0.008438116799394938,5.905954899293204
2026,3,2026-09-27T16:05:09.357359+0000,b83c74c,offense,00-0040179,4874509,DJ Giddens,RB,IND,HOU,2026-09-27T17:00:00.000000+0000,1.3343812068331076,1.04,0.0,OUT,false,,-0.042156798942862825,5.215122723908923
2026,3,2026-09-27T16:05:09.357359+0000,b83c74c,offense,00-0040187,4683243,Mitchell Evans,TE,CAR,CLE,2026-09-27T17:00:00.000000+0000,3.0755992432017356,2.5200000000000005,1.6,ACTIVE,false,,-0.0007534504309534565,7.845941987947543
2026,3,2026-09-27T16:05:09.357359+0000,b83c74c,offense,00-0040189,4595342,Oronde Gadsden II,TE,LAC,BUF,2026-09-27T17:00:00.000000+0000,4.405043633105162,6.640000000000001,8.68,ACTIVE,false,,0.4959524322818907,10.306495092119565
2026,3,2026-09-27T16:05:09.357359+0000,b83c74c,offense,00-0040194,4573699,Jackson Hawes,TE,BUF,LAC,2026-09-27T17:00:00.000000+0000,1.4778831322368984,1.1199999999999999,0.55,ACTIVE,false,,-5.003311431754916e-7,3.3570454845120046
2026,3,2026-09-27T16:05:09.357359+0000,b83c74c,offense,00-0040198,4711533,Ollie Gordon II,RB,MIA,KC,2026-09-27T17:00:00.000000+0000,1.8512785487004582,0.54,3.23,ACTIVE,false,,-0.0002828235286868123,5.449865861221259
2026,3,2026-09-27T16:05:09.357359+0000,b83c74c,offense,00-0040203,4429955,Will Howard,QB,PIT,CIN,2026-09-27T17:00:00.000000+0000,3.415508611026348,13.152835538752349,0.0,OUT,false,,-0.10784385717064082,14.981086358123463
2026,3,2026-09-27T16:05:09.357359+0000,b83c74c,offense,00-0040206,4683423,Riley Leonard,QB,IND,HOU,2026-09-27T17:00:00.000000+0000,4.797064238803067,6.2,0.0,OUT,false,,-0.008347904756642252,18.311273250336512
2026,3,2026-09-27T16:05:09.357359+0000,b83c74c,offense,00-0040208,4429299,Tahj Brooks,RB,CIN,PIT,2026-09-27T17:00:00.000000+0000,1.0260549900501101,0.8200000000000001,0.03,ACTIVE,false,,-0.013620172179123998,3.158894740783084
2026,3,2026-09-27T16:05:09.357359+0000,b83c74c,offense,00-0040215,4708049,Gavin Bartholomew,TE,MIN,TB,2026-09-27T20:05:00.000000+0000,2.63314566136216,4.085499036608864,0.0,ACTIVE,false,,-0.013636982654628508,8.172316662295543
2026,3,2026-09-27T16:05:09.357359+0000,b83c74c,offense,00-0040225,4590292,Thomas Fidone II,TE,NYG,TEN,2026-09-27T17:00:00.000000+0000,0.9644262769916655,0.0,0.0,OUT,false,,-0.005976966130483744,1.7217742086941086
2026,3,2026-09-27T16:05:09.357359+0000,b83c74c,offense,00-0040234,4889929,Quinn Ewers,QB,JAX,NE,2026-09-27T17:00:00.000000+0000,7.692232366713253,8.295,0.0,ACTIVE,false,,0.4179092487415962,20.67255867947373
2026,3,2026-09-27T16:05:09.357359+0000,b83c74c,offense,00-0040236,4608686,Kyle Monangai,RB,CHI,PHI,2026-09-29T00:15:00.000000+0000,10.706658917490133,10.820000000000002,8.46,ACTIVE,false,,2.121612217424526,18.894826689850678
2026,3,2026-09-27T16:05:09.357359+0000,b83c74c,offense,00-0040237,4608810,Tez Johnson,WR,TB,MIN,2026-09-27T20:05:00.000000+0000,4.304705096185702,2.7,2.29,ACTIVE,false,,-0.0026026509613980725,11.837953960019055
2026,3,2026-09-27T16:05:09.357359+0000,b83c74c,offense,00-0040238,4911851,LeQuint Allen Jr.,RB,JAX,NE,2026-09-27T17:00:00.000000+0000,1.3621910525776524,0.26,1.68,ACTIVE,false,,0.00001973533894780485,4.662919983405088
2026,3,2026-09-27T16:05:09.357359+0000,b83c74c,offense,00-0040242,4575131,Jacory Croskey-Merritt,RB,WAS,SEA,2026-09-27T17:00:00.000000+0000,9.140984778060231,10.459999999999999,8.77,ACTIVE,false,,1.6191846801934613,20.076970795759724
2026,3,2026-09-27T16:05:09.357359+0000,b83c74c,offense,00-0040277,5160110,Jahdae Walker,WR,CHI,PHI,2026-09-29T00:15:00.000000+0000,3.60340821698527,6.76,0.46,ACTIVE,false,,0.1172853443131001,11.276626351307511
2026,3,2026-09-27T16:05:09.357359+0000,b83c74c,offense,00-0040331,,Patrick Herbert,TE,LAC,BUF,2026-09-27T17:00:00.000000+0000,2.620096907378407,4.085499036608864,,,false,,-0.013636982680571725,7.337620851129656
2026,3,2026-09-27T16:05:09.357359+0000,b83c74c,offense,00-0040363,4688552,Keleki Latu,TE,BUF,LAC,2026-09-27T17:00:00.000000+0000,1.0318754131934467,1.22,0.0,ACTIVE,false,,-5.647228604018596e-7,2.008738019055172
2026,3,2026-09-27T16:05:09.357359+0000,b83c74c,offense,00-0040390,4602788,Jackson Meeks,TE,DET,NYJ,2026-09-27T17:00:00.000000+0000,0.9005847264813414,0.0,0.0,ACTIVE,false,,0.0,0.6492728761756729
2026,3,2026-09-27T16:05:09.357359+0000,b83c74c,offense,00-0040394,,Anthony Tyus III,RB,CAR,CLE,2026-09-27T17:00:00.000000+0000,2.6646969694565517,7.4285552865213775,,,false,,-0.013636982680571725,9.512860390726999
2026,3,2026-09-27T16:05:09.357359+0000,b83c74c,offense,00-0040398,4429435,Brady Cook,QB,MIA,KC,2026-09-27T17:00:00.000000+0000,5.796148635595027,5.692,0.0,OUT,false,,0.03462835754702731,17.59995935016136
2026,3,2026-09-27T16:05:09.357359+0000,b83c74c,offense,00-0040405,4892576,Jamaal Pritchett,WR,NYJ,DET,2026-09-27T17:00:00.000000+0000,2.8083276002664883,6.379183108341985,,,false,,-0.0045622688516437125,9.539050525497633
2026,3,2026-09-27T16:05:09.357359+0000,b83c74c,offense,00-0040464,4429020,DJ Uiagalelei,QB,LAC,BUF,2026-09-27T17:00:00.000000+0000,3.3764170341155797,13.152835538752349,,,false,,-0.10784385713151087,15.414294386502508
2026,3,2026-09-27T16:05:09.357359+0000,b83c74c,offense,00-0040466,4601080,Raheim Sanders,RB,CLE,CAR,2026-09-27T17:00:00.000000+0000,4.1336441696153665,4.34,4.62,ACTIVE,false,,0.0951364334641615,11.190336493423429
2026,3,2026-09-27T16:05:09.357359+0000,b83c74c,offense,00-0040506,4430656,Myles Price,WR,MIN,TB,2026-09-27T20:05:00.000000+0000,1.037434896784413,0.0,0.13,ACTIVE,false,,0.00006399278575119411,3.9025907875550523
2026,3,2026-09-27T16:05:09.357359+0000,b83c74c,offense,00-0040534,4570738,Ke'Shawn Williams,WR,CIN,PIT,2026-09-27T17:00:00.000000+0000,1.1469616236227727,0.5,0.0,ACTIVE,false,,-0.04217687131190891,4.297252131730712
2026,3,2026-09-27T16:05:09.357359+0000,b83c74c,offense,00-0040556,4431431,Corey Kiner,RB,NE,JAX,2026-09-27T17:00:00.000000+0000,2.7344166917343085,1.86,0.0,ACTIVE,false,,-0.0006967292076086923,7.450566729711953
2026,3,2026-09-27T16:05:09.357359+0000,b83c74c,offense,00-0040563,4695193,Efton Chism III,WR,NE,JAX,2026-09-27T17:00:00.000000+0000,2.106112375166426,3.46,0.54,ACTIVE,false,,-1.830119447524486e-6,7.115140105528554
2026,3,2026-09-27T16:05:09.357359+0000,b83c74c,offense,00-0040583,4429059,Woody Marks,RB,HOU,IND,2026-09-27T17:00:00.000000+0000,8.751297027416905,6.720000000000001,8.75,ACTIVE,false,,1.3897466181862583,17.89055282250465
2026,3,2026-09-27T16:05:09.357359+0000,b83c74c,offense,00-0040584,4686728,Gunnar Helm,TE,TEN,NYG,2026-09-27T17:00:00.000000+0000,6.050655449704565,5.8,7.88,ACTIVE,false,,0.113127671930788,10.897093017182216
2026,3,2026-09-27T16:05:09.357359+0000,b83c74c,offense,00-0040589,4430431,Kurtis Rourke,QB,SF,ARI,2026-09-27T20:05:00.000000+0000,3.33392723381156,13.152835538752349,0.0,ACTIVE,false,,-0.10784385717064082,14.653575331728714
2026,3,2026-09-27T16:05:09.357359+0000,b83c74c,offense,00-0040590,4710855,Konata Mumpfield,WR,LA,DEN,2026-09-28T00:20:00.000000+0000,2.893968657284015,2.44,4.42,ACTIVE,false,,-0.00863920098294487,8.65910702014251
2026,3,2026-09-27T16:05:09.357359+0000,b83c74c,offense,00-0040621,4600597,Montorie Foster Jr,WR,SEA,WAS,2026-09-27T17:00:00.000000+0000,1.0186643004384683,0.0,0.0,OUT,false,,0.0,3.098907597122561
2026,3,2026-09-27T16:05:09.357359+0000,b83c74c,offense,00-0040646,5082630,Jalen Royals,WR,KC,MIA,2026-09-27T17:00:00.000000+0000,2.927338690753791,2.2,1.62,ACTIVE,false,,0.02794162651726176,8.51430263845234
2026,3,2026-09-27T16:05:09.357359+0000,b83c74c,offense,00-0040648,4597703,Tory Horton,WR,SEA,WAS,2026-09-27T17:00:00.000000+0000,3.9195388043717934,6.74,1.12,ACTIVE,false,,0.11573445984869643,11.951586481436788
2026,3,2026-09-27T16:05:09.357359+0000,b83c74c,offense,00-0040663,5083076,Harold Fannin Jr.,TE,CLE,CAR,2026-09-27T17:00:00.000000+0000,8.626346965158945,11.4,9.79,ACTIVE,false,,0.895431048168241,16.30228973061928
2026,3,2026-09-27T16:05:09.357359+0000,b83c74c,offense,00-0040666,4685382,Omarion Hampton,RB,LAC,BUF,2026-09-27T17:00:00.000000+0000,14.102963713333718,13.959999999999999,15.01,ACTIVE,false,,3.710484368771875,24.199721858910422
2026,3,2026-09-27T16:05:09.357359+0000,b83c74c,offense,00-0040668,4432762,Shedeur Sanders,QB,CLE,CAR,2026-09-27T17:00:00.000000+0000,7.645794084798013,12.52,0.0,ACTIVE,false,,0.5752880460926144,22.011555286500585
2026,3,2026-09-27T16:05:09.357359+0000,b83c74c,offense,00-0040669,5123663,Isaac TeSlaa,WR,DET,NYJ,2026-09-27T17:00:00.000000+0000,6.401299808499684,7.3,5.27,ACTIVE,false,,0.5167639601994503,15.118648171336421
2026,3,2026-09-27T16:05:09.357359+0000,b83c74c,offense,00-0040673,4432734,Jalen Milroe,QB,SEA,WAS,2026-09-27T17:00:00.000000+0000,1.7498924155474473,-0.5333333333333333,0.0,OUT,false,,-0.1487497026401704,8.405027399248123
2026,3,2026-09-27T16:05:09.357359+0000,b83c74c,offense,00-0040676,4688380,Cam Ward,QB,TEN,NYG,2026-09-27T17:00:00.000000+0000,12.803599898739384,15.191999999999998,13.86,ACTIVE,false,,3.4149646543204732,25.00299532638067
2026,3,2026-09-27T16:05:09.357359+0000,b83c74c,offense,00-0040705,4431268,Chimere Dike,WR,TEN,NYG,2026-09-27T17:00:00.000000+0000,2.614679554575535,6.12,0.92,ACTIVE,false,,-0.009246627232469235,7.345851547344217
2026,3,2026-09-27T16:05:09.357359+0000,b83c74c,offense,00-0040715,4696981,Cam Skattebo,RB,NYG,TEN,2026-09-27T17:00:00.000000+0000,11.615453340102706,16.6,13.99,ACTIVE,true,RB,2.4788725340476248,21.09074886914234
2026,3,2026-09-27T16:05:09.357359+0000,b83c74c,offense,00-0040718,4685415,Travis Hunter,WR,JAX,NE,2026-09-27T17:00:00.000000+0000,4.162232141255714,0.0,3.45,ACTIVE,false,,0.3317898325975771,11.697953873463367
2026,3,2026-09-27T16:05:09.357359+0000,b83c74c,offense,00-0040719,4882093,Bhayshul Tuten,RB,JAX,NE,2026-09-27T17:00:00.000000+0000,9.194265862729777,8.02,11.0,ACTIVE,false,,2.234440818466527,18.189893710267555
2026,3,2026-09-27T16:05:09.357359+0000,b83c74c,offense,00-0040727,4686612,Tre Harris,WR,LAC,BUF,2026-09-27T17:00:00.000000+0000,7.698389832590704,5.6000000000000005,7.94,ACTIVE,false,,0.5752129570288038,16.14854703735719
2026,3,2026-09-27T16:05:09.357359+0000,b83c74c,offense,00-0040729,4603186,Jack Bech,WR,LV,NO,2026-09-27T20:25:00.000000+0000,5.108520256257206,5.16,4.74,ACTIVE,false,,0.6160017181228511,11.358673905131253
2026,3,2026-09-27T16:05:09.357359+0000,b83c74c,offense,00-0040730,4568490,RJ Harvey,RB,DEN,LA,2026-09-28T00:20:00.000000+0000,10.364630418770163,12.719999999999999,9.1,ACTIVE,false,,2.6294524149858627,20.692639484824817
2026,3,2026-09-27T16:05:09.357359+0000,b83c74c,offense,00-0040734,4432710,TreVeyon Henderson,RB,NE,JAX,2026-09-27T17:00:00.000000+0000,11.472135855757978,14.280000000000001,10.5,ACTIVE,false,,2.680004371769827,20.589310078485482
2026,3,2026-09-27T16:05:09.357359+0000,b83c74c,offense,00-0040735,4685278,Luther Burden III,WR,CHI,PHI,2026-09-29T00:15:00.000000+0000,9.373037934110883,13.080000000000002,11.16,ACTIVE,false,,1.8465735713331692,20.06860466200975
2026,3,2026-09-27T16:05:09.357359+0000,b83c74c,offense,00-0040736,4808766,Mason Taylor,TE,NYJ,DET,2026-09-27T17:00:00.000000+0000,4.169968409659965,4.220000000000001,0.0,OUT,false,,0.08609653712175562,11.234354484695057
2026,3,2026-09-27T16:05:09.357359+0000,b83c74c,offense,00-0040737,4570037,Terrance Ferguson,TE,LA,DEN,2026-09-28T00:20:00.000000+0000,8.197348213544707,8.940000000000001,10.6,ACTIVE,false,,1.5719990072406984,15.821345415117689
2026,3,2026-09-27T16:05:09.357359+0000,b83c74c,offense,00-0040739,4678006,Elijah Arroyo,TE,SEA,WAS,2026-09-27T17:00:00.000000+0000,1.4198938397199088,0.8400000000000001,2.57,ACTIVE,false,,-5.257336855752802e-6,4.382738790338608
2026,3,2026-09-27T16:05:09.357359+0000,b83c74c,offense,00-0040743,4360689,Tyler Shough,QB,NO,LV,2026-09-27T20:25:00.000000+0000,17.163983735955917,21.276,18.88,ACTIVE,false,,4.131754615760261,27.694963101123747
2026,3,2026-09-27T16:05:09.357359+0000,b83c74c,offense,00-0040782,4808839,Isaiah Bond,WR,CLE,CAR,2026-09-27T17:00:00.000000+0000,1.6707064647595327,1.86,0.46,ACTIVE,false,,-1.1813036322371128e-6,5.780764727943476
2026,3,2026-09-27T16:05:09.357359+0000,b83c74c,offense,00-0040784,4685702,Quinshon Judkins,RB,CLE,CAR,2026-09-27T17:00:00.000000+0000,10.140582590527455,8.2,13.72,ACTIVE,false,,2.1192565026508894,21.120007681443266
2026,3,2026-09-27T16:05:09.357359+0000,b83c74c,offense,00-0040785,4384852,Dohnte Meyers,WR,CIN,PIT,2026-09-27T17:00:00.000000+0000,2.330326719845279,1.9000000000000001,3.34,ACTIVE,false,,-4.906451609967604e-6,6.511166181603705
2026,3,2026-09-27T16:05:09.357359+0000,b83c74c,offense,00-0040867,4870795,Makai Lemon,WR,PHI,CHI,2026-09-29T00:15:00.000000+0000,5.453264354203857,2.2,7.26,ACTIVE,false,,-0.0014582060020245486,13.127389187625269
2026,3,2026-09-27T16:05:09.357359+0000,b83c74c,offense,00-0040876,5088338,Elijah Sarratt,WR,BAL,DAL,2026-09-27T20:25:00.000000+0000,2.670387810667889,6.379183108341985,0.0,ACTIVE,false,,-0.0045622688516437125,9.722918582869294
2026,3,2026-09-27T16:05:09.357359+0000,b83c74c,offense,00-0040878,4686658,Mike Washington Jr.,RB,LV,NO,2026-09-27T20:25:00.000000+0000,3.347891010735003,2.4000000000000004,3.71,ACTIVE,false,,-0.0007328594397081933,9.46359034247961
2026,3,2026-09-27T16:05:09.357359+0000,b83c74c,offense,00-0040879,4432260,Matthew Hibner,TE,BAL,DAL,2026-09-27T20:25:00.000000+0000,1.4721299561639891,1.15,0.53,ACTIVE,false,,-6.860229723025088e-9,4.272010641093459
2026,3,2026-09-27T16:05:09.357359+0000,b83c74c,offense,00-0040886,4685555,Nicholas Singleton,RB,TEN,NYG,2026-09-27T17:00:00.000000+0000,2.149232926983839,1.0,1.42,ACTIVE,false,,-0.008387287029485721,6.647812726435764
2026,3,2026-09-27T16:05:09.357359+0000,b83c74c,offense,00-0040887,4876132,Josh Cuevas,TE,BAL,DAL,2026-09-27T20:25:00.000000+0000,1.0980897248991435,0.0,0.0,ACTIVE,false,,0.0,1.752169761262384
2026,3,2026-09-27T16:05:09.357359+0000,b83c74c,offense,00-0040890,4912218,Cyrus Allen,WR,KC,MIA,2026-09-27T17:00:00.000000+0000,1.1098503633833003,0.0,1.08,ACTIVE,false,,-1.0019722692397387e-8,3.1188798658100896
2026,3,2026-09-27T16:05:09.357359+0000,b83c74c,offense,00-0040891,4879250,Cole Payton,QB,PHI,CHI,2026-09-29T00:15:00.000000+0000,3.3115634846035285,13.152835538752349,0.0,ACTIVE,false,,-0.10784385712942043,15.0550339638825
2026,3,2026-09-27T16:05:09.357359+0000,b83c74c,offense,00-0040894,5150247,Malik Benson,WR,LV,NO,2026-09-27T20:25:00.000000+0000,2.591733252885108,0.4,1.75,ACTIVE,false,,-0.0007798641209139896,7.866699403587494
2026,3,2026-09-27T16:05:09.357359+0000,b83c74c,offense,00-0040906,4567747,Garrett Nussmeier,QB,KC,MIA,2026-09-27T17:00:00.000000+0000,3.3115634846035285,13.152835538752349,0.0,OUT,false,,-0.10784385713151087,14.824831305706184
2026,3,2026-09-27T16:05:09.357359+0000,b83c74c,offense,00-0040930,4808759,Camden Brown,WR,DAL,BAL,2026-09-27T20:25:00.000000+0000,2.732289257545882,6.379183108341985,0.0,ACTIVE,false,,-0.0045622688516437125,9.93837574924471
2026,3,2026-09-27T16:05:09.357359+0000,b83c74c,offense,00-0040981,4429582,Joe Fagnano,QB,BAL,DAL,2026-09-27T20:25:00.000000+0000,3.5861536026632823,13.152835538752349,0.0,ACTIVE,false,,-0.10784385713151087,14.897564439999154
2026,3,2026-09-27T16:05:09.357359+0000,b83c74c,offense,00-0041013,4832955,Emmett Johnson,RB,KC,MIA,2026-09-27T17:00:00.000000+0000,5.9245853457314634,7.15,6.12,ACTIVE,false,,0.544695912720539,14.260319123295108
2026,3,2026-09-27T16:05:09.357359+0000,b83c74c,offense,00-0041027,4870808,Jeremiyah Love,RB,ARI,SF,2026-09-27T20:05:00.000000+0000,10.647116897358412,10.25,12.77,ACTIVE,false,,2.1905932310446428,20.23940749356014
2026,3,2026-09-27T16:05:09.357359+0000,b83c74c,offense,00-0041032,5083315,Kenyon Sadiq,TE,NYJ,DET,2026-09-27T17:00:00.000000+0000,6.210043063190918,7.550000000000001,8.42,ACTIVE,false,,0.8071706681221965,14.731322457222348
2026,3,2026-09-27T16:05:09.357359+0000,b83c74c,offense,00-0041037,4832800,Denzel Boston,WR,CLE,CAR,2026-09-27T17:00:00.000000+0000,12.670016224913516,17.2,11.31,ACTIVE,false,,2.225359826233138,23.237878966806147
2026,3,2026-09-27T16:05:09.357359+0000,b83c74c,offense,00-0041040,5081432,Antonio Williams,WR,WAS,SEA,2026-09-27T17:00:00.000000+0000,8.315374430703809,10.899999999999999,5.12,ACTIVE,false,,1.342519402152476,16.959698027561313
2026,3,2026-09-27T16:05:09.357359+0000,b83c74c,offense,00-0041041,4702559,Oscar Delp,TE,NO,LV,2026-09-27T20:25:00.000000+0000,1.7631721225879686,1.8,0.56,ACTIVE,false,,-4.839064665689528e-6,4.520361368232486
2026,3,2026-09-27T16:05:09.357359+0000,b83c74c,offense,00-0041042,4682648,Malachi Fields,WR,NYG,TEN,2026-09-27T17:00:00.000000+0000,8.175972011625774,4.75,8.26,ACTIVE,false,,0.5637427958289992,16.669585236475527
2026,3,2026-09-27T16:05:09.357359+0000,b83c74c,offense,00-0041048,5220680,Ted Hurst III,WR,TB,MIN,2026-09-27T20:05:00.000000+0000,8.617001400365464,5.65,5.83,ACTIVE,false,,1.4137614748854008,18.449809626478306
2026,3,2026-09-27T16:05:09.357359+0000,b83c74c,offense,00-0041051,4869748,Zavion Thomas,WR,CHI,PHI,2026-09-29T00:15:00.000000+0000,1.1265232713799942,0.0,0.03,ACTIVE,false,,0.0,3.204926999909663
2026,3,2026-09-27T16:05:09.357359+0000,b83c74c,offense,00-0041052,4696044,Kaelon Black,RB,SF,ARI,2026-09-27T20:05:00.000000+0000,6.318089002396062,5.25,7.38,ACTIVE,false,,0.3720723097558416,14.705605642328502
2026,3,2026-09-27T16:05:09.357359+0000,b83c74c,offense,00-0041056,4685413,Cade Klubnik,QB,NYJ,DET,2026-09-27T17:00:00.000000+0000,3.580462761451945,13.152835538752349,0.0,ACTIVE,false,,-0.0987691433417128,15.942812837671596
2026,3,2026-09-27T16:05:09.357359+0000,b83c74c,offense,00-0041067,4879276,Bryce Lance,WR,NO,LV,2026-09-27T20:25:00.000000+0000,5.803485665358559,4.5,4.39,ACTIVE,false,,0.02535854482379523,12.659744001300623
2026,3,2026-09-27T16:05:09.357359+0000,b83c74c,offense,00-0041069,5092508,Colbie Young,WR,CIN,PIT,2026-09-27T17:00:00.000000+0000,1.3329070096423674,0.8500000000000001,3.28,ACTIVE,false,,-6.860229723025088e-9,4.614377421791476
2026,3,2026-09-27T16:05:09.357359+0000,b83c74c,offense,00-0041070,4869132,Reggie Virgil,WR,ARI,SF,2026-09-27T20:05:00.000000+0000,2.6646969694565517,6.379183108341985,0.0,ACTIVE,false,,-0.013636982641441782,9.554854254645905
2026,3,2026-09-27T16:05:09.357359+0000,b83c74c,offense,00-0041077,4912052,Justin Joly,TE,MIA,KC,2026-09-27T17:00:00.000000+0000,2.6424606565864384,4.085499036608864,0.0,ACTIVE,false,,-0.013636982680571725,7.431042008882353
2026,3,2026-09-27T16:05:09.357359+0000,b83c74c,offense,00-0041081,4878695,Max Bredeson,RB,MIN,TB,2026-09-27T20:05:00.000000+0000,2.6397169533157627,7.4285552865213775,0.0,ACTIVE,false,,-0.013636982639351336,9.3586899498713
2026,3,2026-09-27T16:05:09.357359+0000,b83c74c,offense,00-0041084,4917427,Tanner Koziol,TE,JAX,NE,2026-09-27T17:00:00.000000+0000,2.648151497797776,4.085499036608864,0.0,ACTIVE,false,,-0.004572771525928553,7.387822142571508
2026,3,2026-09-27T16:05:09.357359+0000,b83c74c,offense,00-0041092,4431325,Taylen Green,QB,CLE,CAR,2026-09-27T17:00:00.000000+0000,3.5002272145986084,13.152835538752349,0.0,OUT,false,,-0.10784385716249646,14.858587529977097
2026,3,2026-09-27T16:05:09.357359+0000,b83c74c,offense,00-0041094,4890373,Bauer Sharp,TE,TB,MIN,2026-09-27T20:05:00.000000+0000,1.0819232093018496,0.0,0.0,ACTIVE,false,,0.0,0.9876444175438247
2026,3,2026-09-27T16:05:09.357359+0000,b83c74c,offense,00-0041096,4685246,Kaytron Allen,RB,WAS,SEA,2026-09-27T17:00:00.000000+0000,3.264651819145032,2.0,1.1,ACTIVE,false,,-0.009136680056588811,8.799743916374862
2026,3,2026-09-27T16:05:09.357359+0000,b83c74c,offense,00-0041099,4698597,Barion Brown,WR,NO,LV,2026-09-27T20:25:00.000000+0000,1.444039009636346,0.15000000000000002,0.0,OUT,false,,-0.02884191881258975,3.376462044216285
2026,3,2026-09-27T16:05:09.357359+0000,b83c74c,offense,00-0041100,4879194,Josh Cameron,WR,JAX,NE,2026-09-27T17:00:00.000000+0000,2.9970207577136008,5.0,0.54,ACTIVE,false,,0.02720774535423985,8.795634041413082
2026,3,2026-09-27T16:05:09.357359+0000,b83c74c,offense,00-0041104,4832846,Demond Claiborne,RB,MIN,TB,2026-09-27T20:05:00.000000+0000,1.5991339789845982,1.2,1.39,ACTIVE,false,,0.00001991227003405836,5.33959772885638
2026,3,2026-09-27T16:05:09.357359+0000,b83c74c,offense,00-0041106,5085024,C.J. Williams,WR,JAX,NE,2026-09-27T17:00:00.000000+0000,1.0358320204309759,0.0,,,false,,0.0,3.9062340552803843
2026,3,2026-09-27T16:05:09.357359+0000,b83c74c,offense,00-0041116,5085189,Jack Endries,TE,CIN,PIT,2026-09-27T17:00:00.000000+0000,1.0652503013051557,0.0,0.0,OUT,false,,0.0,1.0985803040444049
2026,3,2026-09-27T16:05:09.357359+0000,b83c74c,offense,00-0041117,4432722,Athan Kaliakmanis,QB,WAS,SEA,2026-09-27T17:00:00.000000+0000,3.4147093778687445,13.152835538752349,0.0,ACTIVE,false,,-0.09876914337967922,15.31520029811691
2026,3,2026-09-27T16:05:09.357359+0000,b83c74c,offense,00-0041123,4431465,Behren Morton,QB,NE,JAX,2026-09-27T17:00:00.000000+0000,3.196174023679142,13.152835538752349,0.0,OUT,false,,-0.10784385717064082,14.63485792146514
2026,3,2026-09-27T16:05:09.357359+0000,b83c74c,offense,00-0041125,4686468,Seth McGowan,RB,IND,HOU,2026-09-27T17:00:00.000000+0000,1.6131441635285226,0.5,2.58,ACTIVE,false,,-0.002406264266932745,4.877271068356434
2026,3,2026-09-27T16:05:09.357359+0000,b83c74c,offense,00-0041131,4685540,Carsen Ryan,TE,CLE,CAR,2026-09-27T17:00:00.000000+0000,1.0819232093018496,0.0,0.0,ACTIVE,false,,0.0,1.0084798654114286
2026,3,2026-09-27T16:05:09.357359+0000,b83c74c,offense,00-0041132,4683151,Deion Burks,WR,IND,HOU,2026-09-27T17:00:00.000000+0000,2.286769131980646,1.4000000000000001,,,false,,-0.008404875733835025,7.210038831273618
2026,3,2026-09-27T16:05:09.357359+0000,b83c74c,offense,00-0041133,5159802,Dallen Bentley,TE,DEN,LA,2026-09-28T00:20:00.000000+0000,2.6424606565864384,4.085499036608864,0.0,ACTIVE,false,,-0.004572771525928553,7.340377546782043
2026,3,2026-09-27T16:05:09.357359+0000,b83c74c,offense,00-0041149,4428993,Haynes King,QB,CAR,CLE,2026-09-27T17:00:00.000000+0000,3.280892627251402,13.152835538752349,0.0,OUT,false,,-0.10784385707637462,14.729364199985508
2026,3,2026-09-27T16:05:09.357359+0000,b83c74c,offense,00-0041251,4596472,Jalon Daniels,QB,TB,MIN,2026-09-27T20:05:00.000000+0000,3.2185377728871734,13.152835538752349,0.0,ACTIVE,false,,-0.10784385717064082,14.105868734824547
2026,3,2026-09-27T16:05:09.357359+0000,b83c74c,offense,00-0041267,,Malik McClain,WR,NYJ,DET,2026-09-27T17:00:00.000000+0000,2.8083276002664883,6.379183108341985,,,false,,-0.0045622688516437125,9.539050525497633
2026,3,2026-09-27T16:05:09.357359+0000,b83c74c,offense,00-0041292,,Kolbe Katsis,WR,DEN,LA,2026-09-28T00:20:00.000000+0000,2.687060718664583,6.379183108341985,,,false,,-0.0045622688516437125,9.997131348848418
2026,3,2026-09-27T16:05:09.357359+0000,b83c74c,offense,00-0041314,,Tanner Arkin,TE,NE,JAX,2026-09-27T17:00:00.000000+0000,2.620096907378407,4.085499036608864,,,false,,-0.013636982680571725,7.378552605599495
2026,3,2026-09-27T16:05:09.357359+0000,b83c74c,offense,00-0041326,5081999,CJ Donaldson,RB,NO,LV,2026-09-27T20:25:00.000000+0000,2.1394234900209326,0.7,2.16,ACTIVE,false,,0.000019535874290855308,7.848339653302236
2026,3,2026-09-27T16:05:09.357359+0000,b83c74c,offense,00-0041395,4831959,Eli Raridon,TE,NE,JAX,2026-09-27T17:00:00.000000+0000,3.302766435378079,5.6,2.86,OUT,false,,0.06396509309508254,7.680788393658591
2026,3,2026-09-27T16:05:09.357359+0000,b83c74c,offense,00-0041397,5081338,Kaden Wetjen,WR,PIT,CIN,2026-09-27T17:00:00.000000+0000,1.0999850571787049,0.0,0.14,ACTIVE,false,,0.0,2.9363283643086997
2026,3,2026-09-27T16:05:09.357359+0000,b83c74c,offense,00-0041398,4693370,Riley Nowakowski,RB,PIT,CIN,2026-09-27T17:00:00.000000+0000,2.6751294565075474,7.4285552865213775,0.0,ACTIVE,false,,-0.013636982680571725,9.755629723420032
2026,3,2026-09-27T16:05:09.357359+0000,b83c74c,offense,00-0041399,4605951,CJ Daniels,WR,LA,DEN,2026-09-28T00:20:00.000000+0000,2.619610771470715,6.379183108341985,0.0,ACTIVE,false,,-0.013636982641441782,9.468589532792471
2026,3,2026-09-27T16:05:09.357359+0000,b83c74c,offense,00-0041415,5082269,Dean Connors,RB,LA,DEN,2026-09-28T00:20:00.000000+0000,2.619610771470715,7.4285552865213775,,,false,,-0.0045622688516437125,10.133324540037657
2026,3,2026-09-27T16:05:09.357359+0000,b83c74c,offense,00-0041436,4685116,DJ Herman,RB,MIA,KC,2026-09-27T17:00:00.000000+0000,3.63084290271607,2.8,,,false,,-0.0025820599701528095,9.073285412108552
2026,3,2026-09-27T16:05:09.357359+0000,b83c74c,offense,00-0041438,4871023,Carnell Tate,WR,TEN,NYG,2026-09-27T17:00:00.000000+0000,8.487766539713228,6.75,11.78,ACTIVE,false,,1.0842699934001812,17.789737381451655
2026,3,2026-09-27T16:05:09.357359+0000,b83c74c,offense,00-0041443,4683153,Skyler Bell,WR,BUF,LAC,2026-09-27T17:00:00.000000+0000,2.790759292935827,6.379183108341985,0.0,OUT,false,,-0.0045622688516437125,9.634147932845515
2026,3,2026-09-27T16:05:09.357359+0000,b83c74c,offense,00-0041467,4683159,Lewis Bond,WR,HOU,IND,2026-09-27T17:00:00.000000+0000,1.190064916482532,0.0,,,false,,0.0,3.859052891460167
2026,3,2026-09-27T16:05:09.357359+0000,b83c74c,offense,00-0041472,4695705,Marlin Klein,TE,HOU,IND,2026-09-27T17:00:00.000000+0000,1.5931068946089617,1.3,0.56,ACTIVE,false,,6.528126713628984e-8,4.300690299828857
2026,3,2026-09-27T16:05:09.357359+0000,b83c74c,offense,00-0041489,4685261,Germie Bernard,WR,PIT,CIN,2026-09-27T17:00:00.000000+0000,4.591103243257668,3.75,2.09,ACTIVE,false,,0.2598926954315047,12.191858708649336
2026,3,2026-09-27T16:05:09.357359+0000,b83c74c,offense,00-0041490,5081508,Eli Heidenreich,RB,PIT,CIN,2026-09-27T17:00:00.000000+0000,1.088053795021669,0.0,8.64,OUT,false,,0.0,3.198044043965213
2026,3,2026-09-27T16:05:09.357359+0000,b83c74c,offense,00-0041503,4686248,Nate Boerkircher,TE,JAX,NE,2026-09-27T17:00:00.000000+0000,1.937047860638983,0.95,1.63,ACTIVE,false,,-5.162300939003913e-9,5.105054491612277
2026,3,2026-09-27T16:05:09.357359+0000,b83c74c,offense,00-0041510,4833029,Max Klare,TE,LA,DEN,2026-09-28T00:20:00.000000+0000,2.5750107093925703,4.085499036608864,0.0,ACTIVE,false,,-0.013636982680571725,7.378552605599495
2026,3,2026-09-27T16:05:09.357359+0000,b83c74c,offense,00-0041512,4685512,Jadarian Price,RB,SEA,WAS,2026-09-27T17:00:00.000000+0000,9.07252391261141,6.4,12.08,ACTIVE,false,,1.6152629715433486,18.75355512519427
2026,3,2026-09-27T16:05:09.357359+0000,b83c74c,offense,00-0041523,4869645,Caleb Douglas,WR,MIA,KC,2026-09-27T17:00:00.000000+0000,9.492303181810245,9.15,0.0,OUT,false,,1.3701008717416094,19.215361386631812
2026,3,2026-09-27T16:05:09.357359+0000,b83c74c,offense,00-0041524,4880236,Will Kacmarek,TE,MIA,KC,2026-09-27T17:00:00.000000+0000,1.803958169754084,0.7,1.85,ACTIVE,false,,-6.787212112048432e-7,5.503869317092629
2026,3,2026-09-27T16:05:09.357359+0000,b83c74c,offense,00-0041525,4869961,Chris Bell,WR,MIA,KC,2026-09-27T17:00:00.000000+0000,2.6181159249733432,1.75,7.3,ACTIVE,false,,0.000022638681557956935,8.137208510063655
2026,3,2026-09-27T16:05:09.357359+0000,b83c74c,offense,00-0041529,4685307,Kevin Coleman Jr.,WR,MIA,KC,2026-09-27T17:00:00.000000+0000,1.6957630549367961,0.0,5.86,ACTIVE,false,,-6.790461912521001e-7,6.318997961991242
2026,3,2026-09-27T16:05:09.357359+0000,b83c74c,offense,00-0041547,4870653,KC Concepcion,WR,CLE,CAR,2026-09-27T17:00:00.000000+0000,9.66557318903996,8.0,10.97,ACTIVE,false,,1.3917711859792259,19.63484699872507
2026,3,2026-09-27T16:05:09.357359+0000,b83c74c,offense,00-0041550,4685553,Brenen Thompson,WR,LAC,BUF,2026-09-27T17:00:00.000000+0000,2.1958137560601343,1.15,0.0,OUT,false,,-3.6526625877746312e-6,7.039817766737686
2026,3,2026-09-27T16:05:09.357359+0000,b83c74c,offense,00-0041558,4685504,Sam Roush,TE,CHI,PHI,2026-09-29T00:15:00.000000+0000,2.2473806700392576,0.95,1.0,ACTIVE,false,,-0.0007798576182440119,5.691910425883721
2026,3,2026-09-27T16:05:09.357359+0000,b83c74c,offense,00-0041561,4430841,Carson Beck,QB,ARI,SF,2026-09-27T20:05:00.000000+0000,3.196174023679142,13.152835538752349,0.0,ACTIVE,false,,-0.10784385717064082,14.73908177634631
2026,3,2026-09-27T16:05:09.357359+0000,b83c74c,offense,00-0041562,4837248,Fernando Mendoza,QB,LV,NO,2026-09-27T20:25:00.000000+0000,3.2981120340253662,13.152835538752349,0.0,ACTIVE,false,,-0.10784385717064082,14.677040186596532
2026,3,2026-09-27T16:05:09.357359+0000,b83c74c,offense,00-0041565,4714771,Drew Allar,QB,PIT,CIN,2026-09-27T17:00:00.000000+0000,3.415508611026348,13.152835538752349,0.0,OUT,false,,-0.10784385717064082,14.981086358123463
2026,3,2026-09-27T16:05:09.357359+0000,b83c74c,offense,00-0041568,4685522,Ty Simpson,QB,LA,DEN,2026-09-28T00:20:00.000000+0000,3.1510878256933053,13.152835538752349,0.0,ACTIVE,false,,-0.10784385717064082,14.202362783988924
2026,3,2026-09-27T16:05:09.357359+0000,b83c74c,offense,00-0041579,4714379,Seydou Traore,TE,MIA,KC,2026-09-27T17:00:00.000000+0000,2.6424606565864384,4.085499036608864,0.0,ACTIVE,false,,-0.013636982680571725,7.431042008882353
2026,3,2026-09-27T16:05:09.357359+0000,b83c74c,k,00-0031136,17372,Chris Boswell,K,PIT,CIN,2026-09-27T17:00:00.000000+0000,8.410127014583807,7.8,8.46,ACTIVE,false,,1.541237490357597,16.147026024868104
2026,3,2026-09-27T16:05:09.357359+0000,b83c74c,k,00-0031203,17427,Cairo Santos,K,CHI,PHI,2026-09-29T00:15:00.000000+0000,9.272622177870602,7.6,7.91,ACTIVE,false,,2.3601180873301306,16.231726764562712
2026,3,2026-09-27T16:05:09.357359+0000,b83c74c,k,00-0031492,2473037,Jason Myers,K,SEA,WAS,2026-09-27T17:00:00.000000+0000,10.319882662778868,6.4,9.44,ACTIVE,false,,3.511108498736522,18.175830431696262
2026,3,2026-09-27T16:05:09.357359+0000,b83c74c,k,00-0032569,2985659,Wil Lutz,K,DEN,LA,2026-09-28T00:20:00.000000+0000,9.363637755258068,8.8,8.03,ACTIVE,false,,2.5185945726608616,16.31907618665614
2026,3,2026-09-27T16:05:09.357359+0000,b83c74c,k,00-0032726,2971573,Ka'imi Fairbairn,K,HOU,IND,2026-09-27T17:00:00.000000+0000,9.397233115377452,13.4,9.28,ACTIVE,false,,2.1491593145982937,16.509215657548836
2026,3,2026-09-27T16:05:09.357359+0000,b83c74c,k,00-0033303,3055899,Harrison Butker,K,KC,MIA,2026-09-27T17:00:00.000000+0000,11.050113984268767,11.8,9.05,ACTIVE,false,,3.0637339807727346,17.072710551735263
2026,3,2026-09-27T16:05:09.357359+0000,b83c74c,k,00-0033787,3050478,Jake Elliott,K,PHI,CHI,2026-09-29T00:15:00.000000+0000,10.541451351404556,5.6,8.09,ACTIVE,false,,3.0395553751547735,18.035280440100287
2026,3,2026-09-27T16:05:09.357359+0000,b83c74c,k,00-0034161,3051909,Daniel Carlson,K,NO,LV,2026-09-27T20:25:00.000000+0000,9.049629381944172,8.6,8.84,ACTIVE,false,,2.417585040269705,17.342163574131973
2026,3,2026-09-27T16:05:09.357359+0000,b83c74c,k,00-0034173,4034949,Eddy Pineiro,K,SF,ARI,2026-09-27T20:05:00.000000+0000,9.361110513494728,7.2,9.85,ACTIVE,false,,3.2338279206209246,17.080877109346677
2026,3,2026-09-27T16:05:09.357359+0000,b83c74c,k,00-0034794,3124679,Jason Sanders,K,NYJ,DET,2026-09-27T17:00:00.000000+0000,6.501233147037983,11.6,7.78,ACTIVE,false,,1.8297166950933095,14.183816712865116
2026,3,2026-09-27T16:05:09.357359+0000,b83c74c,k,00-0035192,3124084,Joey Slye,K,TEN,NYG,2026-09-27T17:00:00.000000+0000,8.348574016736958,7.4,7.16,ACTIVE,false,,1.4783827101283773,16.776822952342304
2026,3,2026-09-27T16:05:09.357359+0000,b83c74c,k,00-0035269,4249087,Matt Gay,K,LV,NO,2026-09-27T20:25:00.000000+0000,9.838196883249243,8.0,7.71,ACTIVE,false,,2.1080923226031323,17.954416716383356
2026,3,2026-09-27T16:05:09.357359+0000,b83c74c,k,00-0035358,3150744,Chase McLaughlin,K,TB,MIN,2026-09-27T20:05:00.000000+0000,8.714099741995994,10.2,8.4,ACTIVE,false,,2.1134990663477513,15.472105543524158
2026,3,2026-09-27T16:05:09.357359+0000,b83c74c,k,00-0036162,3917232,Tyler Bass,K,BUF,LAC,2026-09-27T17:00:00.000000+0000,8.722771732111381,7.8,8.64,ACTIVE,false,,3.3867873543401257,15.360587116742355
2026,3,2026-09-27T16:05:09.357359+0000,b83c74c,k,00-0036816,4243371,Riley Patterson,K,MIA,KC,2026-09-27T17:00:00.000000+0000,8.446312287237841,6.0,7.49,ACTIVE,false,,1.563070722258081,15.976355410704258
2026,3,2026-09-27T16:05:09.357359+0000,b83c74c,k,00-0036854,4360234,Evan McPherson,K,CIN,PIT,2026-09-27T17:00:00.000000+0000,10.455813643806641,10.0,7.8,ACTIVE,false,,3.1337856834624507,17.70008944803683
2026,3,2026-09-27T16:05:09.357359+0000,b83c74c,k,00-0037224,4362081,Cameron Dicker,K,LAC,BUF,2026-09-27T17:00:00.000000+0000,9.455637889242256,3.8,9.1,ACTIVE,false,,2.5361435721060186,16.63622234739949
2026,3,2026-09-27T16:05:09.357359+0000,b83c74c,k,00-0037692,3953687,Brandon Aubrey,K,DAL,BAL,2026-09-27T20:25:00.000000+0000,10.245077576885055,8.8,9.72,ACTIVE,true,K,3.18796030326359,16.974777606235776
2026,3,2026-09-27T16:05:09.357359+0000,b83c74c,k,00-0038428,4258620,Andre Szmyt,K,CLE,CAR,2026-09-27T17:00:00.000000+0000,8.798753289355536,8.8,7.8,ACTIVE,false,,2.0785632690200457,15.788020573205035
2026,3,2026-09-27T16:05:09.357359+0000,b83c74c,k,00-0038567,4363538,Chad Ryland,K,ARI,SF,2026-09-27T20:05:00.000000+0000,8.101454186958888,8.8,7.31,ACTIVE,false,,1.3128417729503308,15.122986047665393
2026,3,2026-09-27T16:05:09.357359+0000,b83c74c,k,00-0038905,4259619,Blake Grupe,K,NYJ,DET,2026-09-27T17:00:00.000000+0000,9.31214547261803,10.6,0.0,OUT,false,,2.082941582381056,16.61373654167287
2026,3,2026-09-27T16:05:09.357359+0000,b83c74c,k,00-0039172,4689936,Jake Bates,K,DET,NYJ,2026-09-27T17:00:00.000000+0000,9.085759802001276,7.6,8.79,ACTIVE,false,,3.303448083484146,16.379553427739165
2026,3,2026-09-27T16:05:09.357359+0000,b83c74c,k,00-0039404,4567104,Will Reichard,K,MIN,TB,2026-09-27T20:05:00.000000+0000,9.67780080086961,11.0,8.22,ACTIVE,false,,2.5376374871125953,16.677016155062425
2026,3,2026-09-27T16:05:09.357359+0000,b83c74c,k,00-0039409,4686361,Cam Little,K,JAX,NE,2026-09-27T17:00:00.000000+0000,9.423382843408884,12.0,8.68,ACTIVE,false,,2.7018974301097654,17.317656249143422
2026,3,2026-09-27T16:05:09.357359+0000,b83c74c,k,00-0039498,4574716,Harrison Mevis,K,LA,DEN,2026-09-28T00:20:00.000000+0000,9.281814056200153,7.6,8.31,ACTIVE,false,,1.9025683350610576,16.091230416705763
2026,3,2026-09-27T16:05:09.357359+0000,b83c74c,k,00-0039576,4571557,Spencer Shrader,K,IND,HOU,2026-09-27T17:00:00.000000+0000,9.230233690653705,8.6,8.46,ACTIVE,false,,1.4180812070975723,18.045150838564396
2026,3,2026-09-27T16:05:09.357359+0000,b83c74c,k,00-0040074,4697745,Tyler Loop,K,BAL,DAL,2026-09-27T20:25:00.000000+0000,8.679769897661988,8.2,8.69,ACTIVE,false,,2.597745395593087,15.303253292224813
2026,3,2026-09-27T16:05:09.357359+0000,b83c74c,k,00-0040200,4569923,Andy Borregales,K,NE,JAX,2026-09-27T17:00:00.000000+0000,9.029597797614594,7.6,7.36,ACTIVE,false,,1.5437046656657216,16.706981655504645
2026,3,2026-09-27T16:05:09.357359+0000,b83c74c,k,00-0040279,4568263,Ryan Fitzgerald,K,CAR,CLE,2026-09-27T17:00:00.000000+0000,10.88726313270778,7.2,7.69,ACTIVE,false,,2.639254585382008,17.593414798439763
2026,3,2026-09-27T16:05:09.357359+0000,b83c74c,k,00-0041145,5082424,Dominic Zvada,K,NYG,TEN,2026-09-27T17:00:00.000000+0000,10.074683523277105,6.0,8.56,ACTIVE,false,,3.367931898319652,16.727469628377456
2026,3,2026-09-27T16:05:09.357359+0000,b83c74c,k,00-0041182,5081335,Drew Stevens,K,WAS,SEA,2026-09-27T17:00:00.000000+0000,7.018320978615471,6.5,7.74,ACTIVE,false,,0.17392692678019694,14.789901084769987
2026,3,2026-09-27T16:05:09.357359+0000,b83c74c,dst,ARI,-16022,ARI D/ST,D/ST,ARI,SF,2026-09-27T20:05:00.000000+0000,3.1675605343236044,2.8,2.62,,false,,-4.418612986185455,10.819210174817648
2026,3,2026-09-27T16:05:09.357359+0000,b83c74c,dst,BAL,-16033,BAL D/ST,D/ST,BAL,DAL,2026-09-27T20:25:00.000000+0000,4.026846948210433,4.6,4.37,,false,,-4.050386504291977,11.214603614803972
2026,3,2026-09-27T16:05:09.357359+0000,b83c74c,dst,BUF,-16002,BUF D/ST,D/ST,BUF,LAC,2026-09-27T17:00:00.000000+0000,6.14401185943865,6.0,5.68,,false,,-0.7221275070476189,14.338973323300952
2026,3,2026-09-27T16:05:09.357359+0000,b83c74c,dst,CAR,-16029,CAR D/ST,D/ST,CAR,CLE,2026-09-27T17:00:00.000000+0000,9.81924525151678,7.6,7.24,NORMAL,true,D/ST,-0.12123055464431065,18.862087300981802
2026,3,2026-09-27T16:05:09.357359+0000,b83c74c,dst,CHI,-16003,CHI D/ST,D/ST,CHI,PHI,2026-09-29T00:15:00.000000+0000,4.941167863421836,3.4,4.2,,false,,-2.952848715019578,12.690799508832155
2026,3,2026-09-27T16:05:09.357359+0000,b83c74c,dst,CIN,-16004,CIN D/ST,D/ST,CIN,PIT,2026-09-27T17:00:00.000000+0000,8.320005555229958,10.4,6.38,,false,,-0.49279590663238704,16.154683184336392
2026,3,2026-09-27T16:05:09.357359+0000,b83c74c,dst,CLE,-16005,CLE D/ST,D/ST,CLE,CAR,2026-09-27T17:00:00.000000+0000,6.210008247659729,7.0,5.44,,false,,-1.7825840132275346,13.161594840170173
2026,3,2026-09-27T16:05:09.357359+0000,b83c74c,dst,DAL,-16006,DAL D/ST,D/ST,DAL,BAL,2026-09-27T20:25:00.000000+0000,3.6110983854439507,0.6,3.02,,false,,-4.78223197885008,11.15684370064346
2026,3,2026-09-27T16:05:09.357359+0000,b83c74c,dst,DEN,-16007,DEN D/ST,D/ST,DEN,LA,2026-09-28T00:20:00.000000+0000,4.332806232231665,8.4,3.81,NORMAL,false,,-2.651982972855392,13.04206182239639
2026,3,2026-09-27T16:05:09.357359+0000,b83c74c,dst,DET,-16008,DET D/ST,D/ST,DET,NYJ,2026-09-27T17:00:00.000000+0000,6.827650787087767,3.0,6.63,,false,,-1.4309057502295621,17.305565126830025
2026,3,2026-09-27T16:05:09.357359+0000,b83c74c,dst,HOU,-16034,HOU D/ST,D/ST,HOU,IND,2026-09-27T17:00:00.000000+0000,5.8218460834322565,7.0,6.43,NORMAL,false,,-1.9392665549904122,13.857231195776178
2026,3,2026-09-27T16:05:09.357359+0000,b83c74c,dst,IND,-16011,IND D/ST,D/ST,IND,HOU,2026-09-27T17:00:00.000000+0000,6.701476099774327,-1.8,4.47,,false,,-0.8633088513768966,15.139121400946602
2026,3,2026-09-27T16:05:09.357359+0000,b83c74c,dst,JAX,-16030,JAX D/ST,D/ST,JAX,NE,2026-09-27T17:00:00.000000+0000,8.188646794389157,8.2,4.87,NORMAL,false,,-0.8319558141004499,14.909311223824494
2026,3,2026-09-27T16:05:09.357359+0000,b83c74c,dst,KC,-16012,KC D/ST,D/ST,KC,MIA,2026-09-27T17:00:00.000000+0000,7.9087840963139815,6.0,6.32,NORMAL,false,,-0.09128797127858856,15.689509545872149
2026,3,2026-09-27T16:05:09.357359+0000,b83c74c,dst,LA,-16014,LA D/ST,D/ST,LA,DEN,2026-09-28T00:20:00.000000+0000,6.882372871544243,6.8,5.3,NORMAL,false,,-1.3076234582034107,15.715726676750284
2026,3,2026-09-27T16:05:09.357359+0000,b83c74c,dst,LAC,-16024,LAC D/ST,D/ST,LAC,BUF,2026-09-27T17:00:00.000000+0000,2.814430424419735,4.0,2.67,NORMAL,false,,-5.133686337205004,9.867213248084033
2026,3,2026-09-27T16:05:09.357359+0000,b83c74c,dst,LV,-16013,LV D/ST,D/ST,LV,NO,2026-09-27T20:25:00.000000+0000,4.261641231252121,10.0,5.04,,false,,-2.9029327777226372,13.467999208196511
2026,3,2026-09-27T16:05:09.357359+0000,b83c74c,dst,MIA,-16015,MIA D/ST,D/ST,MIA,KC,2026-09-27T17:00:00.000000+0000,2.417054863605221,0.6,2.64,,false,,-4.741900297314496,11.049495572244677
2026,3,2026-09-27T16:05:09.357359+0000,b83c74c,dst,MIN,-16016,MIN D/ST,D/ST,MIN,TB,2026-09-27T20:05:00.000000+0000,6.344423654724712,13.4,6.49,,false,,-2.5694833353082815,15.518772529186183
2026,3,2026-09-27T16:05:09.357359+0000,b83c74c,dst,NE,-16017,NE D/ST,D/ST,NE,JAX,2026-09-27T17:00:00.000000+0000,4.020845365303092,10.4,5.03,,false,,-2.9013824258524243,12.297658543957054
2026,3,2026-09-27T16:05:09.357359+0000,b83c74c,dst,NO,-16018,NO D/ST,D/ST,NO,LV,2026-09-27T20:25:00.000000+0000,6.201403964657998,9.6,6.6,,false,,-2.104113320791332,16.044745868171926
2026,3,2026-09-27T16:05:09.357359+0000,b83c74c,dst,NYG,-16019,NYG D/ST,D/ST,NYG,TEN,2026-09-27T17:00:00.000000+0000,8.549327527617038,9.2,6.63,,false,,-0.2639254523581188,16.68154986093434
2026,3,2026-09-27T16:05:09.357359+0000,b83c74c,dst,NYJ,-16020,NYJ D/ST,D/ST,NYJ,DET,2026-09-27T17:00:00.000000+0000,3.7322400409049608,1.4,3.75,,false,,-3.5509912238319066,10.403859114755274
2026,3,2026-09-27T16:05:09.357359+0000,b83c74c,dst,PHI,-16021,PHI D/ST,D/ST,PHI,CHI,2026-09-29T00:15:00.000000+0000,8.338158684019396,6.6,8.02,,false,,-0.890552001630982,15.356046570374756
2026,3,2026-09-27T16:05:09.357359+0000,b83c74c,dst,PIT,-16023,PIT D/ST,D/ST,PIT,CIN,2026-09-27T17:00:00.000000+0000,5.541963065386123,9.2,6.11,NORMAL,false,,-2.3189324856177667,13.988935546738288
2026,3,2026-09-27T16:05:09.357359+0000,b83c74c,dst,SEA,-16026,SEA D/ST,D/ST,SEA,WAS,2026-09-27T17:00:00.000000+0000,6.867109557923459,8.8,7.32,NORMAL,false,,0.47322842484678174,14.8256994424969
2026,3,2026-09-27T16:05:09.357359+0000,b83c74c,dst,SF,-16025,SF D/ST,D/ST,SF,ARI,2026-09-27T20:05:00.000000+0000,6.839233421913674,6.0,7.22,NORMAL,false,,-0.17419631469438024,14.742541854345507
2026,3,2026-09-27T16:05:09.357359+0000,b83c74c,dst,TB,-16027,TB D/ST,D/ST,TB,MIN,2026-09-27T20:05:00.000000+0000,6.390821041463074,5.8,5.42,NORMAL,false,,-0.8875278355565513,14.004102506283054
2026,3,2026-09-27T16:05:09.357359+0000,b83c74c,dst,TEN,-16010,TEN D/ST,D/ST,TEN,NYG,2026-09-27T17:00:00.000000+0000,7.726407658600651,3.4,6.02,,false,,-0.47450260376534337,16.045456958455517
2026,3,2026-09-27T16:05:09.357359+0000,b83c74c,dst,WAS,-16028,WAS D/ST,D/ST,WAS,SEA,2026-09-27T17:00:00.000000+0000,4.277319603804109,2.0,4.66,,false,,-2.6364882444148834,11.72544093911073
2026,4,2026-10-01T04:01:17.312087+0000,22d428b,offense,00-0023459,8439,Aaron Rodgers,QB,PIT,CLE,2026-10-02T00:15:00.000000+0000,14.858681392704918,12.856,13.85,ACTIVE,false,,4.103970384511507,26.266530292789426
2026,4,2026-10-01T04:01:17.312087+0000,22d428b,offense,00-0026158,11252,Joe Flacco,QB,CIN,JAX,2026-10-04T17:00:00.000000+0000,2.2541478744548145,4.200000000000001,0.0,ACTIVE,false,,-0.407527895724058,13.242820254303854
2026,4,2026-10-01T04:01:17.312087+0000,22d428b,offense,00-0026498,12483,Matthew Stafford,QB,LA,PHI,2026-10-04T17:00:00.000000+0000,17.270621442789178,18.28,16.4,ACTIVE,false,,4.526597205892568,28.793745998416217
2026,4,2026-10-01T04:01:17.312087+0000,22d428b,offense,00-0027973,14012,Andy Dalton,QB,PHI,LA,2026-10-04T17:00:00.000000+0000,3.5998983642692735,1.504,0.0,ACTIVE,false,,-0.14682068233530834,15.124395398270096
2026,4,2026-10-01T04:01:17.312087+0000,22d428b,offense,00-0028118,14163,Tyrod Taylor,QB,GB,TB,2026-10-04T17:00:00.000000+0000,8.3883377878847,10.224,0.0,ACTIVE,false,,0.83839043883699,20.79621308085813
2026,4,2026-10-01T04:01:17.312087+0000,22d428b,offense,00-0028986,15168,Case Keenum,QB,CHI,NYJ,2026-10-04T17:00:00.000000+0000,15.638254309362154,11.406666666666668,14.77,ACTIVE,false,,4.025514877248382,26.970110115046438
2026,4,2026-10-01T04:01:17.312087+0000,22d428b,offense,00-0029604,14880,Kirk Cousins,QB,LV,KC,2026-10-04T20:25:00.000000+0000,15.709349439312327,14.916,13.97,ACTIVE,false,,4.124446077038335,27.058316246657803
2026,4,2026-10-01T04:01:17.312087+0000,22d428b,offense,00-0029892,16002,Kyle Juszczyk,RB,SF,DEN,2026-10-04T20:25:00.000000+0000,2.6779870333233142,7.415527359238695,2.57,ACTIVE,false,,-0.0022349944785205493,9.761527311256014
2026,4,2026-10-01T04:01:17.312087+0000,22d428b,offense,00-0030279,15818,Keenan Allen,WR,IND,WAS,2026-10-04T13:30:00.000000+0000,10.219903885320528,8.46,11.26,ACTIVE,false,,2.2032560603567553,20.2813797153531
2026,4,2026-10-01T04:01:17.312087+0000,22d428b,offense,00-0030506,15847,Travis Kelce,TE,KC,LV,2026-10-04T20:25:00.000000+0000,12.74507115770989,12.379999999999999,11.79,ACTIVE,true,TE,2.5638687837069547,21.9953529998896
2026,4,2026-10-01T04:01:17.312087+0000,22d428b,offense,00-0030565,15864,Geno Smith,QB,NYJ,CHI,2026-10-04T17:00:00.000000+0000,14.222293175526092,14.419999999999998,15.15,ACTIVE,false,,3.959359944810207,26.533943028152926
2026,4,2026-10-01T04:01:17.312087+0000,22d428b,offense,00-0031381,16800,Davante Adams,WR,LA,PHI,2026-10-04T17:00:00.000000+0000,16.465173899166064,16.76,14.68,ACTIVE,false,,4.58633188596304,28.39591871429186
2026,4,2026-10-01T04:01:17.312087+0000,22d428b,offense,00-0031408,16737,Mike Evans,WR,SF,DEN,2026-10-04T20:25:00.000000+0000,10.971396736545122,11.040000000000001,12.39,QUESTIONABLE,false,,2.1985206952139276,20.75602340447949
2026,4,2026-10-01T04:01:17.312087+0000,22d428b,offense,00-0031484,2531358,Chris Manhertz,TE,NYG,ARI,2026-10-04T17:00:00.000000+0000,1.1962550861241097,0.0,0.0,ACTIVE,false,,-0.003849941943253101,3.2276436515322806
2026,4,2026-10-01T04:01:17.312087+0000,22d428b,offense,00-0031503,2969939,Jameis Winston,QB,NYG,ARI,2026-10-04T17:00:00.000000+0000,10.860739436480326,10.388,14.78,ACTIVE,false,,1.442104309937011,22.871712651312308
2026,4,2026-10-01T04:01:17.312087+0000,22d428b,offense,00-0031588,2976212,Stefon Diggs,WR,WAS,IND,2026-10-04T13:30:00.000000+0000,11.743701671011262,14.779999999999998,11.57,ACTIVE,false,,3.1436449887924542,20.94894713896769
2026,4,2026-10-01T04:01:17.312087+0000,22d428b,offense,00-0031595,2515270,Michael Burton,RB,CLE,PIT,2026-10-02T00:15:00.000000+0000,2.660949152846633,7.415527359238695,0.44,ACTIVE,false,,-0.0022349944785205493,9.668740427077282
2026,4,2026-10-01T04:01:17.312087+0000,22d428b,offense,00-0031610,2576925,Darren Waller,TE,CAR,DET,2026-10-05T00:20:00.000000+0000,7.1474067493923155,8.24,9.3,ACTIVE,false,,1.3561622522780556,16.24811943078771
2026,4,2026-10-01T04:01:17.312087+0000,22d428b,offense,00-0032104,2576336,Ameer Abdullah,RB,JAX,CIN,2026-10-04T17:00:00.000000+0000,3.321296343864144,2.52,1.45,ACTIVE,false,,-0.005538095739506404,9.278597456493321
2026,4,2026-10-01T04:01:17.312087+0000,22d428b,offense,00-0032268,2576980,Marcus Mariota,QB,WAS,IND,2026-10-04T13:30:00.000000+0000,13.141880752553343,9.1,18.4,ACTIVE,false,,2.444400794460258,23.690328434012695
2026,4,2026-10-01T04:01:17.312087+0000,22d428b,offense,00-0032392,3043275,Austin Hooper,TE,ATL,NO,2026-10-06T00:15:00.000000+0000,3.4802805451946095,4.739999999999999,4.4,ACTIVE,false,,-0.007712501622050228,8.790770018029187
2026,4,2026-10-01T04:01:17.312087+0000,22d428b,offense,00-0032398,2576581,Chris Moore,WR,BAL,TEN,2026-10-04T17:00:00.000000+0000,4.328979659711235,3.56,5.43,QUESTIONABLE,false,,0.07435174775444739,11.253295415093564
2026,4,2026-10-01T04:01:17.312087+0000,22d428b,offense,00-0032464,2973405,Kalif Raymond,WR,CHI,NYJ,2026-10-04T17:00:00.000000+0000,11.210564766524174,11.219999999999999,10.08,ACTIVE,false,,2.7550069763118517,21.03792821324802
2026,4,2026-10-01T04:01:17.312087+0000,22d428b,offense,00-0032764,3043078,Derrick Henry,RB,BAL,TEN,2026-10-04T17:00:00.000000+0000,20.234688749477428,26.619999999999997,20.24,ACTIVE,false,,4.516478649843047,33.17663804970524
2026,4,2026-10-01T04:01:17.312087+0000,22d428b,offense,00-0032950,2573079,Carson Wentz,QB,MIN,MIA,2026-10-04T20:05:00.000000+0000,13.593641403876493,11.872,0.0,ACTIVE,false,,2.361651003912308,25.32845183487306
2026,4,2026-10-01T04:01:17.312087+0000,22d428b,offense,00-0032951,3051889,Laquon Treadwell,WR,IND,WAS,2026-10-04T13:30:00.000000+0000,3.653300676356403,2.4200000000000004,5.01,ACTIVE,false,,-0.0036548848968069327,9.0282320851398
2026,4,2026-10-01T04:01:17.312087+0000,22d428b,offense,00-0033077,2577417,Dak Prescott,QB,DAL,HOU,2026-10-04T17:00:00.000000+0000,18.931023686345217,17.296,17.18,ACTIVE,false,,4.526597205892568,31.224456335424556
2026,4,2026-10-01T04:01:17.312087+0000,22d428b,offense,00-0033090,3046439,Hunter Henry,TE,NE,BUF,2026-10-04T17:00:00.000000+0000,7.4467045398139575,7.719999999999999,8.92,ACTIVE,false,,0.6547175070071716,15.408190019285897
2026,4,2026-10-01T04:01:17.312087+0000,22d428b,offense,00-0033106,3046779,Jared Goff,QB,DET,CAR,2026-10-05T00:20:00.000000+0000,20.54679219743798,16.580000000000002,17.41,ACTIVE,false,,4.526597205892568,32.16880616894173
2026,4,2026-10-01T04:01:17.312087+0000,22d428b,offense,00-0033110,2573401,Tyler Higbee,TE,LA,PHI,2026-10-04T17:00:00.000000+0000,6.698670831661904,8.959999999999999,5.38,ACTIVE,false,,0.907481667374611,15.119199853756271
2026,4,2026-10-01T04:01:17.312087+0000,22d428b,offense,00-0033119,2578570,Jacoby Brissett,QB,ARI,NYG,2026-10-04T17:00:00.000000+0000,17.555383433432965,16.136,15.86,ACTIVE,false,,4.525190741849497,28.58226402985146
2026,4,2026-10-01T04:01:17.312087+0000,22d428b,offense,00-0033217,2998565,Mo Alie-Cox,TE,IND,WAS,2026-10-04T13:30:00.000000+0000,1.9386359990815074,3.7600000000000002,0.55,QUESTIONABLE,false,,-0.0016272465766436538,4.940860264028398
2026,4,2026-10-01T04:01:17.312087+0000,22d428b,offense,00-0033246,3052096,Johnny Mundt,TE,PHI,LA,2026-10-04T17:00:00.000000+0000,2.2329230260781556,1.3599999999999999,3.27,ACTIVE,false,,-0.0002495299957151198,6.0919134801442825
2026,4,2026-10-01T04:01:17.312087+0000,22d428b,offense,00-0033280,3117251,Christian McCaffrey,RB,SF,DEN,2026-10-04T20:25:00.000000+0000,19.734750728637735,19.560000000000002,20.24,ACTIVE,false,,4.587624386235273,30.673503414509078
2026,4,2026-10-01T04:01:17.312087+0000,22d428b,offense,00-0033288,3040151,George Kittle,TE,SF,DEN,2026-10-04T20:25:00.000000+0000,12.620876650782911,15.960000000000003,13.71,ACTIVE,false,,3.5370340492640793,21.716053173253453
2026,4,2026-10-01T04:01:17.312087+0000,22d428b,offense,00-0033293,3042519,Aaron Jones,RB,MIN,MIA,2026-10-04T20:05:00.000000+0000,12.973475754357981,12.260000000000002,17.25,ACTIVE,false,,2.894963619843956,23.115378690733905
2026,4,2026-10-01T04:01:17.312087+0000,22d428b,offense,00-0033307,3045523,Kendrick Bourne,WR,ARI,NYG,2026-10-04T17:00:00.000000+0000,6.310165104139711,5.260000000000001,5.42,ACTIVE,false,,0.5142593348489122,14.832506012016601
2026,4,2026-10-01T04:01:17.312087+0000,22d428b,offense,00-0033376,2975417,Patrick Ricard,RB,NYG,ARI,2026-10-04T17:00:00.000000+0000,1.0727929099650755,0.36,0.43,ACTIVE,false,,-0.0008627203011822563,3.6397130302039313
2026,4,2026-10-01T04:01:17.312087+0000,22d428b,offense,00-0033526,3116389,Samaje Perine,RB,CIN,JAX,2026-10-04T17:00:00.000000+0000,4.93125525768224,6.0200000000000005,5.06,ACTIVE,false,,0.4012004076859604,11.35978741560923
2026,4,2026-10-01T04:01:17.312087+0000,22d428b,offense,00-0033537,3122840,Deshaun Watson,QB,CLE,PIT,2026-10-02T00:15:00.000000+0000,14.24399214621456,13.504,14.58,ACTIVE,false,,3.8453957584828196,26.21471121569411
2026,4,2026-10-01T04:01:17.312087+0000,22d428b,offense,00-0033555,2991662,Mack Hollins,WR,NE,BUF,2026-10-04T17:00:00.000000+0000,9.22929114283304,9.92,9.69,ACTIVE,false,,1.7595523375352904,19.838875627510806
2026,4,2026-10-01T04:01:17.312087+0000,22d428b,offense,00-0033576,2975863,Eric Saubert,TE,SEA,LAC,2026-10-04T20:25:00.000000+0000,2.2425052652558186,2.2600000000000002,1.0,ACTIVE,false,,-0.0010281403784894734,6.090892512587119
2026,4,2026-10-01T04:01:17.312087+0000,22d428b,offense,00-0033662,2972515,Cooper Rush,QB,ATL,NO,2026-10-06T00:15:00.000000+0000,6.4870242373946825,1.456,0.0,ACTIVE,false,,-0.3024321898796044,19.33528101930916
2026,4,2026-10-01T04:01:17.312087+0000,22d428b,offense,00-0033699,3068267,Austin Ekeler,RB,WAS,IND,2026-10-04T13:30:00.000000+0000,6.626376915294269,8.06,4.05,ACTIVE,false,,0.40249342045531855,16.194678056861274
2026,4,2026-10-01T04:01:17.312087+0000,22d428b,offense,00-0033757,2975674,Robert Tonyan,TE,PIT,CLE,2026-10-02T00:15:00.000000+0000,0.8814707260965182,0.24,0.0,ACTIVE,false,,-1.6125967416650862e-6,1.037748020608917
2026,4,2026-10-01T04:01:17.312087+0000,22d428b,offense,00-0033854,2983509,Dare Ogunbowale,RB,HOU,DAL,2026-10-04T17:00:00.000000+0000,2.022887119977368,3.1399999999999997,0.0,ACTIVE,false,,-0.034651312098324505,6.682035438651662
2026,4,2026-10-01T04:01:17.312087+0000,22d428b,offense,00-0033858,3054212,Jonnu Smith,TE,GB,TB,2026-10-04T17:00:00.000000+0000,3.6255575307409997,3.94,3.44,ACTIVE,false,,-0.024117572626797788,9.295553777608161
2026,4,2026-10-01T04:01:17.312087+0000,22d428b,offense,00-0033869,3039707,Mitchell Trubisky,QB,TEN,BAL,2026-10-04T17:00:00.000000+0000,6.160214031695538,8.072,0.0,ACTIVE,false,,0.019055982788106884,18.493461565867705
2026,4,2026-10-01T04:01:17.312087+0000,22d428b,offense,00-0033873,3139477,Patrick Mahomes,QB,KC,LV,2026-10-04T20:25:00.000000+0000,18.72458931266697,17.188,18.65,ACTIVE,false,,4.525333333792605,32.89916611635185
2026,4,2026-10-01T04:01:17.312087+0000,22d428b,offense,00-0033881,3051876,Evan Engram,TE,DEN,SF,2026-10-04T20:25:00.000000+0000,5.287006900214682,6.12,5.35,ACTIVE,false,,0.14289910925761962,10.700005226256273
2026,4,2026-10-01T04:01:17.312087+0000,22d428b,offense,00-0033906,3054850,Alvin Kamara,RB,NO,ATL,2026-10-06T00:15:00.000000+0000,7.71543563194751,6.200000000000001,10.57,ACTIVE,false,,1.1797945313722313,15.453813320476616
2026,4,2026-10-01T04:01:17.312087+0000,22d428b,offense,00-0033908,2977187,Cooper Kupp,WR,SEA,LAC,2026-10-04T20:25:00.000000+0000,6.450504376908207,6.12,6.48,ACTIVE,false,,0.44861171139269745,14.061367729066045
2026,4,2026-10-01T04:01:17.312087+0000,22d428b,offense,00-0033921,3116165,Chris Godwin Jr.,WR,TB,GB,2026-10-04T17:00:00.000000+0000,7.853654676769406,9.64,7.05,QUESTIONABLE,false,,0.8605651377209453,17.916950043916554
2026,4,2026-10-01T04:01:17.312087+0000,22d428b,offense,00-0033949,3044720,Joshua Dobbs,QB,DET,CAR,2026-10-05T00:20:00.000000+0000,2.4736171290051665,4.968,0.0,ACTIVE,false,,-0.3326773951926922,12.303853628730195
2026,4,2026-10-01T04:01:17.312087+0000,22d428b,offense,00-0034270,3915486,Tyler Conklin,TE,DET,CAR,2026-10-05T00:20:00.000000+0000,0.8498520680898142,0.76,0.0,ACTIVE,false,,-0.0008913764946022318,1.6179746511173851
2026,4,2026-10-01T04:01:17.312087+0000,22d428b,offense,00-0034272,3051738,Marquez Valdes-Scantling,WR,LAC,SEA,2026-10-04T20:25:00.000000+0000,5.2968081010170485,4.8,1.41,ACTIVE,false,,0.37136906134953274,13.777313719324251
2026,4,2026-10-01T04:01:17.312087+0000,22d428b,offense,00-0034348,3128429,Courtland Sutton,WR,DEN,SF,2026-10-04T20:25:00.000000+0000,9.912548037573137,5.14,10.55,ACTIVE,true,BE,1.535693660497554,19.41159333657954
2026,4,2026-10-01T04:01:17.312087+0000,22d428b,offense,00-0034351,3121023,Dallas Goedert,TE,PHI,LA,2026-10-04T17:00:00.000000+0000,10.078063691492948,14.420000000000002,0.0,DOUBTFUL,false,,1.4129300588026767,17.84594251434964
2026,4,2026-10-01T04:01:17.312087+0000,22d428b,offense,00-0034365,4045305,Ian Thomas,TE,LV,KC,2026-10-04T20:25:00.000000+0000,1.2784011890068856,0.42000000000000004,0.55,ACTIVE,false,,-1.6473745498772907e-7,3.3916627819964944
2026,4,2026-10-01T04:01:17.312087+0000,22d428b,offense,00-0034383,3117256,Dalton Schultz,TE,HOU,DAL,2026-10-04T17:00:00.000000+0000,11.330055240666406,11.14,9.04,ACTIVE,false,,2.7754158742782953,20.90424376370292
2026,4,2026-10-01T04:01:17.312087+0000,22d428b,offense,00-0034419,3123075,Braxton Berrios,WR,NYG,ARI,2026-10-04T17:00:00.000000+0000,1.1354861089514685,0.0,1.1,ACTIVE,false,,-6.169225707706626e-7,3.629243354829441
2026,4,2026-10-01T04:01:17.312087+0000,22d428b,offense,00-0034577,3115293,Kyle Allen,QB,BUF,NE,2026-10-04T17:00:00.000000+0000,1.3291567298079783,0.05199999999999998,0.0,ACTIVE,false,,-0.24201900976821458,7.905221346255017
2026,4,2026-10-01T04:01:17.312087+0000,22d428b,offense,00-0034613,3050481,Tanner Hudson,TE,CIN,JAX,2026-10-04T17:00:00.000000+0000,1.9408741403124492,2.2399999999999998,1.17,ACTIVE,false,,0.00006311740582707519,5.052057762193327
2026,4,2026-10-01T04:01:17.312087+0000,22d428b,offense,00-0034753,3116365,Mark Andrews,TE,BAL,TEN,2026-10-04T17:00:00.000000+0000,8.389241122346728,7.080000000000001,10.02,ACTIVE,false,,1.6086555736147463,16.8756427751684
2026,4,2026-10-01T04:01:17.312087+0000,22d428b,offense,00-0034771,3116407,Mason Rudolph,QB,PIT,CLE,2026-10-02T00:15:00.000000+0000,3.87235181281754,2.964,0.0,ACTIVE,false,,-0.4020130497160673,15.342346299270787
2026,4,2026-10-01T04:01:17.312087+0000,22d428b,offense,00-0034796,3916387,Lamar Jackson,QB,BAL,TEN,2026-10-04T17:00:00.000000+0000,19.33440951146664,17.072,21.14,QUESTIONABLE,false,,4.154286107552342,30.32430859688456
2026,4,2026-10-01T04:01:17.312087+0000,22d428b,offense,00-0034798,3052897,Durham Smythe,TE,BAL,TEN,2026-10-04T17:00:00.000000+0000,1.8484105066976524,0.7,1.4,QUESTIONABLE,false,,-6.134885744542797e-6,5.057167023831998
2026,4,2026-10-01T04:01:17.312087+0000,22d428b,offense,00-0034827,3915416,DJ Moore,WR,BUF,NE,2026-10-04T17:00:00.000000+0000,10.181105711165992,7.4799999999999995,12.96,QUESTIONABLE,false,,2.1455644215252496,20.28896643982795
2026,4,2026-10-01T04:01:17.312087+0000,22d428b,offense,00-0034829,3116164,Mike Gesicki,TE,CIN,JAX,2026-10-04T17:00:00.000000+0000,7.022352736526719,8.3,7.45,ACTIVE,false,,1.1365187539361,15.808824842811303
2026,4,2026-10-01T04:01:17.312087+0000,22d428b,offense,00-0034837,3925357,Calvin Ridley,WR,TEN,BAL,2026-10-04T17:00:00.000000+0000,2.6380968151649102,2.12,2.39,ACTIVE,false,,-0.0010359778480270297,8.044135432933354
2026,4,2026-10-01T04:01:17.312087+0000,22d428b,offense,00-0034844,3929630,Saquon Barkley,RB,PHI,LA,2026-10-04T17:00:00.000000+0000,11.29300291644137,9.8,14.2,ACTIVE,false,,2.059540078062313,21.731818688890918
2026,4,2026-10-01T04:01:17.312087+0000,22d428b,offense,00-0034854,3047876,KhaDarel Hodge,WR,SF,DEN,2026-10-04T20:25:00.000000+0000,1.3597350298938728,0.5599999999999999,,,false,,-1.7203204596874067e-6,4.9596609060587316
2026,4,2026-10-01T04:01:17.312087+0000,22d428b,offense,00-0034855,3052587,Baker Mayfield,QB,TB,GB,2026-10-04T17:00:00.000000+0000,14.539747387258686,13.152000000000001,0.0,OUT,false,,3.8611828211759915,27.255171869102444
2026,4,2026-10-01T04:01:17.312087+0000,22d428b,offense,00-0034857,3918298,Josh Allen,QB,BUF,NE,2026-10-04T17:00:00.000000+0000,22.16333528206312,23.424,22.26,ACTIVE,true,QB,4.526597205892568,33.96604104571375
2026,4,2026-10-01T04:01:17.312087+0000,22d428b,offense,00-0034869,3912547,Sam Darnold,QB,SEA,LAC,2026-10-04T20:25:00.000000+0000,14.03233760403796,12.516,16.07,ACTIVE,false,,3.4174783987823103,24.743015441064315
2026,4,2026-10-01T04:01:17.312087+0000,22d428b,offense,00-0034959,3125107,Andrew Beck,RB,NYJ,CHI,2026-10-04T17:00:00.000000+0000,2.634508228643016,7.415527359238695,0.0,ACTIVE,false,,-0.0022349944785205493,9.611731606868698
2026,4,2026-10-01T04:01:17.312087+0000,22d428b,offense,00-0034960,3916433,Jakobi Meyers,WR,JAX,CIN,2026-10-04T17:00:00.000000+0000,11.259627009972931,10.54,10.79,QUESTIONABLE,false,,1.330695887080579,20.695208955232324
2026,4,2026-10-01T04:01:17.312087+0000,22d428b,offense,00-0034975,4038441,Justice Hill,RB,BAL,TEN,2026-10-04T17:00:00.000000+0000,4.7793421255716675,3.840000000000002,5.37,ACTIVE,false,,-0.004822059109295803,11.305607273140525
2026,4,2026-10-01T04:01:17.312087+0000,22d428b,offense,00-0034981,3843945,Foster Moreau,TE,HOU,DAL,2026-10-04T17:00:00.000000+0000,4.18716237982958,3.8200000000000003,3.05,ACTIVE,false,,0.1876125927439135,10.086195632811664
2026,4,2026-10-01T04:01:17.312087+0000,22d428b,offense,00-0035021,4061956,Ashton Dulin,WR,IND,WAS,2026-10-04T13:30:00.000000+0000,1.1717642911236794,1.6000000000000003,2.28,QUESTIONABLE,false,,-0.0008994736991909561,4.804115784208454
2026,4,2026-10-01T04:01:17.312087+0000,22d428b,offense,00-0035125,3917668,Alec Ingold,RB,LAC,SEA,2026-10-04T20:25:00.000000+0000,2.6153930338336453,7.415527359238695,1.37,ACTIVE,false,,-0.011294994100651575,9.061063828281235
2026,4,2026-10-01T04:01:17.312087+0000,22d428b,offense,00-0035208,3917914,Olamide Zaccheaus,WR,ATL,NO,2026-10-06T00:15:00.000000+0000,3.0499399617683944,2.2,3.83,ACTIVE,false,,-0.001517309875402088,9.509155230243525
2026,4,2026-10-01T04:01:17.312087+0000,22d428b,offense,00-0035228,3917315,Kyler Murray,QB,MIN,MIA,2026-10-04T20:05:00.000000+0000,13.880502258016099,11.099999999999998,19.27,ACTIVE,false,,1.489301020979596,25.48398653873183
2026,4,2026-10-01T04:01:17.312087+0000,22d428b,offense,00-0035229,4036133,T.J. Hockenson,TE,MIN,MIA,2026-10-04T20:05:00.000000+0000,7.5521978453288146,6.88,8.1,ACTIVE,false,,0.8576101522723646,16.426383647438616
2026,4,2026-10-01T04:01:17.312087+0000,22d428b,offense,00-0035250,4040761,Devin Singletary,RB,NYG,ARI,2026-10-04T17:00:00.000000+0000,7.503160173836162,9.58,0.0,ACTIVE,false,,0.8869109212825063,16.660018630903632
2026,4,2026-10-01T04:01:17.312087+0000,22d428b,offense,00-0035261,3916148,Tony Pollard,RB,TEN,BAL,2026-10-04T17:00:00.000000+0000,9.969943897979059,9.3,11.72,QUESTIONABLE,false,,2.2611443573341985,20.042686209036496
2026,4,2026-10-01T04:01:17.312087+0000,22d428b,offense,00-0035264,3892775,Jarrett Stidham,QB,DEN,SF,2026-10-04T20:25:00.000000+0000,1.764163464207235,2.696,0.0,ACTIVE,false,,-0.27800814625531345,10.732667513085325
2026,4,2026-10-01T04:01:17.312087+0000,22d428b,offense,00-0035289,4038524,Gardner Minshew,QB,ARI,NYG,2026-10-04T17:00:00.000000+0000,2.1196259178748913,2.2760000000000002,0.0,ACTIVE,false,,-0.315070187681604,11.90424431120099
2026,4,2026-10-01T04:01:17.312087+0000,22d428b,offense,00-0035406,4039057,Lil'Jordan Humphrey,WR,DEN,SF,2026-10-04T20:25:00.000000+0000,2.2728214042380457,3.88,0.0,ACTIVE,false,,-0.020406133049937266,8.029640604823218
2026,4,2026-10-01T04:01:17.312087+0000,22d428b,offense,00-0035500,4037235,Greg Dortch,WR,BUF,NE,2026-10-04T17:00:00.000000+0000,1.936186531193236,4.040000000000001,0.11,ACTIVE,false,,-0.00976012795983643,5.5723617286766665
2026,4,2026-10-01T04:01:17.312087+0000,22d428b,offense,00-0035535,3916945,Darius Slayton,WR,IND,WAS,2026-10-04T13:30:00.000000+0000,7.379414704290318,8.040000000000001,0.0,ACTIVE,false,,0.3914355258929513,17.3942876460188
2026,4,2026-10-01T04:01:17.312087+0000,22d428b,offense,00-0035537,3915411,Ty Johnson,RB,BUF,NE,2026-10-04T17:00:00.000000+0000,8.22014100948239,9.96,4.45,ACTIVE,false,,1.4570187930895628,18.073583315152224
2026,4,2026-10-01T04:01:17.312087+0000,22d428b,offense,00-0035544,3126997,Tom Kennedy,WR,DET,CAR,2026-10-05T00:20:00.000000+0000,0.9026664255077397,0.0,0.11,ACTIVE,false,,-7.440380064539324e-10,2.0670054634316957
2026,4,2026-10-01T04:01:17.312087+0000,22d428b,offense,00-0035594,4037457,Travis Homer,RB,PIT,CLE,2026-10-02T00:15:00.000000+0000,1.3989195677443311,0.32,3.58,ACTIVE,false,,-0.000011351909664569767,3.8358555124697586
2026,4,2026-10-01T04:01:17.312087+0000,22d428b,offense,00-0035631,3127310,Drew Sample,TE,CIN,JAX,2026-10-04T17:00:00.000000+0000,3.1537520078729813,2.480000000000001,2.93,ACTIVE,false,,-0.0022960406312369777,7.506990362001928
2026,4,2026-10-01T04:01:17.312087+0000,22d428b,offense,00-0035640,4047650,DK Metcalf,WR,PIT,CLE,2026-10-02T00:15:00.000000+0000,11.262855188216161,9.9,10.1,ACTIVE,false,,2.979731022078272,23.222271245324716
2026,4,2026-10-01T04:01:17.312087+0000,22d428b,offense,00-0035644,4036131,Noah Fant,TE,NO,ATL,2026-10-06T00:15:00.000000+0000,6.739515840340158,6.42,4.55,ACTIVE,false,,0.8815539390434917,15.248560448434208
2026,4,2026-10-01T04:01:17.312087+0000,22d428b,offense,00-0035659,3121422,Terry McLaurin,WR,WAS,IND,2026-10-04T13:30:00.000000+0000,11.664642026000966,10.219999999999999,12.94,ACTIVE,false,,2.5650455090816475,22.042859947084434
2026,4,2026-10-01T04:01:17.312087+0000,22d428b,offense,00-0035662,4241372,Marquise Brown,WR,PHI,LA,2026-10-04T17:00:00.000000+0000,3.866792044263353,4.4,0.0,QUESTIONABLE,false,,-0.030511075050941007,11.59113419197021
2026,4,2026-10-01T04:01:17.312087+0000,22d428b,offense,00-0035685,4035538,David Montgomery,RB,HOU,DAL,2026-10-04T17:00:00.000000+0000,11.68370810533652,10.519999999999998,13.46,ACTIVE,false,,3.194277822210151,22.44023290165212
2026,4,2026-10-01T04:01:17.312087+0000,22d428b,offense,00-0035689,3930086,Dawson Knox,TE,BUF,NE,2026-10-04T17:00:00.000000+0000,5.390751624266746,6.0200000000000005,3.29,ACTIVE,false,,0.01872466789834383,11.636369468052745
2026,4,2026-10-01T04:01:17.312087+0000,22d428b,offense,00-0035704,3924327,Drew Lock,QB,SEA,LAC,2026-10-04T20:25:00.000000+0000,9.20841074261798,6.756,0.0,ACTIVE,false,,1.8192190461936717,22.577206554966374
2026,4,2026-10-01T04:01:17.312087+0000,22d428b,offense,00-0035710,3917792,Daniel Jones,QB,IND,WAS,2026-10-04T13:30:00.000000+0000,14.043518354067452,9.056000000000001,15.21,ACTIVE,false,,2.754350412929481,27.43877767394357
2026,4,2026-10-01T04:01:17.312087+0000,22d428b,offense,00-0035719,3126486,Deebo Samuel Sr.,WR,SF,DEN,2026-10-04T20:25:00.000000+0000,10.211765245201477,11.06,10.74,ACTIVE,true,BE,1.9507614699872058,19.838892521552957
2026,4,2026-10-01T04:01:17.312087+0000,22d428b,offense,00-0035891,4241983,Cody White,WR,LV,KC,2026-10-04T20:25:00.000000+0000,3.9327388081768375,5.139999999999999,3.8,ACTIVE,false,,0.26454283047703997,8.793088399362524
2026,4,2026-10-01T04:01:17.312087+0000,22d428b,offense,00-0035993,4035671,Tyler Huntley,QB,BAL,TEN,2026-10-04T17:00:00.000000+0000,5.95103267984574,8.028,0.0,ACTIVE,false,,0.05132378538266985,18.638258120299042
2026,4,2026-10-01T04:01:17.312087+0000,22d428b,offense,00-0036040,3929645,Juwan Johnson,TE,NO,ATL,2026-10-06T00:15:00.000000+0000,12.207231079791136,13.780000000000001,10.57,ACTIVE,false,,3.14364643662202,22.175389311410562
2026,4,2026-10-01T04:01:17.312087+0000,22d428b,offense,00-0036139,4038815,Rico Dowdle,RB,PIT,CLE,2026-10-02T00:15:00.000000+0000,8.227829990090893,6.220000000000001,0.0,OUT,false,,1.038511116973204,16.713397160799158
2026,4,2026-10-01T04:01:17.312087+0000,22d428b,offense,00-0036158,4241985,J.K. Dobbins,RB,DEN,SF,2026-10-04T20:25:00.000000+0000,8.61382763240485,5.96,10.09,ACTIVE,false,,1.4025556552351848,17.55044068992309
2026,4,2026-10-01T04:01:17.312087+0000,22d428b,offense,00-0036187,4039505,Reggie Gilliam,RB,NE,BUF,2026-10-04T17:00:00.000000+0000,1.721980247877513,1.0,0.45,QUESTIONABLE,false,,-0.0011623471108347563,5.809741372109054
2026,4,2026-10-01T04:01:17.312087+0000,22d428b,offense,00-0036212,4241479,Tua Tagovailoa,QB,ATL,NO,2026-10-06T00:15:00.000000+0000,8.573979884721208,9.528,0.0,ACTIVE,false,,0.47639995212436254,22.458183426855467
2026,4,2026-10-01T04:01:17.312087+0000,22d428b,offense,00-0036223,4242335,Jonathan Taylor,RB,IND,WAS,2026-10-04T13:30:00.000000+0000,20.5087007850981,17.36,20.37,ACTIVE,true,RB,4.587707015781548,32.16410836826102
2026,4,2026-10-01T04:01:17.312087+0000,22d428b,offense,00-0036244,4242557,Colby Parkinson,TE,LA,PHI,2026-10-04T17:00:00.000000+0000,6.813260654890729,7.200000000000001,6.76,QUESTIONABLE,false,,0.36506535415462726,12.623524384042025
2026,4,2026-10-01T04:01:17.312087+0000,22d428b,offense,00-0036252,4035687,Michael Pittman,WR,PIT,CLE,2026-10-02T00:15:00.000000+0000,8.239687969608266,5.260000000000001,9.75,ACTIVE,false,,0.8106811613654262,17.756273334468318
2026,4,2026-10-01T04:01:17.312087+0000,22d428b,offense,00-0036259,3886598,Jauan Jennings,WR,MIN,MIA,2026-10-04T20:05:00.000000+0000,6.054709116015504,7.779999999999999,5.53,ACTIVE,false,,0.40208772194639747,15.828353113470284
2026,4,2026-10-01T04:01:17.312087+0000,22d428b,offense,00-0036264,4036378,Jordan Love,QB,GB,TB,2026-10-04T17:00:00.000000+0000,15.648477063765219,13.896,14.95,ACTIVE,false,,4.452710063019741,27.135879009458566
2026,4,2026-10-01T04:01:17.312087+0000,22d428b,offense,00-0036265,4239934,AJ Dillon,RB,CAR,DET,2026-10-05T00:20:00.000000+0000,2.5028862582569347,1.64,4.87,ACTIVE,false,,-0.00021133622930214282,7.57361630837692
2026,4,2026-10-01T04:01:17.312087+0000,22d428b,offense,00-0036275,4259545,D'Andre Swift,RB,CHI,NYJ,2026-10-04T17:00:00.000000+0000,16.460182726458903,16.759999999999998,14.9,ACTIVE,false,,4.375712996822262,26.004765240951343
2026,4,2026-10-01T04:01:17.312087+0000,22d428b,offense,00-0036290,4258595,Cole Kmet,TE,CHI,NYJ,2026-10-04T17:00:00.000000+0000,4.535869739923747,4.140000000000001,2.7,ACTIVE,false,,-0.015061076827593297,10.416422456921993
2026,4,2026-10-01T04:01:17.312087+0000,22d428b,offense,00-0036309,4040655,Darnell Mooney,WR,NYG,ARI,2026-10-04T17:00:00.000000+0000,5.971919227130739,5.380000000000001,6.09,ACTIVE,false,,0.40848485983812066,12.782340075523686
2026,4,2026-10-01T04:01:17.312087+0000,22d428b,offense,00-0036322,4262921,Justin Jefferson,WR,MIN,MIA,2026-10-04T20:05:00.000000+0000,12.790099935592524,14.059999999999999,18.68,QUESTIONABLE,false,,2.997265951147635,24.134024033108194
2026,4,2026-10-01T04:01:17.312087+0000,22d428b,offense,00-0036331,4039050,Devin Duvernay,WR,ARI,NYG,2026-10-04T17:00:00.000000+0000,0.9492353204115117,-1.7763568394002506e-16,0.11,ACTIVE,false,,-0.0035371159826024863,2.7462164589211824
2026,4,2026-10-01T04:01:17.312087+0000,22d428b,offense,00-0036355,4038941,Justin Herbert,QB,LAC,SEA,2026-10-04T20:25:00.000000+0000,14.793359007435587,15.844,12.62,ACTIVE,false,,3.862373157890701,27.630049237106146
2026,4,2026-10-01T04:01:17.312087+0000,22d428b,offense,00-0036358,4241389,CeeDee Lamb,WR,DAL,HOU,2026-10-04T17:00:00.000000+0000,16.313932940016553,16.380000000000003,16.89,ACTIVE,true,WR,4.250484030112481,27.44400143757245
2026,4,2026-10-01T04:01:17.312087+0000,22d428b,offense,00-0036389,4040715,Jalen Hurts,QB,PHI,LA,2026-10-04T17:00:00.000000+0000,16.91381497873489,16.36,17.5,ACTIVE,false,,4.5263810785642065,28.859739400999995
2026,4,2026-10-01T04:01:17.312087+0000,22d428b,offense,00-0036407,4241463,Jerry Jeudy,WR,CLE,PIT,2026-10-02T00:15:00.000000+0000,4.09179863910647,3.839999999999999,4.59,ACTIVE,false,,-0.0170897723324517,10.303717304954727
2026,4,2026-10-01T04:01:17.312087+0000,22d428b,offense,00-0036410,4239993,Tee Higgins,WR,CIN,JAX,2026-10-04T17:00:00.000000+0000,12.765198726429484,14.6,13.68,ACTIVE,false,,3.5370340492640793,23.61764264413895
2026,4,2026-10-01T04:01:17.312087+0000,22d428b,offense,00-0036422,3911853,Adam Trautman,TE,DEN,SF,2026-10-04T20:25:00.000000+0000,1.869341345823949,1.4799999999999993,2.17,ACTIVE,false,,-0.000011004324915387649,5.5254087191515255
2026,4,2026-10-01T04:01:17.312087+0000,22d428b,offense,00-0036425,4240631,DeeJay Dallas,RB,MIN,MIA,2026-10-04T20:05:00.000000+0000,1.9841144166713542,1.28,2.56,ACTIVE,false,,0.00002960525202931735,6.271829981250365
2026,4,2026-10-01T04:01:17.312087+0000,22d428b,offense,00-0036429,4035020,Charlie Woerner,TE,ATL,NO,2026-10-06T00:15:00.000000+0000,1.648575707780559,0.0,0.47,ACTIVE,false,,-0.003535366203126886,4.264585406850169
2026,4,2026-10-01T04:01:17.312087+0000,22d428b,offense,00-0036442,3915511,Joe Burrow,QB,CIN,JAX,2026-10-04T17:00:00.000000+0000,19.672425096347073,18.892,18.18,ACTIVE,false,,4.403102529379022,31.451464433377403
2026,4,2026-10-01T04:01:17.312087+0000,22d428b,offense,00-0036463,4369886,Chris Blair,WR,ATL,NO,2026-10-06T00:15:00.000000+0000,1.7357265133700455,0.72,0.95,ACTIVE,false,,-0.0003353812360826209,6.255732460210229
2026,4,2026-10-01T04:01:17.312087+0000,22d428b,offense,00-0036550,4360939,Rashod Bateman,WR,BAL,TEN,2026-10-04T17:00:00.000000+0000,8.790195888762529,5.84,7.91,ACTIVE,true,BE,1.3402737999744438,17.398096672582486
2026,4,2026-10-01T04:01:17.312087+0000,22d428b,offense,00-0036554,4258173,Nico Collins,WR,HOU,DAL,2026-10-04T17:00:00.000000+0000,13.34111525902181,15.88,15.29,QUESTIONABLE,false,,4.1242874904225255,26.189867295121232
2026,4,2026-10-01T04:01:17.312087+0000,22d428b,offense,00-0036555,4241416,Chuba Hubbard,RB,CAR,DET,2026-10-05T00:20:00.000000+0000,13.30565093295571,11.92,16.34,ACTIVE,false,,3.670657333364037,23.363657818292257
2026,4,2026-10-01T04:01:17.312087+0000,22d428b,offense,00-0036556,4362504,Brevin Jordan,TE,HOU,DAL,2026-10-04T17:00:00.000000+0000,1.7377849413661923,3.46,0.0,ACTIVE,false,,-0.003824269453785144,5.097983509591798
2026,4,2026-10-01T04:01:17.312087+0000,22d428b,offense,00-0036590,4244049,Quintin Morris,TE,JAX,CIN,2026-10-04T17:00:00.000000+0000,1.5347090314732474,1.8399999999999999,1.12,ACTIVE,false,,-0.0008748190121124959,3.9235471655359575
2026,4,2026-10-01T04:01:17.312087+0000,22d428b,offense,00-0036613,4372016,Jaylen Waddle,WR,DEN,SF,2026-10-04T20:25:00.000000+0000,11.295187351494704,8.459999999999999,11.91,ACTIVE,false,,2.0750803819433083,20.904666124625894
2026,4,2026-10-01T04:01:17.312087+0000,22d428b,offense,00-0036626,4361577,Dyami Brown,WR,WAS,IND,2026-10-04T13:30:00.000000+0000,4.344898258561067,1.1800000000000002,2.26,ACTIVE,false,,0.08691647407382118,12.278561246324736
2026,4,2026-10-01T04:01:17.312087+0000,22d428b,offense,00-0036628,4048228,John Bates,TE,WAS,IND,2026-10-04T13:30:00.000000+0000,2.581995029426572,2.9000000000000004,1.6,ACTIVE,false,,-0.0012656274367161622,6.926914414041547
2026,4,2026-10-01T04:01:17.312087+0000,22d428b,offense,00-0036630,4241424,Tylan Wallace,WR,CLE,PIT,2026-10-02T00:15:00.000000+0000,1.0295191476443795,0.0,0.0,OUT,false,,-6.164426625583377e-7,4.315355868077341
2026,4,2026-10-01T04:01:17.312087+0000,22d428b,offense,00-0036637,4240472,Noah Gray,TE,KC,LV,2026-10-04T20:25:00.000000+0000,3.5441870217719127,3.12,3.09,ACTIVE,false,,-0.004598222952441817,8.262852386216338
2026,4,2026-10-01T04:01:17.312087+0000,22d428b,offense,00-0036646,4360739,Simi Fehoko,WR,ARI,NYG,2026-10-04T17:00:00.000000+0000,0.898157871331254,0.0,,,false,,-2.103142930454585e-7,2.371275457318667
2026,4,2026-10-01T04:01:17.312087+0000,22d428b,offense,00-0036754,4242392,Brock Wright,TE,DET,CAR,2026-10-05T00:20:00.000000+0000,2.7624480962114264,2.5800000000000005,1.68,ACTIVE,false,,-0.010827400931889341,7.474141254184554
2026,4,2026-10-01T04:01:17.312087+0000,22d428b,offense,00-0036825,4034948,Feleipe Franks,TE,CAR,DET,2026-10-05T00:20:00.000000+0000,0.8851243062084295,0.0,0.0,ACTIVE,false,,-7.440380064539324e-10,1.202246897048859
2026,4,2026-10-01T04:01:17.312087+0000,22d428b,offense,00-0036842,4035537,Kene Nwangwu,RB,NYJ,CHI,2026-10-04T17:00:00.000000+0000,2.2271280606824564,0.9800000000000001,0.0,ACTIVE,false,,-0.01717029988645209,7.287898330772325
2026,4,2026-10-01T04:01:17.312087+0000,22d428b,offense,00-0036849,4360797,Tutu Atwell,WR,LA,PHI,2026-10-04T17:00:00.000000+0000,2.9898709870847586,1.5400000000000003,0.0,ACTIVE,false,,-0.00268552988174712,8.745141058223373
2026,4,2026-10-01T04:01:17.312087+0000,22d428b,offense,00-0036862,4035656,Ben Skowronek,WR,PIT,CLE,2026-10-02T00:15:00.000000+0000,2.079107984984643,2.1,1.48,ACTIVE,false,,-0.007298808477393314,6.400841622186392
2026,4,2026-10-01T04:01:17.312087+0000,22d428b,offense,00-0036875,4569173,Rhamondre Stevenson,RB,NE,BUF,2026-10-04T17:00:00.000000+0000,10.747948840728231,17.48,11.6,ACTIVE,false,,2.1118744086816377,22.18248849735347
2026,4,2026-10-01T04:01:17.312087+0000,22d428b,offense,00-0036876,4039160,Kylen Granson,TE,TEN,BAL,2026-10-04T17:00:00.000000+0000,1.4661682452939182,1.4,0.0,ACTIVE,false,,-0.002339048736179628,3.78312410525863
2026,4,2026-10-01T04:01:17.312087+0000,22d428b,offense,00-0036879,4241820,Sam Ehlinger,QB,DEN,SF,2026-10-04T20:25:00.000000+0000,1.5733928477425674,0.0,0.0,ACTIVE,false,,-0.06100026667342168,7.609025151344821
2026,4,2026-10-01T04:01:17.312087+0000,22d428b,offense,00-0036887,4040612,Luke Farrell,TE,SF,DEN,2026-10-04T20:25:00.000000+0000,1.9699692312729837,0.78,1.56,ACTIVE,false,,-0.00006095779517490933,5.634607194020069
2026,4,2026-10-01T04:01:17.312087+0000,22d428b,offense,00-0036893,4241457,Najee Harris,RB,NYG,ARI,2026-10-04T17:00:00.000000+0000,3.861593669343708,3.4800000000000004,6.57,ACTIVE,false,,-0.015445760075387257,10.287293407427335
2026,4,2026-10-01T04:01:17.312087+0000,22d428b,offense,00-0036894,4361411,Pat Freiermuth,TE,PIT,CLE,2026-10-02T00:15:00.000000+0000,8.827233859070612,9.1,8.12,ACTIVE,false,,1.261020177275755,16.95533051426463
2026,4,2026-10-01T04:01:17.312087+0000,22d428b,offense,00-0036898,4242546,Davis Mills,QB,HOU,DAL,2026-10-04T17:00:00.000000+0000,10.439831369452603,13.475999999999999,0.0,ACTIVE,false,,1.6508068704524395,23.793098154419464
2026,4,2026-10-01T04:01:17.312087+0000,22d428b,offense,00-0036900,4362628,Ja'Marr Chase,WR,CIN,JAX,2026-10-04T17:00:00.000000+0000,19.86809603570952,20.62,20.44,ACTIVE,false,,4.463953157491382,30.568122808737353
2026,4,2026-10-01T04:01:17.312087+0000,22d428b,offense,00-0036912,4241478,DeVonta Smith,WR,PHI,LA,2026-10-04T17:00:00.000000+0000,14.175409363993781,12.24,15.58,QUESTIONABLE,true,WR,3.7843600189846325,25.192288736030175
2026,4,2026-10-01T04:01:17.312087+0000,22d428b,offense,00-0036919,4371733,Kenny Gainwell,RB,TB,GB,2026-10-04T17:00:00.000000+0000,8.361556289205302,7.7,8.1,ACTIVE,false,,0.8015246046679197,18.366949174895982
2026,4,2026-10-01T04:01:17.312087+0000,22d428b,offense,00-0036924,4240657,Michael Carter,RB,TEN,BAL,2026-10-04T17:00:00.000000+0000,6.5842919141339635,7.640000000000001,0.0,ACTIVE,false,,0.3914627062356567,15.919552697630738
2026,4,2026-10-01T04:01:17.312087+0000,22d428b,offense,00-0036945,4362887,Justin Fields,QB,KC,LV,2026-10-04T20:25:00.000000+0000,8.678251530396544,10.24,0.0,ACTIVE,false,,0.3262004105009798,20.84541812678239
2026,4,2026-10-01T04:01:17.312087+0000,22d428b,offense,00-0036963,4374302,Amon-Ra St. Brown,WR,DET,CAR,2026-10-05T00:20:00.000000+0000,20.602025667986446,23.1,20.13,ACTIVE,false,,4.587597205892568,33.507613586923846
2026,4,2026-10-01T04:01:17.312087+0000,22d428b,offense,00-0036970,4360248,Kyle Pitts,TE,ATL,NO,2026-10-06T00:15:00.000000+0000,4.404236298020109,3.8800000000000012,7.37,ACTIVE,false,,0.016400784630379715,10.42226287982942
2026,4,2026-10-01T04:01:17.312087+0000,22d428b,offense,00-0036971,4360310,Trevor Lawrence,QB,JAX,CIN,2026-10-04T17:00:00.000000+0000,18.526162515276134,19.692,18.44,ACTIVE,false,,4.526597205892568,30.49510162670901
2026,4,2026-10-01T04:01:17.312087+0000,22d428b,offense,00-0036972,4241464,Mac Jones,QB,SF,DEN,2026-10-04T20:25:00.000000+0000,1.9426066701491105,4.491999999999999,0.0,ACTIVE,false,,-0.4245870327087339,10.397717052643408
2026,4,2026-10-01T04:01:17.312087+0000,22d428b,offense,00-0036973,4239996,Travis Etienne,RB,NO,ATL,2026-10-06T00:15:00.000000+0000,12.080356681326734,9.38,0.0,OUT,false,,2.554927683925248,21.754172083559936
2026,4,2026-10-01T04:01:17.312087+0000,22d428b,offense,00-0036980,4372414,Elijah Moore,WR,PHI,LA,2026-10-04T17:00:00.000000+0000,2.090137072929919,1.9400000000000017,0.0,ACTIVE,false,,-0.007405039336893701,6.829191372925013
2026,4,2026-10-01T04:01:17.312087+0000,22d428b,offense,00-0036988,4242433,Josh Palmer,WR,BUF,NE,2026-10-04T17:00:00.000000+0000,4.187344386545122,5.0,2.52,ACTIVE,false,,0.16254914706330797,10.700416207094857
2026,4,2026-10-01T04:01:17.312087+0000,22d428b,offense,00-0036997,4361579,Javonte Williams,RB,DAL,HOU,2026-10-04T17:00:00.000000+0000,16.12446010890138,13.64,14.59,ACTIVE,false,,4.239425042073395,26.27307053647067
2026,4,2026-10-01T04:01:17.312087+0000,22d428b,offense,00-0037004,4239944,Hunter Long,TE,ARI,NYG,2026-10-04T17:00:00.000000+0000,1.3273868782373515,0.6200000000000003,1.07,ACTIVE,false,,-3.8072552639939437e-7,3.171157443175337
2026,4,2026-10-01T04:01:17.312087+0000,22d428b,offense,00-0037005,4372780,Tommy Tremble,TE,CAR,DET,2026-10-05T00:20:00.000000+0000,5.585109639591977,5.68,5.96,ACTIVE,false,,0.33292155098517057,13.356803073877472
2026,4,2026-10-01T04:01:17.312087+0000,22d428b,offense,00-0037012,4383351,Trey Lance,QB,LAC,SEA,2026-10-04T20:25:00.000000+0000,6.0719279898558725,5.180000000000001,0.0,QUESTIONABLE,false,,0.002561684541460163,17.364545017573377
2026,4,2026-10-01T04:01:17.312087+0000,22d428b,offense,00-0037013,4361259,Zach Wilson,QB,NO,ATL,2026-10-06T00:15:00.000000+0000,1.3852255637463227,0.08399999999999931,0.0,ACTIVE,false,,-0.2565304967780209,8.52046708900756
2026,4,2026-10-01T04:01:17.312087+0000,22d428b,offense,00-0037077,4426875,Sam Howell,QB,DAL,HOU,2026-10-04T17:00:00.000000+0000,4.19771122182435,2.2960000000000003,0.0,ACTIVE,false,,0.013987686928504786,16.754694209395243
2026,4,2026-10-01T04:01:17.312087+0000,22d428b,offense,00-0037085,4362748,Tyler Badie,RB,DEN,SF,2026-10-04T20:25:00.000000+0000,3.2959293022462486,2.62,1.88,ACTIVE,false,,-0.00377030903722085,10.16078412473666
2026,4,2026-10-01T04:01:17.312087+0000,22d428b,offense,00-0037091,4259305,Bo Melton,WR,GB,TB,2026-10-04T17:00:00.000000+0000,1.4626649895147736,1.28,2.02,ACTIVE,false,,-0.0008771248602404365,5.9214517787355625
2026,4,2026-10-01T04:01:17.312087+0000,22d428b,offense,00-0037093,4401805,Dareke Young,WR,LV,KC,2026-10-04T20:25:00.000000+0000,1.1619565799158282,0.74,1.62,ACTIVE,false,,-1.4761609523570668e-7,4.011004126127651
2026,4,2026-10-01T04:01:17.312087+0000,22d428b,offense,00-0037120,4429676,Tyler Goodson,RB,DAL,HOU,2026-10-04T17:00:00.000000+0000,2.6824573945616583,0.78,3.55,ACTIVE,false,,-0.0002642920401734619,7.85075888074112
2026,4,2026-10-01T04:01:17.312087+0000,22d428b,offense,00-0037132,3926231,Britain Covey,WR,PHI,LA,2026-10-04T17:00:00.000000+0000,0.9326202695927283,0.7999999999999996,,,false,,-6.264112142435327e-6,2.5024717010678623
2026,4,2026-10-01T04:01:17.312087+0000,22d428b,offense,00-0037157,4427728,Bam Knight,RB,ARI,NYG,2026-10-04T17:00:00.000000+0000,2.572595472119792,5.08,0.0,ACTIVE,false,,-0.044673714134230075,6.741627750102703
2026,4,2026-10-01T04:01:17.312087+0000,22d428b,offense,00-0037228,4569987,Jaylen Warren,RB,PIT,CLE,2026-10-02T00:15:00.000000+0000,12.875048648435845,12.38,16.55,ACTIVE,true,RB/WR/TE,3.880616543281308,22.724285626981413
2026,4,2026-10-01T04:01:17.312087+0000,22d428b,offense,00-0037238,4426502,Drake London,WR,ATL,NO,2026-10-06T00:15:00.000000+0000,15.183038382116704,12.4,16.71,ACTIVE,false,,2.8726202994551673,25.7004998988656
2026,4,2026-10-01T04:01:17.312087+0000,22d428b,offense,00-0037239,4361370,Chris Olave,WR,NO,ATL,2026-10-06T00:15:00.000000+0000,18.555012254442666,26.639999999999997,18.26,ACTIVE,false,,4.587598653722132,31.97114726069197
2026,4,2026-10-01T04:01:17.312087+0000,22d428b,offense,00-0037240,4426388,Jameson Williams,WR,DET,CAR,2026-10-05T00:20:00.000000+0000,10.823284263164105,8.360000000000001,10.38,ACTIVE,false,,1.8541760608755238,21.65889259766904
2026,4,2026-10-01T04:01:17.312087+0000,22d428b,offense,00-0037247,4426354,George Pickens,WR,DAL,HOU,2026-10-04T17:00:00.000000+0000,13.490746658612176,8.940000000000001,13.74,ACTIVE,false,,3.08355204933622,23.799901188754024
2026,4,2026-10-01T04:01:17.312087+0000,22d428b,offense,00-0037248,4379399,James Cook,RB,BUF,NE,2026-10-04T17:00:00.000000+0000,17.418865511150752,12.080000000000002,17.46,ACTIVE,false,,4.168279305681169,30.526319202712703
2026,4,2026-10-01T04:01:17.312087+0000,22d428b,offense,00-0037252,4367209,Greg Dulcich,TE,MIA,MIN,2026-10-04T20:05:00.000000+0000,7.903852188862461,8.040000000000001,6.3,ACTIVE,false,,0.9174029673332361,16.36862093844466
2026,4,2026-10-01T04:01:17.312087+0000,22d428b,offense,00-0037256,4697815,Rachaad White,RB,WAS,IND,2026-10-04T13:30:00.000000+0000,9.061847630209794,7.9799999999999995,8.35,QUESTIONABLE,true,BE,1.390184956672669,18.29463810925408
2026,4,2026-10-01T04:01:17.312087+0000,22d428b,offense,00-0037261,4373678,Khalil Shakir,WR,BUF,NE,2026-10-04T17:00:00.000000+0000,8.362460531339888,6.859999999999999,9.76,ACTIVE,false,,1.592768516861355,18.199310556244672
2026,4,2026-10-01T04:01:17.312087+0000,22d428b,offense,00-0037263,4373626,Tyler Allgeier,RB,ARI,NYG,2026-10-04T17:00:00.000000+0000,7.157406909354402,4.6,8.04,ACTIVE,false,,0.73596031522959,14.810599145906828
2026,4,2026-10-01T04:01:17.312087+0000,22d428b,offense,00-0037291,4382466,Jalen Nailor,WR,LV,KC,2026-10-04T20:25:00.000000+0000,5.155586120680707,3.62,6.81,ACTIVE,false,,0.11356796420657304,13.85130107639829
2026,4,2026-10-01T04:01:17.312087+0000,22d428b,offense,00-0037292,4722908,Andrew Ogletree,TE,IND,WAS,2026-10-04T13:30:00.000000+0000,1.1798686777275833,0.41999999999999976,1.04,ACTIVE,false,,-8.45186919650309e-6,3.6021436902829196
2026,4,2026-10-01T04:01:17.312087+0000,22d428b,offense,00-0037304,4241961,Connor Heyward,RB,LV,KC,2026-10-04T20:25:00.000000+0000,1.8215811226026917,0.0,0.3,ACTIVE,false,,-0.007464487100307569,6.111848931972382
2026,4,2026-10-01T04:01:17.312087+0000,22d428b,offense,00-0037311,4034779,Ko Kieft,TE,TB,GB,2026-10-04T17:00:00.000000+0000,0.8340901810486826,0.0,0.0,QUESTIONABLE,false,,-2.0033414793348336e-7,0.7224984501382471
2026,4,2026-10-01T04:01:17.312087+0000,22d428b,offense,00-0037317,4249624,Nick Muse,TE,ATL,NO,2026-10-06T00:15:00.000000+0000,1.129967097966177,0.0,,,false,,-2.0989132982620918e-7,2.05203079862423
2026,4,2026-10-01T04:01:17.312087+0000,22d428b,offense,00-0037524,4245144,Tay Martin,WR,DET,CAR,2026-10-05T00:20:00.000000+0000,0.9026664255077397,0.38,0.0,ACTIVE,false,,-3.0037051742910834e-6,2.1286709302655913
2026,4,2026-10-01T04:01:17.312087+0000,22d428b,offense,00-0037545,4032473,Rashid Shaheed,WR,SEA,LAC,2026-10-04T20:25:00.000000+0000,5.320859540561473,2.9400000000000004,8.23,ACTIVE,false,,0.16245359608801077,14.200169604742213
2026,4,2026-10-01T04:01:17.312087+0000,22d428b,offense,00-0037594,4367567,Julius Chestnut,RB,TEN,BAL,2026-10-04T17:00:00.000000+0000,0.8938165970468227,0.02,0.0,ACTIVE,false,,-0.005823246417296223,2.1676518888692855
2026,4,2026-10-01T04:01:17.312087+0000,22d428b,offense,00-0037614,4567096,John Metchie III,WR,CAR,DET,2026-10-05T00:20:00.000000+0000,4.627614166887089,4.680000000000001,2.23,ACTIVE,false,,0.023442769669427578,12.08604567948913
2026,4,2026-10-01T04:01:17.312087+0000,22d428b,offense,00-0037666,4249417,Jalen Tolbert,WR,MIA,MIN,2026-10-04T20:05:00.000000+0000,2.5697252416187464,1.42,0.0,ACTIVE,false,,-0.000604863122799796,9.520234871175568
2026,4,2026-10-01T04:01:17.312087+0000,22d428b,offense,00-0037740,4569618,Garrett Wilson,WR,NYJ,CHI,2026-10-04T17:00:00.000000+0000,14.235289947329367,12.319999999999999,16.48,ACTIVE,false,,3.927101361997475,25.770351190353782
2026,4,2026-10-01T04:01:17.312087+0000,22d428b,offense,00-0037741,4361409,Jahan Dotson,WR,ATL,NO,2026-10-06T00:15:00.000000+0000,5.388813615349723,3.0200000000000005,6.14,ACTIVE,false,,0.42107491959413973,13.519138901049457
2026,4,2026-10-01T04:01:17.312087+0000,22d428b,offense,00-0037742,4567156,Treylon Burks,WR,WAS,IND,2026-10-04T13:30:00.000000+0000,4.501886050374239,3.9200000000000004,4.34,ACTIVE,false,,0.06489707705973577,11.781876345433611
2026,4,2026-10-01T04:01:17.312087+0000,22d428b,offense,00-0037744,4361307,Trey McBride,TE,ARI,NYG,2026-10-04T17:00:00.000000+0000,18.17021370581951,19.240000000000002,17.42,ACTIVE,false,,4.587597205892568,28.090342593142413
2026,4,2026-10-01T04:01:17.312087+0000,22d428b,offense,00-0037746,4241474,Brian Robinson,RB,ATL,NO,2026-10-06T00:15:00.000000+0000,5.721544199958449,5.5,6.07,ACTIVE,false,,0.4613369003890795,13.918963897238113
2026,4,2026-10-01T04:01:17.312087+0000,22d428b,offense,00-0037755,4241410,Jelani Woods,TE,NYJ,CHI,2026-10-04T17:00:00.000000+0000,1.303331586213466,0.8800000000000001,2.15,ACTIVE,false,,-9.055709391214101e-6,3.722566916143583
2026,4,2026-10-01T04:01:17.312087+0000,22d428b,offense,00-0037801,3676833,KaVontae Turpin,WR,DAL,HOU,2026-10-04T17:00:00.000000+0000,3.2239582681197807,5.4,2.18,ACTIVE,false,,-0.0014672030019339183,8.552471699978275
2026,4,2026-10-01T04:01:17.312087+0000,22d428b,offense,00-0037805,4361372,Jeremy Ruckert,TE,NYJ,CHI,2026-10-04T17:00:00.000000+0000,4.391533457325411,4.0,4.18,QUESTIONABLE,false,,0.11402261519489604,9.63612627284557
2026,4,2026-10-01T04:01:17.312087+0000,22d428b,offense,00-0037809,4360635,Chig Okonkwo,TE,WAS,IND,2026-10-04T13:30:00.000000+0000,6.817600776387848,8.8,6.66,QUESTIONABLE,false,,0.4502870368788983,15.720045663799604
2026,4,2026-10-01T04:01:17.312087+0000,22d428b,offense,00-0037816,4361432,Romeo Doubs,WR,NE,BUF,2026-10-04T17:00:00.000000+0000,7.774414650981833,9.82,9.77,ACTIVE,false,,0.9063708052840092,18.101882376849854
2026,4,2026-10-01T04:01:17.312087+0000,22d428b,offense,00-0037834,4361741,Brock Purdy,QB,SF,DEN,2026-10-04T20:25:00.000000+0000,19.26989665995128,24.592000000000002,18.65,ACTIVE,true,BE,4.526597205892568,30.919378420961422
2026,4,2026-10-01T04:01:17.312087+0000,22d428b,offense,00-0037838,4361050,Isaiah Likely,TE,NYG,ARI,2026-10-04T17:00:00.000000+0000,11.383271700001448,10.06,11.75,ACTIVE,false,,2.7009972979416013,20.367992098684525
2026,4,2026-10-01T04:01:17.312087+0000,22d428b,offense,00-0037840,4430737,Kyren Williams,RB,LA,PHI,2026-10-04T17:00:00.000000+0000,14.73239291960378,16.020000000000003,13.03,ACTIVE,false,,3.942074222668313,25.406928181041756
2026,4,2026-10-01T04:01:17.312087+0000,22d428b,offense,00-0038041,4242355,Jake Ferguson,TE,DAL,HOU,2026-10-04T17:00:00.000000+0000,8.88914984711499,8.26,8.13,ACTIVE,false,,1.4841650412686929,17.628552415058504
2026,4,2026-10-01T04:01:17.312087+0000,22d428b,offense,00-0038046,4241263,Charlie Kolar,TE,LAC,SEA,2026-10-04T20:25:00.000000+0000,1.9908706500973583,1.5799999999999996,0.0,DOUBTFUL,false,,-0.0008235475192081563,5.831802615441976
2026,4,2026-10-01T04:01:17.312087+0000,22d428b,offense,00-0038090,4430191,Skyy Moore,WR,GB,TB,2026-10-04T17:00:00.000000+0000,3.870457239143843,1.9400000000000002,6.32,ACTIVE,false,,0.0901786042107561,10.922878239727748
2026,4,2026-10-01T04:01:17.312087+0000,22d428b,offense,00-0038102,4240703,Kenny Pickett,QB,CAR,DET,2026-10-05T00:20:00.000000+0000,2.284542218463639,0.5840000000000002,0.0,ACTIVE,false,,-0.25229321707144625,10.71731967614648
2026,4,2026-10-01T04:01:17.312087+0000,22d428b,offense,00-0038104,4362921,Tyquan Thornton,WR,KC,LV,2026-10-04T20:25:00.000000+0000,5.270452804383682,5.48,5.14,ACTIVE,false,,0.14290055708718488,12.187440629659458
2026,4,2026-10-01T04:01:17.312087+0000,22d428b,offense,00-0038115,4361516,Daniel Bellinger,TE,TEN,BAL,2026-10-04T17:00:00.000000+0000,2.3319765988120014,4.040000000000001,2.43,ACTIVE,false,,-0.0019215150328189792,6.922453898644799
2026,4,2026-10-01T04:01:17.312087+0000,22d428b,offense,00-0038117,4569587,Wan'Dale Robinson,WR,TEN,BAL,2026-10-04T17:00:00.000000+0000,11.061184434992084,11.379999999999999,9.15,ACTIVE,false,,1.7234105844634853,21.13058460694059
2026,4,2026-10-01T04:01:17.312087+0000,22d428b,offense,00-0038120,4427366,Breece Hall,RB,NYJ,CHI,2026-10-04T17:00:00.000000+0000,12.893530077311475,14.34,0.0,DOUBTFUL,false,,4.045977879472539,22.787538990801664
2026,4,2026-10-01T04:01:17.312087+0000,22d428b,offense,00-0038124,4248528,Christian Watson,WR,GB,TB,2026-10-04T17:00:00.000000+0000,14.795441022254252,19.080000000000002,14.44,ACTIVE,false,,4.515026217761512,26.521662813616754
2026,4,2026-10-01T04:01:17.312087+0000,22d428b,offense,00-0038128,4242512,Malik Willis,QB,MIA,MIN,2026-10-04T20:05:00.000000+0000,13.59350362603485,16.788,11.71,ACTIVE,false,,3.6194991197705413,25.016147915156324
2026,4,2026-10-01T04:01:17.312087+0000,22d428b,offense,00-0038129,4243331,Cade Otton,TE,TB,GB,2026-10-04T17:00:00.000000+0000,9.776230011336025,10.540000000000001,7.9,ACTIVE,false,,1.3618380738451246,18.552726846232027
2026,4,2026-10-01T04:01:17.312087+0000,22d428b,offense,00-0038134,4567048,Kenneth Walker III,RB,KC,LV,2026-10-04T20:25:00.000000+0000,19.051961638139883,20.84,20.49,ACTIVE,false,,4.516478801819551,33.256240026499455
2026,4,2026-10-01T04:01:17.312087+0000,22d428b,offense,00-0038359,4386544,Xavier Smith,WR,LA,PHI,2026-10-04T17:00:00.000000+0000,1.8134343605184162,2.46,0.66,ACTIVE,false,,-0.00392973797823199,6.055578110804737
2026,4,2026-10-01T04:01:17.312087+0000,22d428b,offense,00-0038393,4428850,Dontayvion Wicks,WR,PHI,LA,2026-10-04T17:00:00.000000+0000,9.29313507047635,7.56,9.86,ACTIVE,false,,1.8171058559939157,19.77268855868126
2026,4,2026-10-01T04:01:17.312087+0000,22d428b,offense,00-0038400,4685201,Tanner McKee,QB,PHI,LA,2026-10-04T17:00:00.000000+0000,4.591297214126526,6.524000000000001,0.0,ACTIVE,false,,0.002561684541460163,16.21441608586144
2026,4,2026-10-01T04:01:17.312087+0000,22d428b,offense,00-0038416,4434153,Tyson Bagent,QB,CHI,NYJ,2026-10-04T17:00:00.000000+0000,3.1767838996119986,0.9880000000000002,0.0,ACTIVE,false,,-0.2646695251908149,12.358924765906842
2026,4,2026-10-01T04:01:17.312087+0000,22d428b,offense,00-0038454,4596334,Keaton Mitchell,RB,LAC,SEA,2026-10-04T20:25:00.000000+0000,6.242062408844862,5.1,4.84,QUESTIONABLE,false,,0.8503352657143465,13.822958562525486
2026,4,2026-10-01T04:01:17.312087+0000,22d428b,offense,00-0038476,4240391,Tommy DeVito,QB,NE,BUF,2026-10-04T17:00:00.000000+0000,4.693941803833098,3.088,0.0,ACTIVE,false,,-0.1422406694071391,14.975501962282191
2026,4,2026-10-01T04:01:17.312087+0000,22d428b,offense,00-0038488,4243176,Brady Russell,RB,SEA,LAC,2026-10-04T20:25:00.000000+0000,1.6966334775526077,1.4,0.44,ACTIVE,false,,0.00004315706829967866,5.088608980114409
2026,4,2026-10-01T04:01:17.312087+0000,22d428b,offense,00-0038489,4372070,Ben VanSumeren,RB,KC,LV,2026-10-04T20:25:00.000000+0000,1.0706368750120157,0.2,,,false,,0.000025997039800760495,3.2019315694654447
2026,4,2026-10-01T04:01:17.312087+0000,22d428b,offense,00-0038498,4248557,E.J. Jenkins,TE,PHI,LA,2026-10-04T17:00:00.000000+0000,0.8967722028444828,0.0,1.0,ACTIVE,false,,-2.2716279131639789e-10,1.3795668500418286
2026,4,2026-10-01T04:01:17.312087+0000,22d428b,offense,00-0038519,4372716,Nikko Remigio,WR,KC,LV,2026-10-04T20:25:00.000000+0000,0.8807995240739258,0.0,0.09,ACTIVE,false,,-7.440380064539324e-10,1.777908303587381
2026,4,2026-10-01T04:01:17.312087+0000,22d428b,offense,00-0038542,4430807,Bijan Robinson,RB,ATL,NO,2026-10-06T00:15:00.000000+0000,19.322764537428853,24.980000000000004,21.51,ACTIVE,false,,4.587707167758052,33.52211138516008
2026,4,2026-10-01T04:01:17.312087+0000,22d428b,offense,00-0038543,4430878,Jaxon Smith-Njigba,WR,SEA,LAC,2026-10-04T20:25:00.000000+0000,18.128255258795527,26.932000000000006,20.98,ACTIVE,false,,4.587597205892568,31.15385026423838
2026,4,2026-10-01T04:01:17.312087+0000,22d428b,offense,00-0038544,4429025,Quentin Johnston,WR,LAC,SEA,2026-10-04T20:25:00.000000+0000,9.192541711024425,9.66,8.53,ACTIVE,false,,1.2190388044483047,20.233610571405
2026,4,2026-10-01T04:01:17.312087+0000,22d428b,offense,00-0038547,4372096,Luke Schoonmaker,TE,DAL,HOU,2026-10-04T17:00:00.000000+0000,1.7535109855856552,1.9600000000000002,0.81,ACTIVE,false,,-0.0008745037936092481,5.030071239236723
2026,4,2026-10-01T04:01:17.312087+0000,22d428b,offense,00-0038551,4599739,Kendre Miller,RB,NO,ATL,2026-10-06T00:15:00.000000+0000,5.222616072107769,4.739999999999999,8.84,ACTIVE,false,,0.28668314182099297,10.792137427503272
2026,4,2026-10-01T04:01:17.312087+0000,22d428b,offense,00-0038555,4429013,Tank Bigsby,RB,PHI,LA,2026-10-04T17:00:00.000000+0000,4.369406692208822,6.220000000000001,2.88,ACTIVE,false,,0.3560238455526128,10.56767941761085
2026,4,2026-10-01T04:01:17.312087+0000,22d428b,offense,00-0038558,4430802,Darnell Washington,TE,PIT,CLE,2026-10-02T00:15:00.000000+0000,5.7911084908285595,4.659999999999999,4.21,ACTIVE,false,,0.03144669779116549,10.681223105125124
2026,4,2026-10-01T04:01:17.312087+0000,22d428b,offense,00-0038559,4360761,Michael Wilson,WR,ARI,NYG,2026-10-04T17:00:00.000000+0000,14.61105956493954,16.22,13.36,ACTIVE,false,,4.463349565438232,26.46614737962485
2026,4,2026-10-01T04:01:17.312087+0000,22d428b,offense,00-0038563,4428718,Tre Tucker,WR,LV,KC,2026-10-04T20:25:00.000000+0000,10.251107040935205,10.239999999999998,9.28,ACTIVE,false,,1.8015046086640443,20.497205103160063
2026,4,2026-10-01T04:01:17.312087+0000,22d428b,offense,00-0038564,4372026,Cameron Latu,TE,NE,BUF,2026-10-04T17:00:00.000000+0000,0.8721414875806945,0.0,0.0,ACTIVE,false,,-2.2716279131639789e-10,1.4115498766561934
2026,4,2026-10-01T04:01:17.312087+0000,22d428b,offense,00-0038573,4362477,Derius Davis,WR,LAC,SEA,2026-10-04T20:25:00.000000+0000,1.1745253333278691,0.3400000000000004,1.99,ACTIVE,false,,-0.0011165251354465393,4.470341215536005
2026,4,2026-10-01T04:01:17.312087+0000,22d428b,offense,00-0038576,4257188,Charlie Jones,WR,NYG,ARI,2026-10-04T17:00:00.000000+0000,1.0947367904853609,0.0,,,false,,-0.005900744516158635,3.682791977777998
2026,4,2026-10-01T04:01:17.312087+0000,22d428b,offense,00-0038579,4260394,Aidan O'Connell,QB,LV,KC,2026-10-04T20:25:00.000000+0000,9.068658646247366,11.292,0.0,QUESTIONABLE,false,,1.222492719234261,21.694405602683364
2026,4,2026-10-01T04:01:17.312087+0000,22d428b,offense,00-0038589,4360086,Josh Whyle,TE,GB,TB,2026-10-04T17:00:00.000000+0000,0.963944851844157,0.64,0.0,ACTIVE,false,,-3.026202210437804e-6,2.3677505411588045
2026,4,2026-10-01T04:01:17.312087+0000,22d428b,offense,00-0038597,4362238,Chase Brown,RB,CIN,JAX,2026-10-04T17:00:00.000000+0000,16.559684528555962,17.4,16.17,ACTIVE,false,,4.024450035858052,25.84210461884603
2026,4,2026-10-01T04:01:17.312087+0000,22d428b,offense,00-0038606,4432620,Parker Washington,WR,JAX,CIN,2026-10-04T17:00:00.000000+0000,14.62134520865037,17.560000000000002,15.33,ACTIVE,false,,4.392724791552881,25.6937509615166
2026,4,2026-10-01T04:01:17.312087+0000,22d428b,offense,00-0038608,4429022,Kayshon Boutte,WR,HOU,DAL,2026-10-04T17:00:00.000000+0000,6.009020427026391,4.18,5.15,ACTIVE,false,,0.5008140527347537,13.30733995220839
2026,4,2026-10-01T04:01:17.312087+0000,22d428b,offense,00-0038611,4362619,Chris Rodriguez Jr.,RB,JAX,CIN,2026-10-04T17:00:00.000000+0000,6.982955258697318,8.5,4.96,ACTIVE,false,,0.40478592837378613,14.109423382892786
2026,4,2026-10-01T04:01:17.312087+0000,22d428b,offense,00-0038618,4686422,Xavier Hutchinson,WR,HOU,DAL,2026-10-04T17:00:00.000000+0000,9.435936591317892,7.94,7.71,ACTIVE,false,,2.1177374043003065,19.798195910840054
2026,4,2026-10-01T04:01:17.312087+0000,22d428b,offense,00-0038621,4427095,DeMario Douglas,WR,NE,BUF,2026-10-04T17:00:00.000000+0000,6.116199334119294,4.12,9.11,ACTIVE,false,,0.5477415958121269,14.118308555293863
2026,4,2026-10-01T04:01:17.312087+0000,22d428b,offense,00-0038640,4692835,Jalen Brooks,WR,ARI,NYG,2026-10-04T17:00:00.000000+0000,0.9526857633925586,0.0,0.03,ACTIVE,false,,-0.003964054569982513,2.8574855341886494
2026,4,2026-10-01T04:01:17.312087+0000,22d428b,offense,00-0038643,4360290,Brayden Willis,TE,SF,DEN,2026-10-04T20:25:00.000000+0000,0.8873671009275536,0.0,0.0,ACTIVE,false,,-2.0033414793348336e-7,1.1386635446238755
2026,4,2026-10-01T04:01:17.312087+0000,22d428b,offense,00-0038685,3149687,Chris Brooks,RB,GB,TB,2026-10-04T17:00:00.000000+0000,4.6427815127861125,3.2199999999999998,3.85,ACTIVE,false,,-0.006763297842994287,10.638396418923746
2026,4,2026-10-01T04:01:17.312087+0000,22d428b,offense,00-0038705,4362478,Emari Demercado,RB,DAL,HOU,2026-10-04T17:00:00.000000+0000,2.6080112480475246,3.04,0.0,ACTIVE,false,,-0.004428320823471792,8.621086264593343
2026,4,2026-10-01T04:01:17.312087+0000,22d428b,offense,00-0038710,4362018,Blake Whiteheart,TE,CLE,PIT,2026-10-02T00:15:00.000000+0000,2.178715491511459,2.2199999999999998,2.38,ACTIVE,false,,2.6112235262999786e-7,5.931161772623635
2026,4,2026-10-01T04:01:17.312087+0000,22d428b,offense,00-0038728,4430681,Jared Wayne,WR,HOU,DAL,2026-10-04T17:00:00.000000+0000,5.247078644315888,2.9,4.71,ACTIVE,false,,0.15893183188437257,13.53151324766663
2026,4,2026-10-01T04:01:17.312087+0000,22d428b,offense,00-0038738,4383396,Hunter Luepke,RB,DAL,HOU,2026-10-04T17:00:00.000000+0000,1.727154347892299,2.24,0.95,ACTIVE,false,,-0.0018507860790896386,5.066520992903333
2026,4,2026-10-01T04:01:17.312087+0000,22d428b,offense,00-0038783,4383440,Nate Adkins,TE,DEN,SF,2026-10-04T20:25:00.000000+0000,4.066285453625226,4.12,1.67,ACTIVE,false,,0.11614736795043538,8.148933815669551
2026,4,2026-10-01T04:01:17.312087+0000,22d428b,offense,00-0038794,4722893,Jaleel McLaughlin,RB,CLE,PIT,2026-10-02T00:15:00.000000+0000,2.7937257416180397,2.96,0.7,ACTIVE,false,,-0.0012051153406705084,8.166229769296802
2026,4,2026-10-01T04:01:17.312087+0000,22d428b,offense,00-0038797,4887558,Emanuel Wilson,RB,SEA,LAC,2026-10-04T20:25:00.000000+0000,7.690750702111097,4.020000000000001,9.6,ACTIVE,false,,1.1449033058649352,16.50101209486558
2026,4,2026-10-01T04:01:17.312087+0000,22d428b,offense,00-0038824,4369466,Ryan Miller,WR,MIA,MIN,2026-10-04T20:05:00.000000+0000,2.3682748146052184,3.6399999999999997,1.21,ACTIVE,false,,-0.009336859834432418,6.288635994451049
2026,4,2026-10-01T04:01:17.312087+0000,22d428b,offense,00-0038839,4690070,Mitchell Tinsley,WR,CIN,JAX,2026-10-04T17:00:00.000000+0000,1.2226544540255864,0.5199999999999997,,,false,,-0.0020360902838695736,4.834104683134395
2026,4,2026-10-01T04:01:17.312087+0000,22d428b,offense,00-0038840,4360763,Brycen Tremayne,WR,CAR,DET,2026-10-05T00:20:00.000000+0000,2.9379699463536335,3.4,5.28,ACTIVE,false,,-0.004685298091327747,8.082563154849685
2026,4,2026-10-01T04:01:17.312087+0000,22d428b,offense,00-0038896,4383429,Jacob Saylors,RB,DET,CAR,2026-10-05T00:20:00.000000+0000,0.8911456030467158,0.0,0.03,ACTIVE,false,,-7.440380064539324e-10,2.6332996096222816
2026,4,2026-10-01T04:01:17.312087+0000,22d428b,offense,00-0038933,4385690,Dalton Kincaid,TE,BUF,NE,2026-10-04T17:00:00.000000+0000,10.389573869980133,10.42,10.69,ACTIVE,false,,2.687319650518036,19.281017095478035
2026,4,2026-10-01T04:01:17.312087+0000,22d428b,offense,00-0038935,4430539,Brenton Strange,TE,JAX,CIN,2026-10-04T17:00:00.000000+0000,7.993898428188824,9.16,7.99,ACTIVE,false,,0.9174015195036709,16.852741359864115
2026,4,2026-10-01T04:01:17.312087+0000,22d428b,offense,00-0038951,4430871,Sean Tucker,RB,TB,GB,2026-10-04T17:00:00.000000+0000,2.257483491757205,2.68,0.56,ACTIVE,false,,-0.055714104811897876,7.044437712755677
2026,4,2026-10-01T04:01:17.312087+0000,22d428b,offense,00-0038976,4686472,Marvin Mims Jr.,WR,DEN,SF,2026-10-04T20:25:00.000000+0000,2.7504977466035725,4.119999999999999,2.65,ACTIVE,false,,-0.05270153675131741,8.361563157246222
2026,4,2026-10-01T04:01:17.312087+0000,22d428b,offense,00-0038994,4429205,Jordan Addison,WR,MIN,MIA,2026-10-04T20:05:00.000000+0000,9.669315424428595,7.68,11.55,ACTIVE,false,,1.3509063759704556,20.58470692286188
2026,4,2026-10-01T04:01:17.312087+0000,22d428b,offense,00-0038996,4572680,Tucker Kraft,TE,GB,TB,2026-10-04T17:00:00.000000+0000,9.917274731798463,11.379999999999999,8.9,ACTIVE,false,,1.2874194975084305,18.812182287424484
2026,4,2026-10-01T04:01:17.312087+0000,22d428b,offense,00-0038997,4688813,Josh Downs,WR,IND,WAS,2026-10-04T13:30:00.000000+0000,11.66575601646845,9.520000000000001,13.65,ACTIVE,false,,3.00770857482305,22.18916229406319
2026,4,2026-10-01T04:01:17.312087+0000,22d428b,offense,00-0039021,4426386,Roschon Johnson,RB,CHI,NYJ,2026-10-04T17:00:00.000000+0000,0.8192388167947293,0.34,0.0,ACTIVE,false,,-0.009331026972179907,2.251415164790834
2026,4,2026-10-01T04:01:17.312087+0000,22d428b,offense,00-0039032,4428557,Tyjae Spears,RB,TEN,BAL,2026-10-04T17:00:00.000000+0000,5.683083766066319,4.9399999999999995,8.02,QUESTIONABLE,false,,0.4167619851690532,12.972781273960415
2026,4,2026-10-01T04:01:17.312087+0000,22d428b,offense,00-0039041,4426844,Elijah Higgins,TE,ARI,NYG,2026-10-04T17:00:00.000000+0000,2.0762322245924585,2.16,1.65,ACTIVE,false,,-0.0008649157132641843,5.792660066332579
2026,4,2026-10-01T04:01:17.312087+0000,22d428b,offense,00-0039050,4372505,Payne Durham,TE,TB,GB,2026-10-04T17:00:00.000000+0000,0.9876535270134981,0.0,0.47,ACTIVE,false,,-0.0040503469181680015,2.530562966393418
2026,4,2026-10-01T04:01:17.312087+0000,22d428b,offense,00-0039062,4426485,Jonathan Mingo,WR,DAL,HOU,2026-10-04T17:00:00.000000+0000,1.1039040836542127,0.4,0.49,ACTIVE,false,,-1.503091085538056e-6,3.8754567180288624
2026,4,2026-10-01T04:01:17.312087+0000,22d428b,offense,00-0039064,4429615,Zay Flowers,WR,BAL,TEN,2026-10-04T17:00:00.000000+0000,15.378126499645772,21.080000000000002,15.35,QUESTIONABLE,false,,3.097554822525805,25.48113491705911
2026,4,2026-10-01T04:01:17.312087+0000,22d428b,offense,00-0039065,4430027,Sam LaPorta,TE,DET,CAR,2026-10-05T00:20:00.000000+0000,13.02087715066318,13.280000000000001,11.18,ACTIVE,false,,2.699552328566538,22.086782175022552
2026,4,2026-10-01T04:01:17.312087+0000,22d428b,offense,00-0039066,4429086,Michael Mayer,TE,LV,KC,2026-10-04T20:25:00.000000+0000,9.485755981131168,10.459999999999999,6.45,ACTIVE,false,,1.44062692718826,18.296666124624313
2026,4,2026-10-01T04:01:17.312087+0000,22d428b,offense,00-0039067,4428331,Rashee Rice,WR,KC,LV,2026-10-04T20:25:00.000000+0000,13.525723554197315,11.5,14.9,ACTIVE,false,,2.2868977748632497,24.010698339190604
2026,4,2026-10-01T04:01:17.312087+0000,22d428b,offense,00-0039074,4426553,Davis Allen,TE,LA,PHI,2026-10-04T17:00:00.000000+0000,2.734261327719973,1.58,2.24,ACTIVE,false,,-0.0002495299957151198,7.049707444432572
2026,4,2026-10-01T04:01:17.312087+0000,22d428b,offense,00-0039075,4426515,Puka Nacua,WR,LA,PHI,2026-10-04T17:00:00.000000+0000,16.68789558159463,25.7,20.51,QUESTIONABLE,false,,4.146891991434586,29.020120636750498
2026,4,2026-10-01T04:01:17.312087+0000,22d428b,offense,00-0039107,4259553,Stetson Bennett,QB,LA,PHI,2026-10-04T17:00:00.000000+0000,2.708228609411468,1.42,0.0,ACTIVE,false,,-0.2211174593237966,13.645122695648002
2026,4,2026-10-01T04:01:17.312087+0000,22d428b,offense,00-0039139,4429795,Jahmyr Gibbs,RB,DET,CAR,2026-10-05T00:20:00.000000+0000,23.402385749168243,25.0,26.18,ACTIVE,false,,4.587707015781548,36.161494091527764
2026,4,2026-10-01T04:01:17.312087+0000,22d428b,offense,00-0039146,4362249,Jayden Reed,WR,GB,TB,2026-10-04T17:00:00.000000+0000,4.262416266833762,4.32,0.0,INJURY_RESERVE,false,,0.09406843860909203,10.910143938120775
2026,4,2026-10-01T04:01:17.312087+0000,22d428b,offense,00-0039150,4685720,Bryce Young,QB,CAR,DET,2026-10-05T00:20:00.000000+0000,17.477773646566536,18.912,20.11,ACTIVE,false,,4.455368839954067,29.97790864960949
2026,4,2026-10-01T04:01:17.312087+0000,22d428b,offense,00-0039163,4432577,C.J. Stroud,QB,HOU,DAL,2026-10-04T17:00:00.000000+0000,16.17287144695775,15.235999999999999,16.84,ACTIVE,false,,4.158002261561013,28.13758096969239
2026,4,2026-10-01T04:01:17.312087+0000,22d428b,offense,00-0039164,4429084,Anthony Richardson,QB,IND,WAS,2026-10-04T13:30:00.000000+0000,6.501029560350091,11.588,0.0,ACTIVE,false,,0.4646041427293444,20.559796717079927
2026,4,2026-10-01T04:01:17.312087+0000,22d428b,offense,00-0039299,4429835,George Holani,RB,SEA,LAC,2026-10-04T20:25:00.000000+0000,6.555072272662403,5.18,5.01,QUESTIONABLE,false,,1.0445571087192767,14.40158034022253
2026,4,2026-10-01T04:01:17.312087+0000,22d428b,offense,00-0039337,4595348,Malik Nabers,WR,NYG,ARI,2026-10-04T17:00:00.000000+0000,10.176680528550484,5.779999999999999,13.62,ACTIVE,false,,1.6639968827998557,18.58517483121587
2026,4,2026-10-01T04:01:17.312087+0000,22d428b,offense,00-0039338,4432665,Brock Bowers,TE,LV,KC,2026-10-04T20:25:00.000000+0000,15.088549066161244,17.520000000000003,15.93,ACTIVE,false,,3.9870759834126863,25.685100236252637
2026,4,2026-10-01T04:01:17.312087+0000,22d428b,offense,00-0039342,4430034,Xavier Legette,WR,CAR,DET,2026-10-05T00:20:00.000000+0000,4.336418931121811,3.4200000000000004,0.0,DOUBTFUL,false,,0.10206121236809858,11.881731893506133
2026,4,2026-10-01T04:01:17.312087+0000,22d428b,offense,00-0039355,4426948,Luke McCaffrey,WR,WAS,IND,2026-10-04T13:30:00.000000+0000,1.748189991583292,3.14,0.01,ACTIVE,false,,-0.0007099943005378046,5.753317481743368
2026,4,2026-10-01T04:01:17.312087+0000,22d428b,offense,00-0039356,4431588,Ja'Tavion Sanders,TE,CAR,DET,2026-10-05T00:20:00.000000+0000,1.9007323578388946,2.6000000000000005,0.0,ACTIVE,false,,-0.003520074731010487,6.300944986535367
2026,4,2026-10-01T04:01:17.312087+0000,22d428b,offense,00-0039359,4426496,Cade Stover,TE,HOU,DAL,2026-10-04T17:00:00.000000+0000,1.319015162178904,0.54,0.26,ACTIVE,false,,-1.5598326987026724e-6,2.9449969099114632
2026,4,2026-10-01T04:01:17.312087+0000,22d428b,offense,00-0039361,4596448,Bucky Irving,RB,TB,GB,2026-10-04T17:00:00.000000+0000,12.98530161832309,12.040000000000001,16.71,QUESTIONABLE,false,,3.8806991728275824,23.687431131119205
2026,4,2026-10-01T04:01:17.312087+0000,22d428b,offense,00-0039364,4912274,Sione Vaki,RB,DET,CAR,2026-10-05T00:20:00.000000+0000,3.0431900743452576,2.1,4.4,ACTIVE,false,,-0.00021133622930214282,8.475214908052402
2026,4,2026-10-01T04:01:17.312087+0000,22d428b,offense,00-0039365,4575665,Jacob Cowing,WR,SF,DEN,2026-10-04T20:25:00.000000+0000,1.81151954973317,1.1400000000000001,2.76,ACTIVE,false,,-0.0008743156574233835,6.519164925229615
2026,4,2026-10-01T04:01:17.312087+0000,22d428b,offense,00-0039376,4426339,Spencer Rattler,QB,NO,ATL,2026-10-06T00:15:00.000000+0000,6.824229859160132,8.068000000000001,0.0,ACTIVE,false,,0.07297557425866671,19.26457675990674
2026,4,2026-10-01T04:01:17.312087+0000,22d428b,offense,00-0039384,4360516,Tyrone Tracy Jr.,RB,NYG,ARI,2026-10-04T17:00:00.000000+0000,4.476399467122215,6.859999999999999,0.79,QUESTIONABLE,false,,-0.045337635539153036,9.094420893704887
2026,4,2026-10-01T04:01:17.312087+0000,22d428b,offense,00-0039391,4430968,Kimani Vidal,RB,LAC,SEA,2026-10-04T20:25:00.000000+0000,1.931828815068339,1.22,2.5,ACTIVE,false,,-0.0008363100271962712,6.203027467055703
2026,4,2026-10-01T04:01:17.312087+0000,22d428b,offense,00-0039407,4366963,Dylan Laube,RB,LV,KC,2026-10-04T20:25:00.000000+0000,0.9381283888421522,0.0,0.05,ACTIVE,false,,-2.612818853389657e-10,2.8400743414604053
2026,4,2026-10-01T04:01:17.312087+0000,22d428b,offense,00-0039410,5083754,Ryan Flournoy,WR,DAL,HOU,2026-10-04T17:00:00.000000+0000,8.719916968526269,7.460000000000001,9.55,ACTIVE,false,,1.457024114788917,19.16561607790168
2026,4,2026-10-01T04:01:17.312087+0000,22d428b,offense,00-0039424,4569559,Devaughn Vele,WR,NO,ATL,2026-10-06T00:15:00.000000+0000,12.612500127394881,11.419999999999998,10.63,ACTIVE,false,,3.240775222556094,22.783859121566312
2026,4,2026-10-01T04:01:17.312087+0000,22d428b,offense,00-0039451,4569371,Isaiah Williams,WR,NYJ,CHI,2026-10-04T17:00:00.000000+0000,6.648401166460125,6.1000000000000005,7.14,ACTIVE,false,,0.10850376900136142,13.988710423969952
2026,4,2026-10-01T04:01:17.312087+0000,22d428b,offense,00-0039489,4428396,Hayden Rucci,TE,LAC,SEA,2026-10-04T20:25:00.000000+0000,1.1421549989600306,0.0,0.94,ACTIVE,false,,-2.2716279131639789e-10,2.6237977693549044
2026,4,2026-10-01T04:01:17.312087+0000,22d428b,offense,00-0039491,4695883,Jalen Coker,WR,CAR,DET,2026-10-05T00:20:00.000000+0000,12.012310116292378,14.5,13.07,QUESTIONABLE,false,,3.680538991726684,22.83865170020922
2026,4,2026-10-01T04:01:17.312087+0000,22d428b,offense,00-0039518,4430684,Treyton Welch,TE,NO,ATL,2026-10-06T00:15:00.000000+0000,0.8244625305384452,0.0,0.0,ACTIVE,false,,-2.612818853389657e-10,1.3326919908329344
2026,4,2026-10-01T04:01:17.312087+0000,22d428b,offense,00-0039530,4360967,Brevyn Spann-Ford,TE,DAL,HOU,2026-10-04T17:00:00.000000+0000,2.1507887685189124,3.0800000000000005,1.41,ACTIVE,false,,-0.0016272031890218841,6.208622018628078
2026,4,2026-10-01T04:01:17.312087+0000,22d428b,offense,00-0039589,5097554,Kameron Johnson,WR,TB,GB,2026-10-04T17:00:00.000000+0000,0.9579781509255333,0.0,0.02,ACTIVE,false,,-7.440380064539324e-10,2.6589562174151533
2026,4,2026-10-01T04:01:17.312087+0000,22d428b,offense,00-0039603,4373273,British Brooks,RB,HOU,DAL,2026-10-04T17:00:00.000000+0000,1.5742434481417917,1.2600000000000002,0.15,QUESTIONABLE,false,,-0.011261274669331765,4.42316839047894
2026,4,2026-10-01T04:01:17.312087+0000,22d428b,offense,00-0039648,4360978,David Martin-Robinson,TE,TEN,BAL,2026-10-04T17:00:00.000000+0000,0.9013114983091943,0.8600000000000001,0.0,ACTIVE,false,,-7.700456902475099e-6,1.7044584414593786
2026,4,2026-10-01T04:01:17.312087+0000,22d428b,offense,00-0039686,4361088,Colson Yankoff,TE,WAS,IND,2026-10-04T13:30:00.000000+0000,1.4753257390902133,0.7200000000000001,0.0,ACTIVE,false,,-2.030192829375677e-6,4.7756365315216165
2026,4,2026-10-01T04:01:17.312087+0000,22d428b,offense,00-0039710,4360637,Jeshaun Jones,WR,MIN,MIA,2026-10-04T20:05:00.000000+0000,1.0451192805412852,0.0,,,false,,-2.6662242047955795e-7,3.4020740363817885
2026,4,2026-10-01T04:01:17.312087+0000,22d428b,offense,00-0039732,4426338,Bo Nix,QB,DEN,SF,2026-10-04T20:25:00.000000+0000,16.26760565118713,14.744,15.27,ACTIVE,false,,4.524013412173059,28.755617208219494
2026,4,2026-10-01T04:01:17.312087+0000,22d428b,offense,00-0039738,4429096,Blake Corum,RB,LA,PHI,2026-10-04T17:00:00.000000+0000,6.45631003328048,5.76,8.12,ACTIVE,false,,0.8503352657143465,14.484842790415168
2026,4,2026-10-01T04:01:17.312087+0000,22d428b,offense,00-0039739,4431492,Roman Wilson,WR,PIT,CLE,2026-10-02T00:15:00.000000+0000,7.093665831479412,5.68,8.35,ACTIVE,false,,1.4633560305744235,15.382526936335182
2026,4,2026-10-01T04:01:17.312087+0000,22d428b,offense,00-0039746,4431545,Will Shipley,RB,PHI,LA,2026-10-04T17:00:00.000000+0000,3.7154733467837753,2.54,3.45,QUESTIONABLE,false,,-0.001559928972360876,9.795098780218684
2026,4,2026-10-01T04:01:17.312087+0000,22d428b,offense,00-0039751,4569382,Jordan Whittington,WR,LA,PHI,2026-10-04T17:00:00.000000+0000,1.4031995090942162,0.9400000000000001,1.89,ACTIVE,false,,-1.5470807605589745e-6,5.045577154518858
2026,4,2026-10-01T04:01:17.312087+0000,22d428b,offense,00-0039792,4696882,Devontez Walker,WR,BAL,TEN,2026-10-04T17:00:00.000000+0000,2.7398370583362115,3.66,2.1,ACTIVE,false,,-0.0036548848968069327,8.05751184380334
2026,4,2026-10-01T04:01:17.312087+0000,22d428b,offense,00-0039793,4576297,AJ Barner,TE,SEA,LAC,2026-10-04T20:25:00.000000+0000,9.06707317110519,7.960000000000001,8.12,ACTIVE,false,,1.0978943432964308,16.822221561314983
2026,4,2026-10-01T04:01:17.312087+0000,22d428b,offense,00-0039794,4685247,Braelon Allen,RB,NYJ,CHI,2026-10-04T17:00:00.000000+0000,6.286783255614741,4.9,12.73,ACTIVE,false,,0.29354325685994775,13.300949300919712
2026,4,2026-10-01T04:01:17.312087+0000,22d428b,offense,00-0039796,4690013,Rasheen Ali,RB,BAL,TEN,2026-10-04T17:00:00.000000+0000,0.9382122211221813,0.5599999999999999,0.0,ACTIVE,false,,-0.005794068903156858,2.211757912552674
2026,4,2026-10-01T04:01:17.312087+0000,22d428b,offense,00-0039798,4695404,Isaiah Davis,RB,NYJ,CHI,2026-10-04T17:00:00.000000+0000,2.236888347313404,5.3,9.29,ACTIVE,false,,-0.0074547102210001225,5.734191978051099
2026,4,2026-10-01T04:01:17.312087+0000,22d428b,offense,00-0039811,4429023,MarShawn Lloyd,RB,GB,TB,2026-10-04T17:00:00.000000+0000,6.715898065951736,4.725,6.49,ACTIVE,false,,0.6568466565033303,14.449738725430109
2026,4,2026-10-01T04:01:17.312087+0000,22d428b,offense,00-0039814,4427834,Erick All,TE,CIN,JAX,2026-10-04T17:00:00.000000+0000,2.060140566994582,2.4200000000000004,1.17,ACTIVE,false,,-0.0006975845906935772,6.528050671396668
2026,4,2026-10-01T04:01:17.312087+0000,22d428b,offense,00-0039816,4429684,Anthony Gould,WR,IND,WAS,2026-10-04T13:30:00.000000+0000,1.0054474244167502,0.26,,,false,,-3.0449251169312372e-6,2.4511084442498268
2026,4,2026-10-01T04:01:17.312087+0000,22d428b,offense,00-0039824,4430723,Jared Wiley,TE,KC,LV,2026-10-04T20:25:00.000000+0000,1.0079222575920959,0.27999999999999997,0.0,ACTIVE,false,,-0.0010865572869371888,1.7639098603615992
2026,4,2026-10-01T04:01:17.312087+0000,22d428b,offense,00-0039847,4429148,Theo Johnson,TE,NYG,ARI,2026-10-04T17:00:00.000000+0000,2.9527778615590745,2.42,2.93,ACTIVE,false,,-0.003508189837363956,7.944180572502488
2026,4,2026-10-01T04:01:17.312087+0000,22d428b,offense,00-0039849,4432708,Marvin Harrison Jr.,WR,ARI,NYG,2026-10-04T17:00:00.000000+0000,6.079241604004736,2.74,6.36,ACTIVE,false,,-0.01411440715467021,13.641112422062704
2026,4,2026-10-01T04:01:17.312087+0000,22d428b,offense,00-0039851,4431452,Drake Maye,QB,NE,BUF,2026-10-04T17:00:00.000000+0000,14.90645999969177,13.956,17.51,ACTIVE,false,,3.2675950403053298,27.730885120966263
2026,4,2026-10-01T04:01:17.312087+0000,22d428b,offense,00-0039855,4430834,Jalen McMillan,WR,TB,GB,2026-10-04T17:00:00.000000+0000,2.1641812408582655,4.82,0.0,INJURY_RESERVE,false,,-0.04475562801958914,6.564366036350449
2026,4,2026-10-01T04:01:17.312087+0000,22d428b,offense,00-0039868,4431280,Troy Franklin,WR,DEN,SF,2026-10-04T20:25:00.000000+0000,3.1029385394546014,2.6,2.98,ACTIVE,false,,-0.003395889298131302,9.839204375941836
2026,4,2026-10-01T04:01:17.312087+0000,22d428b,offense,00-0039874,4682745,Jaylen Wright,RB,MIA,MIN,2026-10-04T20:05:00.000000+0000,3.1383028578222354,4.58,7.43,QUESTIONABLE,false,,-0.0016060675382960992,9.09218495454499
2026,4,2026-10-01T04:01:17.312087+0000,22d428b,offense,00-0039875,4429501,Ray Davis,RB,BUF,NE,2026-10-04T17:00:00.000000+0000,2.315710689121259,5.66,1.4,ACTIVE,false,,-0.01875019061997803,6.345254676074977
2026,4,2026-10-01T04:01:17.312087+0000,22d428b,offense,00-0039880,4569603,Malik Washington,WR,MIA,MIN,2026-10-04T20:05:00.000000+0000,10.920760762549598,7.88,9.94,ACTIVE,false,,2.3001081373844716,20.60196305329839
2026,4,2026-10-01T04:01:17.312087+0000,22d428b,offense,00-0039890,4597500,Adonai Mitchell,WR,NYJ,CHI,2026-10-04T17:00:00.000000+0000,9.742270754987373,6.76,0.0,DOUBTFUL,false,,1.7913639770497638,19.401886059998223
2026,4,2026-10-01T04:01:17.312087+0000,22d428b,offense,00-0039893,4432773,Brian Thomas Jr.,WR,JAX,CIN,2026-10-04T17:00:00.000000+0000,6.944317769568141,6.32,8.22,ACTIVE,false,,0.6754438906889757,15.234278928170452
2026,4,2026-10-01T04:01:17.312087+0000,22d428b,offense,00-0039894,4683062,Xavier Worthy,WR,KC,LV,2026-10-04T20:25:00.000000+0000,8.26863914036054,5.7,9.82,ACTIVE,false,,1.4444203253743852,17.332708683211667
2026,4,2026-10-01T04:01:17.312087+0000,22d428b,offense,00-0039901,4635008,Keon Coleman,WR,BUF,NE,2026-10-04T17:00:00.000000+0000,5.80716038466837,5.4,5.99,QUESTIONABLE,false,,0.4401007239150511,13.102317151491697
2026,4,2026-10-01T04:01:17.312087+0000,22d428b,offense,00-0039910,4426348,Jayden Daniels,QB,WAS,IND,2026-10-04T13:30:00.000000+0000,15.831508527195073,13.616,0.0,QUESTIONABLE,false,,4.522856199025831,29.860809039509146
2026,4,2026-10-01T04:01:17.312087+0000,22d428b,offense,00-0039912,4690923,Ben Sinnott,TE,WAS,IND,2026-10-04T13:30:00.000000+0000,1.8765672896356254,1.9600000000000002,0.53,QUESTIONABLE,false,,-0.0008771248602404365,5.088785519040437
2026,4,2026-10-01T04:01:17.312087+0000,22d428b,offense,00-0039915,4612826,Ladd McConkey,WR,LAC,SEA,2026-10-04T20:25:00.000000+0000,10.86933546316234,10.940000000000001,11.77,QUESTIONABLE,false,,2.124102118877234,20.584461480019993
2026,4,2026-10-01T04:01:17.312087+0000,22d428b,offense,00-0039917,4360423,Michael Penix Jr.,QB,ATL,NO,2026-10-06T00:15:00.000000+0000,13.99390039913416,13.580000000000002,14.72,ACTIVE,false,,2.8889744684466443,24.952067479225683
2026,4,2026-10-01T04:01:17.312087+0000,22d428b,offense,00-0039918,4431611,Caleb Williams,QB,CHI,NYJ,2026-10-04T17:00:00.000000+0000,18.592514617769538,21.112000000000002,0.0,DOUBTFUL,false,,4.526597205892568,30.81465365578008
2026,4,2026-10-01T04:01:17.312087+0000,22d428b,offense,00-0039919,4431299,Rome Odunze,WR,CHI,NYJ,2026-10-04T17:00:00.000000+0000,9.565501822715849,6.600000000000001,9.99,ACTIVE,false,,1.3506795229931852,18.984508937761124
2026,4,2026-10-01T04:01:17.312087+0000,22d428b,offense,00-0039920,4613104,Malachi Corley,WR,CLE,PIT,2026-10-02T00:15:00.000000+0000,1.0167973580663352,1.4400000000000002,0.02,ACTIVE,false,,-0.0058415213888372095,3.136966525653654
2026,4,2026-10-01T04:01:17.312087+0000,22d428b,offense,00-0039923,4433970,J.J. McCarthy,QB,NYG,ARI,2026-10-04T17:00:00.000000+0000,9.492267007817354,12.139999999999999,0.0,ACTIVE,false,,1.8051125713874776,23.280889851412223
2026,4,2026-10-01T04:01:17.312087+0000,22d428b,offense,00-0040014,4433971,Kyle McCord,QB,MIA,MIN,2026-10-04T20:05:00.000000+0000,3.45729291554497,13.186090190609026,0.0,ACTIVE,false,,-0.07252110518010456,15.440876004294697
2026,4,2026-10-01T04:01:17.312087+0000,22d428b,offense,00-0040024,4715355,Darius Cooper,WR,PHI,LA,2026-10-04T17:00:00.000000+0000,2.532058557479037,3.66,1.98,ACTIVE,false,,-0.003488808691405214,7.94731973604402
2026,4,2026-10-01T04:01:17.312087+0000,22d428b,offense,00-0040058,4569547,Nick Kallerup,TE,SEA,LAC,2026-10-04T20:25:00.000000+0000,0.8873671009275536,0.0,0.0,ACTIVE,false,,-6.163954317476014e-7,1.3581924748627032
2026,4,2026-10-01T04:01:17.312087+0000,22d428b,offense,00-0040075,4690143,LaJohntay Wester,WR,BAL,TEN,2026-10-04T17:00:00.000000+0000,2.2456471988457785,1.1800000000000002,2.08,ACTIVE,false,,-0.00029512545908153107,7.2559661574806285
2026,4,2026-10-01T04:01:17.312087+0000,22d428b,offense,00-0040078,4596602,Brashard Smith,RB,KC,LV,2026-10-04T20:25:00.000000+0000,3.1334589555942993,4.02,0.49,ACTIVE,false,,-0.016774714031926565,9.834767320392375
2026,4,2026-10-01T04:01:17.312087+0000,22d428b,offense,00-0040081,4431196,Jake Briningstool,TE,KC,LV,2026-10-04T20:25:00.000000+0000,1.4529679439183971,0.6333333333333333,1.06,ACTIVE,false,,-4.687056179280374e-6,3.7601533472765336
2026,4,2026-10-01T04:01:17.312087+0000,22d428b,offense,00-0040122,4890973,Ashton Jeanty,RB,LV,KC,2026-10-04T20:25:00.000000+0000,16.64787196402014,15.4,18.84,ACTIVE,false,,4.515085344814753,29.540581289202102
2026,4,2026-10-01T04:01:17.312087+0000,22d428b,offense,00-0040124,4685472,Tetairoa McMillan,WR,CAR,DET,2026-10-05T00:20:00.000000+0000,12.311052872940369,8.660000000000002,14.93,ACTIVE,false,,3.08355204933622,22.59870956683347
2026,4,2026-10-01T04:01:17.312087+0000,22d428b,offense,00-0040126,4723086,Colston Loveland,TE,CHI,NYJ,2026-10-04T17:00:00.000000+0000,8.724816223015168,10.98,8.74,ACTIVE,false,,1.2698537644010102,18.934730760153506
2026,4,2026-10-01T04:01:17.312087+0000,22d428b,offense,00-0040128,4431459,Tyler Warren,TE,IND,WAS,2026-10-04T13:30:00.000000+0000,13.898214929902684,11.260000000000002,13.04,ACTIVE,true,RB/WR/TE,3.0505741817362235,22.98385378172088
2026,4,2026-10-01T04:01:17.312087+0000,22d428b,offense,00-0040129,4567750,Emeka Egbuka,WR,TB,GB,2026-10-04T17:00:00.000000+0000,12.791764356517215,7.92,11.2,ACTIVE,false,,2.3969127254252003,21.413213531394018
2026,4,2026-10-01T04:01:17.312087+0000,22d428b,offense,00-0040131,4613202,Kyle Williams,WR,NE,BUF,2026-10-04T17:00:00.000000+0000,2.627531172127936,2.38,4.99,ACTIVE,false,,-0.002629619795569219,8.770583603607232
2026,4,2026-10-01T04:01:17.312087+0000,22d428b,offense,00-0040134,4600981,Pat Bryant,WR,DEN,SF,2026-10-04T20:25:00.000000+0000,7.365137391228587,8.1,5.26,ACTIVE,false,,0.9050408002828306,16.17241316706619
2026,4,2026-10-01T04:01:17.312087+0000,22d428b,offense,00-0040138,4586312,Jaylin Noel,WR,HOU,DAL,2026-10-04T17:00:00.000000+0000,5.534791148809424,6.82,3.63,ACTIVE,false,,0.24039328280183922,13.577784492905652
2026,4,2026-10-01T04:01:17.312087+0000,22d428b,offense,00-0040142,4819231,Kaleb Johnson,RB,GB,TB,2026-10-04T17:00:00.000000+0000,3.228361101144828,1.3200000000000003,7.22,ACTIVE,false,,-0.00021133622930214282,9.141500317809507
2026,4,2026-10-01T04:01:17.312087+0000,22d428b,offense,00-0040154,4565185,Tai Felton,WR,MIN,MIA,2026-10-04T20:05:00.000000+0000,1.4716717635170598,0.32,1.91,ACTIVE,false,,-1.1052236424157022e-7,5.443116627848508
2026,4,2026-10-01T04:01:17.312087+0000,22d428b,offense,00-0040164,4602667,Jaylin Lane,WR,WAS,IND,2026-10-04T13:30:00.000000+0000,1.4668469747037145,2.1,0.76,ACTIVE,false,,-1.973713830795872e-6,5.064404994230286
2026,4,2026-10-01T04:01:17.312087+0000,22d428b,offense,00-0040170,4883647,Elic Ayomanor,WR,TEN,BAL,2026-10-04T17:00:00.000000+0000,8.02790081758984,8.16,6.12,ACTIVE,false,,0.9063708052840092,17.749209189485995
2026,4,2026-10-01T04:01:17.312087+0000,22d428b,offense,00-0040172,4431466,Jordan Watkins,WR,SF,DEN,2026-10-04T20:25:00.000000+0000,2.7345353328870696,2.5200000000000005,1.65,ACTIVE,false,,0.0496870325526025,6.830614459925998
2026,4,2026-10-01T04:01:17.312087+0000,22d428b,offense,00-0040177,4685397,Jordan James,RB,SF,DEN,2026-10-04T20:25:00.000000+0000,1.7388031437519353,0.75,0.0,ACTIVE,false,,-0.0011491707148359573,6.039855369223137
2026,4,2026-10-01T04:01:17.312087+0000,22d428b,offense,00-0040179,4874509,DJ Giddens,RB,IND,WAS,2026-10-04T13:30:00.000000+0000,1.3942099606839222,1.04,0.0,ACTIVE,false,,-0.00617276878669964,5.245218891485402
2026,4,2026-10-01T04:01:17.312087+0000,22d428b,offense,00-0040187,4683243,Mitchell Evans,TE,CAR,DET,2026-10-05T00:20:00.000000+0000,3.653952588395622,2.78,2.44,ACTIVE,false,,-0.003797489379926283,8.856787448724749
2026,4,2026-10-01T04:01:17.312087+0000,22d428b,offense,00-0040189,4595342,Oronde Gadsden II,TE,LAC,SEA,2026-10-04T20:25:00.000000+0000,4.90939200147947,6.3,7.07,ACTIVE,false,,0.10914996336061368,10.339574991180287
2026,4,2026-10-01T04:01:17.312087+0000,22d428b,offense,00-0040194,4573699,Jackson Hawes,TE,BUF,NE,2026-10-04T17:00:00.000000+0000,1.4496877040064302,0.2,0.5,ACTIVE,false,,-1.369873636084858e-6,3.448308313677763
2026,4,2026-10-01T04:01:17.312087+0000,22d428b,offense,00-0040198,4711533,Ollie Gordon II,RB,MIA,MIN,2026-10-04T20:05:00.000000+0000,5.126288361471303,3.46,8.96,ACTIVE,false,,0.15989228634387467,11.835985056267132
2026,4,2026-10-01T04:01:17.312087+0000,22d428b,offense,00-0040203,4429955,Will Howard,QB,PIT,CLE,2026-10-02T00:15:00.000000+0000,3.3819702945464463,13.186090190609026,0.0,ACTIVE,false,,-0.06327296937241474,15.231275769149082
2026,4,2026-10-01T04:01:17.312087+0000,22d428b,offense,00-0040206,4683423,Riley Leonard,QB,IND,WAS,2026-10-04T13:30:00.000000+0000,4.348553937812728,6.2,0.0,ACTIVE,false,,0.011621684163591162,18.535793462332066
2026,4,2026-10-01T04:01:17.312087+0000,22d428b,offense,00-0040208,4429299,Tahj Brooks,RB,CIN,JAX,2026-10-04T17:00:00.000000+0000,1.2301619700450837,0.7200000000000001,0.01,ACTIVE,false,,-0.005805333989196906,3.1126693544721737
2026,4,2026-10-01T04:01:17.312087+0000,22d428b,offense,00-0040215,4708049,Gavin Bartholomew,TE,MIN,MIA,2026-10-04T20:05:00.000000+0000,1.1038895005852414,0.0,1.6,ACTIVE,false,,0.0,1.9582356915845307
2026,4,2026-10-01T04:01:17.312087+0000,22d428b,offense,00-0040225,4590292,Thomas Fidone II,TE,NYG,ARI,2026-10-04T17:00:00.000000+0000,1.001281996859769,0.0,0.0,ACTIVE,false,,-2.6662242047955795e-7,2.0959493905854067
2026,4,2026-10-01T04:01:17.312087+0000,22d428b,offense,00-0040234,4889929,Quinn Ewers,QB,JAX,CIN,2026-10-04T17:00:00.000000+0000,5.106257698341009,6.636,0.0,ACTIVE,false,,0.16133728073602008,17.414390909112594
2026,4,2026-10-01T04:01:17.312087+0000,22d428b,offense,00-0040236,4608686,Kyle Monangai,RB,CHI,NYJ,2026-10-04T17:00:00.000000+0000,8.752996235460403,8.98,8.39,ACTIVE,false,,1.1707474614627968,17.146091696684458
2026,4,2026-10-01T04:01:17.312087+0000,22d428b,offense,00-0040237,4608810,Tez Johnson,WR,TB,GB,2026-10-04T17:00:00.000000+0000,4.166317431112249,2.88,4.72,ACTIVE,false,,0.027737750399884017,12.15528720504456
2026,4,2026-10-01T04:01:17.312087+0000,22d428b,offense,00-0040238,4911851,LeQuint Allen Jr.,RB,JAX,CIN,2026-10-04T17:00:00.000000+0000,1.4449240293028183,0.64,2.05,QUESTIONABLE,false,,-0.00030446873637913173,5.448556486625368
2026,4,2026-10-01T04:01:17.312087+0000,22d428b,offense,00-0040242,4575131,Jacory Croskey-Merritt,RB,WAS,IND,2026-10-04T13:30:00.000000+0000,8.840424088910673,9.82,9.24,ACTIVE,false,,1.4226030957344076,18.73588471606698
2026,4,2026-10-01T04:01:17.312087+0000,22d428b,offense,00-0040277,5160110,Jahdae Walker,WR,CHI,NYJ,2026-10-04T17:00:00.000000+0000,2.4898129044853237,4.739999999999999,0.25,ACTIVE,false,,-0.002843891863054462,8.221034315752954
2026,4,2026-10-01T04:01:17.312087+0000,22d428b,offense,00-0040363,4688552,Keleki Latu,TE,BUF,NE,2026-10-04T17:00:00.000000+0000,0.9165371116560533,1.22,0.0,ACTIVE,false,,-3.3382827584812018e-6,1.1733274480261353
2026,4,2026-10-01T04:01:17.312087+0000,22d428b,offense,00-0040390,4602788,Jackson Meeks,TE,DET,CAR,2026-10-05T00:20:00.000000+0000,1.1046364637041226,0.45,0.0,ACTIVE,false,,-1.7370372775910207e-6,2.475350651407682
2026,4,2026-10-01T04:01:17.312087+0000,22d428b,offense,00-0040398,4429435,Brady Cook,QB,MIA,MIN,2026-10-04T20:05:00.000000+0000,6.116373815693557,5.692,0.0,ACTIVE,false,,0.04324550548869806,17.795687844890548
2026,4,2026-10-01T04:01:17.312087+0000,22d428b,offense,00-0040405,4892576,Jamaal Pritchett,WR,NYJ,CHI,2026-10-04T17:00:00.000000+0000,1.0827646030299494,0.0,,,false,,0.0,3.0088450804400018
2026,4,2026-10-01T04:01:17.312087+0000,22d428b,offense,00-0040464,4429020,DJ Uiagalelei,QB,LAC,SEA,2026-10-04T20:25:00.000000+0000,3.3723159876588475,13.186090190609026,,,false,,-0.07233296871918486,15.53052934796866
2026,4,2026-10-01T04:01:17.312087+0000,22d428b,offense,00-0040466,4601080,Raheim Sanders,RB,CLE,PIT,2026-10-02T00:15:00.000000+0000,5.232048938844189,5.040000000000001,6.17,ACTIVE,false,,0.13759513405379625,12.189176392644095
2026,4,2026-10-01T04:01:17.312087+0000,22d428b,offense,00-0040494,4573398,Max Brosmer,QB,MIN,MIA,2026-10-04T20:05:00.000000+0000,3.9984983127564226,0.6320000000000001,0.0,ACTIVE,false,,-0.36078160940998455,15.22255226481549
2026,4,2026-10-01T04:01:17.312087+0000,22d428b,offense,00-0040506,4430656,Myles Price,WR,MIN,MIA,2026-10-04T20:05:00.000000+0000,1.4323056305905575,1.2,0.21,ACTIVE,false,,-0.003535647110976082,5.054597592575837
2026,4,2026-10-01T04:01:17.312087+0000,22d428b,offense,00-0040556,4431431,Corey Kiner,RB,NE,BUF,2026-10-04T17:00:00.000000+0000,2.7593861513410256,1.9600000000000002,0.01,ACTIVE,false,,-0.00028779587838613605,8.229863821776526
2026,4,2026-10-01T04:01:17.312087+0000,22d428b,offense,00-0040563,4695193,Efton Chism III,WR,NE,BUF,2026-10-04T17:00:00.000000+0000,2.891817662857433,3.808,1.57,ACTIVE,false,,-0.0012850085826749042,9.161387137946816
2026,4,2026-10-01T04:01:17.312087+0000,22d428b,offense,00-0040583,4429059,Woody Marks,RB,HOU,DAL,2026-10-04T17:00:00.000000+0000,8.705485906626244,7.580000000000001,8.31,ACTIVE,false,,1.2369789748224047,18.693429849630167
2026,4,2026-10-01T04:01:17.312087+0000,22d428b,offense,00-0040584,4686728,Gunnar Helm,TE,TEN,BAL,2026-10-04T17:00:00.000000+0000,5.981024542828998,3.5,7.08,ACTIVE,false,,0.11228812100751888,11.892789407462638
2026,4,2026-10-01T04:01:17.312087+0000,22d428b,offense,00-0040589,4430431,Kurtis Rourke,QB,SF,DEN,2026-10-04T20:25:00.000000+0000,3.227522160273163,13.186090190609026,0.0,ACTIVE,false,,-0.07233296899454576,15.079922208519761
2026,4,2026-10-01T04:01:17.312087+0000,22d428b,offense,00-0040590,4710855,Konata Mumpfield,WR,LA,PHI,2026-10-04T17:00:00.000000+0000,5.605524366178486,4.9,2.14,ACTIVE,false,,0.33493544986997864,13.705811679907303
2026,4,2026-10-01T04:01:17.312087+0000,22d428b,offense,00-0040598,,Mark Redman,TE,GB,TB,2026-10-04T17:00:00.000000+0000,2.6037588826817366,4.0999697256386005,,,false,,-0.011332968994545764,7.898941713404727
2026,4,2026-10-01T04:01:17.312087+0000,22d428b,offense,00-0040621,4600597,Montorie Foster Jr,WR,SEA,LAC,2026-10-04T20:25:00.000000+0000,1.0069449890773186,0.0,0.0,ACTIVE,false,,0.0,3.180315125126151
2026,4,2026-10-01T04:01:17.312087+0000,22d428b,offense,00-0040646,5082630,Jalen Royals,WR,KC,LV,2026-10-04T20:25:00.000000+0000,2.277138032956285,2.62,2.15,ACTIVE,false,,-0.0012641796071509,7.006569653971786
2026,4,2026-10-01T04:01:17.312087+0000,22d428b,offense,00-0040648,4597703,Tory Horton,WR,SEA,LAC,2026-10-04T20:25:00.000000+0000,4.065296365231589,5.720000000000001,2.13,ACTIVE,false,,0.010604448830047271,11.824423656835835
2026,4,2026-10-01T04:01:17.312087+0000,22d428b,offense,00-0040663,5083076,Harold Fannin Jr.,TE,CLE,PIT,2026-10-02T00:15:00.000000+0000,11.125983113885093,13.819999999999999,11.22,ACTIVE,false,,1.8038507106964166,19.602199282958612
2026,4,2026-10-01T04:01:17.312087+0000,22d428b,offense,00-0040666,4685382,Omarion Hampton,RB,LAC,SEA,2026-10-04T20:25:00.000000+0000,12.400407835423492,13.579999999999998,10.88,ACTIVE,false,,2.7686784292785074,21.961730832448062
2026,4,2026-10-01T04:01:17.312087+0000,22d428b,offense,00-0040667,4701936,Matthew Golden,WR,GB,TB,2026-10-04T17:00:00.000000+0000,11.888367701748741,10.06,12.85,ACTIVE,false,,3.9066614451932624,22.715443425547598
2026,4,2026-10-01T04:01:17.312087+0000,22d428b,offense,00-0040668,4432762,Shedeur Sanders,QB,CLE,PIT,2026-10-02T00:15:00.000000+0000,6.6504993677915,5.828000000000001,0.0,ACTIVE,false,,0.12167492897392893,16.954151453488503
2026,4,2026-10-01T04:01:17.312087+0000,22d428b,offense,00-0040669,5123663,Isaac TeSlaa,WR,DET,CAR,2026-10-05T00:20:00.000000+0000,6.5160121293859365,6.180000000000001,6.3,ACTIVE,false,,0.3743519377616144,14.07447775022509
2026,4,2026-10-01T04:01:17.312087+0000,22d428b,offense,00-0040673,4432734,Jalen Milroe,QB,SEA,LAC,2026-10-04T20:25:00.000000+0000,1.3491686717612985,-0.5333333333333333,0.0,ACTIVE,false,,-0.1776956671820131,7.25253739896783
2026,4,2026-10-01T04:01:17.312087+0000,22d428b,offense,00-0040676,4688380,Cam Ward,QB,TEN,BAL,2026-10-04T17:00:00.000000+0000,13.427869372525977,13.475999999999999,12.67,ACTIVE,false,,4.020206605222037,25.513172502151946
2026,4,2026-10-01T04:01:17.312087+0000,22d428b,offense,00-0040705,4431268,Chimere Dike,WR,TEN,BAL,2026-10-04T17:00:00.000000+0000,1.932446188540535,3.78,1.32,ACTIVE,false,,-0.0027371580542496186,6.2943018256639816
2026,4,2026-10-01T04:01:17.312087+0000,22d428b,offense,00-0040715,4696981,Cam Skattebo,RB,NYG,ARI,2026-10-04T17:00:00.000000+0000,12.798359859862035,13.0,16.33,ACTIVE,true,RB,3.372605226832397,24.197176094764632
2026,4,2026-10-01T04:01:17.312087+0000,22d428b,offense,00-0040718,4685415,Travis Hunter,WR,JAX,CIN,2026-10-04T17:00:00.000000+0000,2.0339303433665257,0.0,0.78,ACTIVE,false,,-0.048721170082637016,5.4969181659804125
2026,4,2026-10-01T04:01:17.312087+0000,22d428b,offense,00-0040719,4882093,Bhayshul Tuten,RB,JAX,CIN,2026-10-04T17:00:00.000000+0000,11.690251160290677,11.72,12.65,ACTIVE,false,,2.8347920997101763,21.530530469499094
2026,4,2026-10-01T04:01:17.312087+0000,22d428b,offense,00-0040727,4686612,Tre Harris,WR,LAC,SEA,2026-10-04T20:25:00.000000+0000,7.685930017267234,6.44,7.77,ACTIVE,false,,1.3402737999744438,16.4721164934122
2026,4,2026-10-01T04:01:17.312087+0000,22d428b,offense,00-0040730,4568490,RJ Harvey,RB,DEN,SF,2026-10-04T20:25:00.000000+0000,9.845218431618118,12.76,10.12,ACTIVE,false,,2.5330223021290914,20.57352276758052
2026,4,2026-10-01T04:01:17.312087+0000,22d428b,offense,00-0040734,4432710,TreVeyon Henderson,RB,NE,BUF,2026-10-04T17:00:00.000000+0000,9.115158724997913,9.04,9.53,ACTIVE,false,,1.231444738748911,18.136085858696532
2026,4,2026-10-01T04:01:17.312087+0000,22d428b,offense,00-0040735,4685278,Luther Burden III,WR,CHI,NYJ,2026-10-04T17:00:00.000000+0000,11.79856962407946,14.16,12.58,ACTIVE,false,,3.3811785813011412,21.9520668318412
2026,4,2026-10-01T04:01:17.312087+0000,22d428b,offense,00-0040736,4808766,Mason Taylor,TE,NYJ,CHI,2026-10-04T17:00:00.000000+0000,4.188307663822903,4.220000000000001,0.0,DOUBTFUL,false,,0.008015286595628156,11.06481986215995
2026,4,2026-10-01T04:01:17.312087+0000,22d428b,offense,00-0040737,4570037,Terrance Ferguson,TE,LA,PHI,2026-10-04T17:00:00.000000+0000,6.443290971118556,9.0,0.0,DOUBTFUL,false,,0.9063708052840092,15.20855726698766
2026,4,2026-10-01T04:01:17.312087+0000,22d428b,offense,00-0040739,4678006,Elijah Arroyo,TE,SEA,LAC,2026-10-04T20:25:00.000000+0000,1.2306455710149458,0.54,1.53,ACTIVE,false,,-3.8072552639939437e-7,3.820095201253886
2026,4,2026-10-01T04:01:17.312087+0000,22d428b,offense,00-0040743,4360689,Tyler Shough,QB,NO,ATL,2026-10-06T00:15:00.000000+0000,18.51003699868841,22.612000000000002,18.86,ACTIVE,false,,4.455370287783632,29.753733414439036
2026,4,2026-10-01T04:01:17.312087+0000,22d428b,offense,00-0040782,4808839,Isaiah Bond,WR,CLE,PIT,2026-10-02T00:15:00.000000+0000,1.2535527123402967,1.4600000000000002,0.45,ACTIVE,false,,-0.000011027792594149858,4.401064543966601
2026,4,2026-10-01T04:01:17.312087+0000,22d428b,offense,00-0040784,4685702,Quinshon Judkins,RB,CLE,PIT,2026-10-02T00:15:00.000000+0000,10.273638515149434,8.3,12.47,ACTIVE,false,,2.193374401994108,20.767939376458845
2026,4,2026-10-01T04:01:17.312087+0000,22d428b,offense,00-0040785,4384852,Dohnte Meyers,WR,CIN,JAX,2026-10-04T17:00:00.000000+0000,3.710262141993018,3.233333333333334,5.79,ACTIVE,false,,-0.006758044142380074,9.762552148758282
2026,4,2026-10-01T04:01:17.312087+0000,22d428b,offense,00-0040867,4870795,Makai Lemon,WR,PHI,LA,2026-10-04T17:00:00.000000+0000,6.070476201259662,3.4333333333333336,7.51,ACTIVE,false,,-0.011288208312301708,13.165349053239057
2026,4,2026-10-01T04:01:17.312087+0000,22d428b,offense,00-0040876,5088338,Elijah Sarratt,WR,BAL,TEN,2026-10-04T17:00:00.000000+0000,2.6884496788017507,6.37637434851575,0.0,ACTIVE,false,,-0.0022729693724147363,9.807838722420929
2026,4,2026-10-01T04:01:17.312087+0000,22d428b,offense,00-0040878,4686658,Mike Washington Jr.,RB,LV,KC,2026-10-04T20:25:00.000000+0000,3.7159950100256145,5.400000000000001,3.21,ACTIVE,false,,0.06938946468505615,9.765760019825308
2026,4,2026-10-01T04:01:17.312087+0000,22d428b,offense,00-0040879,4432260,Matthew Hibner,TE,BAL,TEN,2026-10-04T17:00:00.000000+0000,2.85777833547769,4.2,2.08,ACTIVE,false,,-0.0012656274367161622,7.828030474056898
2026,4,2026-10-01T04:01:17.312087+0000,22d428b,offense,00-0040886,4685555,Nicholas Singleton,RB,TEN,BAL,2026-10-04T17:00:00.000000+0000,1.9629502188287624,1.0,0.68,ACTIVE,false,,-0.0014319825981351484,7.28030206578093
2026,4,2026-10-01T04:01:17.312087+0000,22d428b,offense,00-0040887,4876132,Josh Cuevas,TE,BAL,TEN,2026-10-04T17:00:00.000000+0000,1.1962640168794307,0.8000000000000002,0.5,ACTIVE,false,,-1.5893578627529371e-6,2.878310143677241
2026,4,2026-10-01T04:01:17.312087+0000,22d428b,offense,00-0040890,4912218,Cyrus Allen,WR,KC,LV,2026-10-04T20:25:00.000000+0000,1.0894564045338408,0.0,0.0,ACTIVE,false,,-0.0038484120039582867,2.8092109881085134
2026,4,2026-10-01T04:01:17.312087+0000,22d428b,offense,00-0040891,4879250,Cole Payton,QB,PHI,LA,2026-10-04T17:00:00.000000+0000,3.3101512733910714,13.186090190609026,0.0,ACTIVE,false,,-0.07233296899454576,15.06646099749329
2026,4,2026-10-01T04:01:17.312087+0000,22d428b,offense,00-0040894,5150247,Malik Benson,WR,LV,KC,2026-10-04T20:25:00.000000+0000,2.125559918468604,0.26666666666666666,2.3,ACTIVE,false,,-0.0013894903644728865,6.622671047274341
2026,4,2026-10-01T04:01:17.312087+0000,22d428b,offense,00-0040906,4567747,Garrett Nussmeier,QB,KC,LV,2026-10-04T20:25:00.000000+0000,3.2311347711857428,13.186090190609026,0.0,ACTIVE,false,,-0.07252110545546546,14.661667701448085
2026,4,2026-10-01T04:01:17.312087+0000,22d428b,offense,00-0040930,4808759,Camden Brown,WR,DAL,HOU,2026-10-04T17:00:00.000000+0000,2.675135009253084,6.37637434851575,0.0,ACTIVE,false,,-0.0022729693724147363,9.724848081904073
2026,4,2026-10-01T04:01:17.312087+0000,22d428b,offense,00-0040948,4635009,J. Michael Sturdivant,WR,GB,TB,2026-10-04T17:00:00.000000+0000,2.1981821850619156,2.6,1.53,ACTIVE,false,,-0.0012656274367161622,7.590078906729166
2026,4,2026-10-01T04:01:17.312087+0000,22d428b,offense,00-0040981,4429582,Joe Fagnano,QB,BAL,TEN,2026-10-04T17:00:00.000000+0000,3.247534102226483,13.186090190609026,0.0,ACTIVE,false,,-0.07233296871918486,15.520887555842624
2026,4,2026-10-01T04:01:17.312087+0000,22d428b,offense,00-0041013,4832955,Emmett Johnson,RB,KC,LV,2026-10-04T20:25:00.000000+0000,5.259718602584688,5.333333333333333,5.05,ACTIVE,false,,0.05785119006857748,11.752839195174843
2026,4,2026-10-01T04:01:17.312087+0000,22d428b,offense,00-0041027,4870808,Jeremiyah Love,RB,ARI,NYG,2026-10-04T17:00:00.000000+0000,13.157009965825218,14.133333333333333,15.52,ACTIVE,false,,3.9421568522145876,23.126241872003884
2026,4,2026-10-01T04:01:17.312087+0000,22d428b,offense,00-0041032,5083315,Kenyon Sadiq,TE,NYJ,CHI,2026-10-04T17:00:00.000000+0000,9.815951831993575,12.866666666666667,9.87,QUESTIONABLE,false,,1.8038507106964166,17.811680646444962
2026,4,2026-10-01T04:01:17.312087+0000,22d428b,offense,00-0041037,4832800,Denzel Boston,WR,CLE,PIT,2026-10-02T00:15:00.000000+0000,12.213429502672579,14.166666666666666,10.56,ACTIVE,false,,2.2325852134769097,21.966095118419354
2026,4,2026-10-01T04:01:17.312087+0000,22d428b,offense,00-0041040,5081432,Antonio Williams,WR,WAS,IND,2026-10-04T13:30:00.000000+0000,7.307533252533636,8.433333333333332,5.58,ACTIVE,false,,1.0344956572700397,16.574855179809752
2026,4,2026-10-01T04:01:17.312087+0000,22d428b,offense,00-0041041,4702559,Oscar Delp,TE,NO,ATL,2026-10-06T00:15:00.000000+0000,1.2777618734783796,0.9,0.57,ACTIVE,false,,-3.938849706941168e-7,3.5239862957113885
2026,4,2026-10-01T04:01:17.312087+0000,22d428b,offense,00-0041042,4682648,Malachi Fields,WR,NYG,ARI,2026-10-04T17:00:00.000000+0000,6.832237870292787,4.466666666666667,7.8,ACTIVE,false,,0.5025411130649149,15.760976251256237
2026,4,2026-10-01T04:01:17.312087+0000,22d428b,offense,00-0041044,4870612,Zachariah Branch,WR,ATL,NO,2026-10-06T00:15:00.000000+0000,1.8852007780144968,1.7000000000000002,2.67,ACTIVE,false,,-0.0002480821661498574,6.869906205698938
2026,4,2026-10-01T04:01:17.312087+0000,22d428b,offense,00-0041048,5220680,Ted Hurst III,WR,TB,GB,2026-10-04T17:00:00.000000+0000,8.561699913830466,7.433333333333334,6.28,ACTIVE,false,,1.1870678181241796,18.50777501537609
2026,4,2026-10-01T04:01:17.312087+0000,22d428b,offense,00-0041051,4869748,Zavion Thomas,WR,CHI,NYJ,2026-10-04T17:00:00.000000+0000,1.3356604418858429,0.55,0.29,ACTIVE,false,,-1.8417145359565403e-6,4.3963298852829515
2026,4,2026-10-01T04:01:17.312087+0000,22d428b,offense,00-0041052,4696044,Kaelon Black,RB,SF,DEN,2026-10-04T20:25:00.000000+0000,5.15113896609993,4.066666666666666,5.45,ACTIVE,false,,0.07108780251337832,13.200027205866869
2026,4,2026-10-01T04:01:17.312087+0000,22d428b,offense,00-0041056,4685413,Cade Klubnik,QB,NYJ,CHI,2026-10-04T17:00:00.000000+0000,3.4026651880625898,13.186090190609026,0.0,ACTIVE,false,,-0.07233296899454576,15.54887825827944
2026,4,2026-10-01T04:01:17.312087+0000,22d428b,offense,00-0041067,4879276,Bryce Lance,WR,NO,ATL,2026-10-06T00:15:00.000000+0000,5.423510464689332,3.0,3.95,ACTIVE,false,,-0.01087502732198637,13.045730704835774
2026,4,2026-10-01T04:01:17.312087+0000,22d428b,offense,00-0041069,5092508,Colbie Young,WR,CIN,JAX,2026-10-04T17:00:00.000000+0000,1.5362661476056334,0.9666666666666668,0.0,OUT,false,,-4.897017968440814e-6,5.393183700470666
2026,4,2026-10-01T04:01:17.312087+0000,22d428b,offense,00-0041070,4869132,Reggie Virgil,WR,ARI,NYG,2026-10-04T17:00:00.000000+0000,2.6685999705671124,6.37637434851575,0.0,ACTIVE,false,,-0.0022729693724147363,9.807838722420929
2026,4,2026-10-01T04:01:17.312087+0000,22d428b,offense,00-0041077,4912052,Justin Joly,TE,MIA,MIN,2026-10-04T20:05:00.000000+0000,2.577055139224526,4.0999697256386005,0.0,ACTIVE,false,,-0.011521105180104555,7.727405846663495
2026,4,2026-10-01T04:01:17.312087+0000,22d428b,offense,00-0041081,4878695,Max Bredeson,RB,MIN,MIA,2026-10-04T20:05:00.000000+0000,1.116201814547371,0.0,0.0,ACTIVE,false,,0.0,3.3408284866831393
2026,4,2026-10-01T04:01:17.312087+0000,22d428b,offense,00-0041084,4917427,Tanner Koziol,TE,JAX,CIN,2026-10-04T17:00:00.000000+0000,1.0679428530293933,0.0,0.0,ACTIVE,false,,0.0,1.3379500872649026
2026,4,2026-10-01T04:01:17.312087+0000,22d428b,offense,00-0041092,4431325,Taylen Green,QB,CLE,PIT,2026-10-02T00:15:00.000000+0000,3.4736922465857103,13.186090190609026,0.0,ACTIVE,false,,-0.07233296871918486,15.553309574869331
2026,4,2026-10-01T04:01:17.312087+0000,22d428b,offense,00-0041094,4890373,Bauer Sharp,TE,TB,GB,2026-10-04T17:00:00.000000+0000,1.09719769908135,0.0,0.0,ACTIVE,false,,0.0,1.3600595791580812
2026,4,2026-10-01T04:01:17.312087+0000,22d428b,offense,00-0041096,4685246,Kaytron Allen,RB,WAS,IND,2026-10-04T13:30:00.000000+0000,3.2561960974757618,2.0,0.0,ACTIVE,false,,-0.0014890611012603997,9.860093509363463
2026,4,2026-10-01T04:01:17.312087+0000,22d428b,offense,00-0041099,4698597,Barion Brown,WR,NO,ATL,2026-10-06T00:15:00.000000+0000,1.2305636593748108,0.15000000000000002,0.31,QUESTIONABLE,false,,-0.0012110095733786237,3.471811510727719
2026,4,2026-10-01T04:01:17.312087+0000,22d428b,offense,00-0041100,4879194,Josh Cameron,WR,JAX,CIN,2026-10-04T17:00:00.000000+0000,3.665715533810288,6.066666666666666,4.41,ACTIVE,false,,0.14609476010838762,10.256492616549515
2026,4,2026-10-01T04:01:17.312087+0000,22d428b,offense,00-0041104,4832846,Demond Claiborne,RB,MIN,MIA,2026-10-04T20:05:00.000000+0000,1.7049041175919704,0.65,2.44,ACTIVE,false,,0.000016144775085943713,5.966659244221096
2026,4,2026-10-01T04:01:17.312087+0000,22d428b,offense,00-0041106,5085024,C.J. Williams,WR,JAX,CIN,2026-10-04T17:00:00.000000+0000,1.0493823041247137,0.0,,,false,,9.694246774583236e-11,3.8071213689827306
2026,4,2026-10-01T04:01:17.312087+0000,22d428b,offense,00-0041116,5085189,Jack Endries,TE,CIN,JAX,2026-10-04T17:00:00.000000+0000,0.9247342174517673,0.0,0.0,ACTIVE,false,,0.0,1.064666201766776
2026,4,2026-10-01T04:01:17.312087+0000,22d428b,offense,00-0041117,4432722,Athan Kaliakmanis,QB,WAS,IND,2026-10-04T13:30:00.000000+0000,3.423881230933752,13.186090190609026,0.0,ACTIVE,false,,-0.06327296937241474,15.600863086643834
2026,4,2026-10-01T04:01:17.312087+0000,22d428b,offense,00-0041123,4431465,Behren Morton,QB,NE,BUF,2026-10-04T17:00:00.000000+0000,3.3025298787092794,13.186090190609026,0.0,ACTIVE,false,,-0.06327296937241474,15.214650122252998
2026,4,2026-10-01T04:01:17.312087+0000,22d428b,offense,00-0041125,4686468,Seth McGowan,RB,IND,WAS,2026-10-04T13:30:00.000000+0000,2.0897398908682803,0.8000000000000002,2.92,ACTIVE,false,,-0.0008115024258098635,6.825202736714627
2026,4,2026-10-01T04:01:17.312087+0000,22d428b,offense,00-0041131,4685540,Carsen Ryan,TE,CLE,PIT,2026-10-02T00:15:00.000000+0000,1.0316692514893229,0.0,0.0,ACTIVE,false,,0.0,1.1902794376762298
2026,4,2026-10-01T04:01:17.312087+0000,22d428b,offense,00-0041132,4683151,Deion Burks,WR,IND,WAS,2026-10-04T13:30:00.000000+0000,1.733302752409105,0.7000000000000001,,,false,,-0.00023616512142290188,4.957694301779586
2026,4,2026-10-01T04:01:17.312087+0000,22d428b,offense,00-0041133,5159802,Dallen Bentley,TE,DEN,SF,2026-10-04T20:25:00.000000+0000,2.577055139224526,4.0999697256386005,0.0,ACTIVE,false,,-0.01133296871918486,7.816337640780724
2026,4,2026-10-01T04:01:17.312087+0000,22d428b,offense,00-0041149,4428993,Haynes King,QB,CAR,DET,2026-10-05T00:20:00.000000+0000,3.364918337238063,13.186090190609026,0.0,ACTIVE,false,,-0.06327296937241474,15.964729708884324
2026,4,2026-10-01T04:01:17.312087+0000,22d428b,offense,00-0041194,5344782,Jack Strand,QB,ATL,NO,2026-10-06T00:15:00.000000+0000,4.448583741754144,-0.040000000000000036,0.0,ACTIVE,false,,-0.3730514844055807,17.33690089751371
2026,4,2026-10-01T04:01:17.312087+0000,22d428b,offense,00-0041251,4596472,Jalon Daniels,QB,TB,GB,2026-10-04T17:00:00.000000+0000,3.7105621983197303,-1.1,14.87,ACTIVE,false,,-0.1163760114956259,11.377304466787976
2026,4,2026-10-01T04:01:17.312087+0000,22d428b,offense,00-0041267,,Malik McClain,WR,NYJ,CHI,2026-10-04T17:00:00.000000+0000,1.0827646030299494,0.0,,,false,,0.0,3.0088450804400018
2026,4,2026-10-01T04:01:17.312087+0000,22d428b,offense,00-0041314,,Tanner Arkin,TE,NE,BUF,2026-10-04T17:00:00.000000+0000,2.577055139224526,4.0999697256386005,,,false,,-0.01133296871918486,7.903706759390752
2026,4,2026-10-01T04:01:17.312087+0000,22d428b,offense,00-0041326,5081999,CJ Donaldson,RB,NO,ATL,2026-10-06T00:15:00.000000+0000,1.9506720369220198,0.6333333333333333,2.54,ACTIVE,false,,0.00002715819879348766,7.705372796074466
2026,4,2026-10-01T04:01:17.312087+0000,22d428b,offense,00-0041395,4831959,Eli Raridon,TE,NE,BUF,2026-10-04T17:00:00.000000+0000,3.1107929036999304,5.6,2.2,QUESTIONABLE,false,,0.14523666862012893,7.873025190386351
2026,4,2026-10-01T04:01:17.312087+0000,22d428b,offense,00-0041397,5081338,Kaden Wetjen,WR,PIT,CLE,2026-10-02T00:15:00.000000+0000,1.106814751791169,0.0,0.16,ACTIVE,false,,0.0,3.219663234336552
2026,4,2026-10-01T04:01:17.312087+0000,22d428b,offense,00-0041398,4693370,Riley Nowakowski,RB,PIT,CLE,2026-10-02T00:15:00.000000+0000,2.6289717165940605,7.415527359238695,0.0,ACTIVE,false,,-0.0022349944785205493,9.616755598712887
2026,4,2026-10-01T04:01:17.312087+0000,22d428b,offense,00-0041399,4605951,CJ Daniels,WR,LA,PHI,2026-10-04T17:00:00.000000+0000,2.6720503477610102,6.37637434851575,0.0,ACTIVE,false,,-0.0022729693724147363,9.724848081904073
2026,4,2026-10-01T04:01:17.312087+0000,22d428b,offense,00-0041436,4685116,DJ Herman,RB,MIA,MIN,2026-10-04T20:05:00.000000+0000,2.0704914912310493,1.4,,,false,,-0.001333059767107248,6.396851620269398
2026,4,2026-10-01T04:01:17.312087+0000,22d428b,offense,00-0041438,4871023,Carnell Tate,WR,TEN,BAL,2026-10-04T17:00:00.000000+0000,10.262906069607544,8.433333333333334,11.85,ACTIVE,false,,1.7318362507926504,20.104426569204055
2026,4,2026-10-01T04:01:17.312087+0000,22d428b,offense,00-0041443,4683153,Skyler Bell,WR,BUF,NE,2026-10-04T17:00:00.000000+0000,2.6884496788017507,6.37637434851575,0.0,ACTIVE,false,,-0.0022729693724147363,9.807838722420929
2026,4,2026-10-01T04:01:17.312087+0000,22d428b,offense,00-0041472,4695705,Marlin Klein,TE,HOU,DAL,2026-10-04T17:00:00.000000+0000,1.1962640168794307,0.8666666666666667,0.27,ACTIVE,false,,-1.737786937117979e-6,3.055563331940241
2026,4,2026-10-01T04:01:17.312087+0000,22d428b,offense,00-0041489,4685261,Germie Bernard,WR,PIT,CLE,2026-10-02T00:15:00.000000+0000,3.867605047768492,3.3000000000000003,2.02,ACTIVE,false,,-0.010876475151551632,11.24692882981473
2026,4,2026-10-01T04:01:17.312087+0000,22d428b,offense,00-0041490,5081508,Eli Heidenreich,RB,PIT,CLE,2026-10-02T00:15:00.000000+0000,0.9570100394705685,0.0,1.0,ACTIVE,false,,0.0,3.0926119719863374
2026,4,2026-10-01T04:01:17.312087+0000,22d428b,offense,00-0041503,4686248,Nate Boerkircher,TE,JAX,CIN,2026-10-04T17:00:00.000000+0000,1.9841283927243905,0.6333333333333333,1.68,ACTIVE,false,,-0.000011187544123796054,6.038326345128975
2026,4,2026-10-01T04:01:17.312087+0000,22d428b,offense,00-0041510,4833029,Max Klare,TE,LA,PHI,2026-10-04T17:00:00.000000+0000,2.5837469407284166,4.0999697256386005,0.0,ACTIVE,false,,-0.01133296871918486,7.903706759390752
2026,4,2026-10-01T04:01:17.312087+0000,22d428b,offense,00-0041512,4685512,Jadarian Price,RB,SEA,LAC,2026-10-04T20:25:00.000000+0000,8.04670684021076,4.666666666666667,9.97,QUESTIONABLE,false,,0.8043155888483589,16.08538896060721
2026,4,2026-10-01T04:01:17.312087+0000,22d428b,offense,00-0041523,4869645,Caleb Douglas,WR,MIA,MIN,2026-10-04T20:05:00.000000+0000,9.070815405994084,9.15,7.73,QUESTIONABLE,false,,1.1842890732966114,18.545113984720643
2026,4,2026-10-01T04:01:17.312087+0000,22d428b,offense,00-0041524,4880236,Will Kacmarek,TE,MIA,MIN,2026-10-04T20:05:00.000000+0000,1.5135193935128022,0.4666666666666666,1.24,ACTIVE,false,,-3.938849706941168e-7,3.928266992267675
2026,4,2026-10-01T04:01:17.312087+0000,22d428b,offense,00-0041525,4869961,Chris Bell,WR,MIA,MIN,2026-10-04T20:05:00.000000+0000,5.579537915386438,4.733333333333333,6.39,QUESTIONABLE,false,,0.5007915799504545,12.92122664988818
2026,4,2026-10-01T04:01:17.312087+0000,22d428b,offense,00-0041529,4685307,Kevin Coleman Jr.,WR,MIA,MIN,2026-10-04T20:05:00.000000+0000,2.8586947145789425,0.43333333333333335,2.78,ACTIVE,false,,-0.006860221924785057,9.145028892620651
2026,4,2026-10-01T04:01:17.312087+0000,22d428b,offense,00-0041547,4870653,KC Concepcion,WR,CLE,PIT,2026-10-02T00:15:00.000000+0000,9.201607945153944,6.3,9.46,ACTIVE,false,,1.6819726588173742,18.444938486376213
2026,4,2026-10-01T04:01:17.312087+0000,22d428b,offense,00-0041550,4685553,Brenen Thompson,WR,LAC,SEA,2026-10-04T20:25:00.000000+0000,1.9890728809948495,1.15,0.0,QUESTIONABLE,false,,-0.0023197706901008,7.103864113758244
2026,4,2026-10-01T04:01:17.312087+0000,22d428b,offense,00-0041558,4685504,Sam Roush,TE,CHI,NYJ,2026-10-04T17:00:00.000000+0000,2.1568820221327276,1.5,1.6,ACTIVE,false,,-0.0002495299957151198,6.61232851244449
2026,4,2026-10-01T04:01:17.312087+0000,22d428b,offense,00-0041561,4430841,Carson Beck,QB,ARI,NYG,2026-10-04T17:00:00.000000+0000,3.207672452038525,13.186090190609026,0.0,ACTIVE,false,,-0.07233296899454576,15.079922208519761
2026,4,2026-10-01T04:01:17.312087+0000,22d428b,offense,00-0041562,4837248,Fernando Mendoza,QB,LV,KC,2026-10-04T20:25:00.000000+0000,3.2901393314377514,13.186090190609026,0.0,ACTIVE,false,,-0.07252110518010456,15.934012688432976
2026,4,2026-10-01T04:01:17.312087+0000,22d428b,offense,00-0041565,4714771,Drew Allar,QB,PIT,CLE,2026-10-02T00:15:00.000000+0000,3.3819702945464463,13.186090190609026,0.0,ACTIVE,false,,-0.06327296937241474,15.231275769149082
2026,4,2026-10-01T04:01:17.312087+0000,22d428b,offense,00-0041568,4685522,Ty Simpson,QB,LA,PHI,2026-10-04T17:00:00.000000+0000,3.344864728728423,13.186090190609026,0.0,ACTIVE,false,,-0.06327296937241474,15.446734485786845
2026,4,2026-10-01T04:01:17.312087+0000,22d428b,offense,00-0041579,4714379,Seydou Traore,TE,MIA,MIN,2026-10-04T20:05:00.000000+0000,2.577055139224526,4.0999697256386005,0.0,ACTIVE,false,,-0.011521105180104555,7.727405846663495
2026,4,2026-10-01T04:01:17.312087+0000,22d428b,k,00-0025565,10621,Nick Folk,K,ATL,NO,2026-10-06T00:15:00.000000+0000,8.117863464511277,6.2,8.24,ACTIVE,false,,1.971480376741674,15.865470323455074
2026,4,2026-10-01T04:01:17.312087+0000,22d428b,k,00-0031136,17372,Chris Boswell,K,PIT,CLE,2026-10-02T00:15:00.000000+0000,10.116446701806904,8.4,8.07,ACTIVE,false,,3.2240398406648234,16.945441236273027
2026,4,2026-10-01T04:01:17.312087+0000,22d428b,k,00-0031203,17427,Cairo Santos,K,CHI,NYJ,2026-10-04T17:00:00.000000+0000,9.671830696201676,6.8,8.47,ACTIVE,false,,3.6413814384509755,17.475879816755644
2026,4,2026-10-01T04:01:17.312087+0000,22d428b,k,00-0031492,2473037,Jason Myers,K,SEA,LAC,2026-10-04T20:25:00.000000+0000,10.053785758744771,7.8,9.78,ACTIVE,false,,3.0254533333204296,18.466555233564982
2026,4,2026-10-01T04:01:17.312087+0000,22d428b,k,00-0032569,2985659,Wil Lutz,K,DEN,SF,2026-10-04T20:25:00.000000+0000,8.745368043461449,7.2,7.2,ACTIVE,false,,1.5161017656500988,16.507499852391916
2026,4,2026-10-01T04:01:17.312087+0000,22d428b,k,00-0032726,2971573,Ka'imi Fairbairn,K,HOU,DAL,2026-10-04T17:00:00.000000+0000,9.23359848929637,11.2,9.9,ACTIVE,false,,1.9347680830357166,17.211972164017723
2026,4,2026-10-01T04:01:17.312087+0000,22d428b,k,00-0033303,3055899,Harrison Butker,K,KC,LV,2026-10-04T20:25:00.000000+0000,9.861088841036127,10.6,8.83,ACTIVE,false,,2.9036485968243935,15.849825419108601
2026,4,2026-10-01T04:01:17.312087+0000,22d428b,k,00-0033787,3050478,Jake Elliott,K,PHI,LA,2026-10-04T17:00:00.000000+0000,9.765745175739454,5.6,7.85,ACTIVE,false,,2.842016450441051,17.465205920851883
2026,4,2026-10-01T04:01:17.312087+0000,22d428b,k,00-0034161,3051909,Daniel Carlson,K,NO,ATL,2026-10-06T00:15:00.000000+0000,8.355072772448363,8.6,8.92,ACTIVE,false,,2.0822476971642256,15.894238334032018
2026,4,2026-10-01T04:01:17.312087+0000,22d428b,k,00-0034173,4034949,Eddy Pineiro,K,SF,DEN,2026-10-04T20:25:00.000000+0000,8.889920265427975,6.6,9.27,ACTIVE,false,,3.725844931245454,15.852721999102588
2026,4,2026-10-01T04:01:17.312087+0000,22d428b,k,00-0034794,3124679,Jason Sanders,K,NYJ,CHI,2026-10-04T17:00:00.000000+0000,8.363272322792215,8.4,7.74,ACTIVE,false,,1.8094909745893313,15.785693338910619
2026,4,2026-10-01T04:01:17.312087+0000,22d428b,k,00-0035192,3124084,Joey Slye,K,TEN,BAL,2026-10-04T17:00:00.000000+0000,6.2726115728762615,6.2,6.96,ACTIVE,false,,0.21989306979177992,15.474911761112914
2026,4,2026-10-01T04:01:17.312087+0000,22d428b,k,00-0035269,4249087,Matt Gay,K,LV,KC,2026-10-04T20:25:00.000000+0000,8.460769434579039,9.4,8.14,ACTIVE,false,,1.7823328760832178,16.410933022639245
2026,4,2026-10-01T04:01:17.312087+0000,22d428b,k,00-0035358,3150744,Chase McLaughlin,K,TB,GB,2026-10-04T17:00:00.000000+0000,9.069288776113227,10.6,8.5,ACTIVE,false,,2.2390812049913893,14.940430238304913
2026,4,2026-10-01T04:01:17.312087+0000,22d428b,k,00-0036162,3917232,Tyler Bass,K,BUF,NE,2026-10-04T17:00:00.000000+0000,8.582004323063002,7.4,8.52,ACTIVE,false,,3.5264539704555484,14.76320291483582
2026,4,2026-10-01T04:01:17.312087+0000,22d428b,k,00-0036816,4243371,Riley Patterson,K,MIA,MIN,2026-10-04T20:05:00.000000+0000,6.761577620368725,6.2,6.64,ACTIVE,false,,1.1532077443985012,15.408713777686426
2026,4,2026-10-01T04:01:17.312087+0000,22d428b,k,00-0036854,4360234,Evan McPherson,K,CIN,JAX,2026-10-04T17:00:00.000000+0000,8.870054803781958,10.2,8.42,ACTIVE,false,,2.6145278107594265,16.124609136797346
2026,4,2026-10-01T04:01:17.312087+0000,22d428b,k,00-0037224,4362081,Cameron Dicker,K,LAC,SEA,2026-10-04T20:25:00.000000+0000,9.016497981119977,3.6,8.04,ACTIVE,false,,1.7228724733054097,16.964408494530197
2026,4,2026-10-01T04:01:17.312087+0000,22d428b,k,00-0037692,3953687,Brandon Aubrey,K,DAL,HOU,2026-10-04T17:00:00.000000+0000,10.203220660206838,9.8,9.55,ACTIVE,true,K,2.3292787012121443,17.64245263642818
2026,4,2026-10-01T04:01:17.312087+0000,22d428b,k,00-0038428,4258620,Andre Szmyt,K,CLE,PIT,2026-10-02T00:15:00.000000+0000,9.246768555615102,8.8,7.36,ACTIVE,false,,2.7327269164683523,16.563708430759757
2026,4,2026-10-01T04:01:17.312087+0000,22d428b,k,00-0038567,4363538,Chad Ryland,K,ARI,NYG,2026-10-04T17:00:00.000000+0000,9.235709566102557,8.6,8.04,ACTIVE,false,,2.2892864898686924,17.06409505451105
2026,4,2026-10-01T04:01:17.312087+0000,22d428b,k,00-0039172,4689936,Jake Bates,K,DET,CAR,2026-10-05T00:20:00.000000+0000,9.648282175842144,7.8,8.71,ACTIVE,false,,3.1680976612799405,16.14058687839219
2026,4,2026-10-01T04:01:17.312087+0000,22d428b,k,00-0039404,4567104,Will Reichard,K,MIN,MIA,2026-10-04T20:05:00.000000+0000,10.584732483221245,12.0,9.13,ACTIVE,false,,2.686127466750167,17.155908939554333
2026,4,2026-10-01T04:01:17.312087+0000,22d428b,k,00-0039409,4686361,Cam Little,K,JAX,CIN,2026-10-04T17:00:00.000000+0000,9.829703525647247,10.6,8.73,ACTIVE,false,,3.1154493580458444,17.187616977025243
2026,4,2026-10-01T04:01:17.312087+0000,22d428b,k,00-0039498,4574716,Harrison Mevis,K,LA,PHI,2026-10-04T17:00:00.000000+0000,9.263410691797489,8.2,8.54,ACTIVE,false,,1.7562194679560452,16.807968336609335
2026,4,2026-10-01T04:01:17.312087+0000,22d428b,k,00-0039576,4571557,Spencer Shrader,K,IND,WAS,2026-10-04T13:30:00.000000+0000,10.273151462666663,10.0,8.97,ACTIVE,false,,2.325621228494743,16.378383856219884
2026,4,2026-10-01T04:01:17.312087+0000,22d428b,k,00-0040074,4697745,Tyler Loop,K,BAL,TEN,2026-10-04T17:00:00.000000+0000,9.128196796766918,9.6,9.3,ACTIVE,false,,3.5569619238860395,16.367951295137566
2026,4,2026-10-01T04:01:17.312087+0000,22d428b,k,00-0040200,4569923,Andy Borregales,K,NE,BUF,2026-10-04T17:00:00.000000+0000,8.30242132921545,6.8,7.18,ACTIVE,false,,2.1087140951836316,15.356926021722714
2026,4,2026-10-01T04:01:17.312087+0000,22d428b,k,00-0040279,4568263,Ryan Fitzgerald,K,CAR,DET,2026-10-05T00:20:00.000000+0000,9.815147512832326,7.6,8.68,ACTIVE,false,,2.1825352931533293,17.002150422736964
2026,4,2026-10-01T04:01:17.312087+0000,22d428b,k,00-0040899,4869461,Trey Smack,K,GB,TB,2026-10-04T17:00:00.000000+0000,10.02854644590363,7.333333333333333,8.12,ACTIVE,false,,2.287556089578099,17.266465101183964
2026,4,2026-10-01T04:01:17.312087+0000,22d428b,k,00-0041145,5082424,Dominic Zvada,K,NYG,ARI,2026-10-04T17:00:00.000000+0000,8.059896046061272,8.0,8.68,ACTIVE,false,,1.7859137227917823,15.435925111912972
2026,4,2026-10-01T04:01:17.312087+0000,22d428b,k,00-0041182,5081335,Drew Stevens,K,WAS,IND,2026-10-04T13:30:00.000000+0000,7.785112415974518,8.0,8.39,ACTIVE,false,,1.5729074999547996,14.97659110828219
2026,4,2026-10-01T04:01:17.312087+0000,22d428b,dst,ARI,-16022,ARI D/ST,D/ST,ARI,NYG,2026-10-04T17:00:00.000000+0000,8.315747707125677,0.6,5.5,,false,,-0.6905114580546172,16.941690369584858
2026,4,2026-10-01T04:01:17.312087+0000,22d428b,dst,ATL,-16001,ATL D/ST,D/ST,ATL,NO,2026-10-06T00:15:00.000000+0000,5.247718683749206,7.8,5.38,,false,,-2.217088760182225,13.464826957974287
2026,4,2026-10-01T04:01:17.312087+0000,22d428b,dst,BAL,-16033,BAL D/ST,D/ST,BAL,TEN,2026-10-04T17:00:00.000000+0000,7.9745624774167085,4.4,6.96,NORMAL,false,,0.6853054504886134,15.91342777805914
2026,4,2026-10-01T04:01:17.312087+0000,22d428b,dst,BUF,-16002,BUF D/ST,D/ST,BUF,NE,2026-10-04T17:00:00.000000+0000,6.2621816071017955,5.2,6.28,NORMAL,true,D/ST,-0.7633043259632044,14.628343824656158
2026,4,2026-10-01T04:01:17.312087+0000,22d428b,dst,CAR,-16029,CAR D/ST,D/ST,CAR,DET,2026-10-05T00:20:00.000000+0000,3.365589952634315,7.6,2.48,,false,,-3.1347513013630968,11.161097108552894
2026,4,2026-10-01T04:01:17.312087+0000,22d428b,dst,CHI,-16003,CHI D/ST,D/ST,CHI,NYJ,2026-10-04T17:00:00.000000+0000,7.553074960651423,5.2,6.27,,false,,-0.5197268032291364,15.360137274498234
2026,4,2026-10-01T04:01:17.312087+0000,22d428b,dst,CIN,-16004,CIN D/ST,D/ST,CIN,JAX,2026-10-04T17:00:00.000000+0000,3.6606995715069126,9.4,4.35,,false,,-3.353256770459211,11.946864638382099
2026,4,2026-10-01T04:01:17.312087+0000,22d428b,dst,CLE,-16005,CLE D/ST,D/ST,CLE,PIT,2026-10-02T00:15:00.000000+0000,5.991922438049029,7.0,6.5,,false,,-1.7501181850775938,15.2947132805143
2026,4,2026-10-01T04:01:17.312087+0000,22d428b,dst,DAL,-16006,DAL D/ST,D/ST,DAL,HOU,2026-10-04T17:00:00.000000+0000,4.7988455151954295,1.4,4.39,,false,,-2.560575527062186,11.222626812730038
2026,4,2026-10-01T04:01:17.312087+0000,22d428b,dst,DEN,-16007,DEN D/ST,D/ST,DEN,SF,2026-10-04T20:25:00.000000+0000,1.957685350808491,9.4,3.17,NORMAL,false,,-4.648073092594827,11.279667081996706
2026,4,2026-10-01T04:01:17.312087+0000,22d428b,dst,DET,-16008,DET D/ST,D/ST,DET,CAR,2026-10-05T00:20:00.000000+0000,4.366576886333513,4.6,4.59,,false,,-3.6609451291227986,13.476086198140916
2026,4,2026-10-01T04:01:17.312087+0000,22d428b,dst,GB,-16009,GB D/ST,D/ST,GB,TB,2026-10-04T17:00:00.000000+0000,7.763957967260627,0.8,6.11,,false,,0.04162392661151193,14.747865130651887
2026,4,2026-10-01T04:01:17.312087+0000,22d428b,dst,HOU,-16034,HOU D/ST,D/ST,HOU,DAL,2026-10-04T17:00:00.000000+0000,3.322572559629427,6.8,4.89,NORMAL,false,,-4.053625376677157,12.720165331557954
2026,4,2026-10-01T04:01:17.312087+0000,22d428b,dst,IND,-16011,IND D/ST,D/ST,IND,WAS,2026-10-04T13:30:00.000000+0000,4.894850776185584,0.0,4.61,,false,,-0.9774457889311775,12.596706347117813
2026,4,2026-10-01T04:01:17.312087+0000,22d428b,dst,JAX,-16030,JAX D/ST,D/ST,JAX,CIN,2026-10-04T17:00:00.000000+0000,3.6694998554947693,10.2,5.08,,false,,-3.0987206757524826,11.069167525503971
2026,4,2026-10-01T04:01:17.312087+0000,22d428b,dst,KC,-16012,KC D/ST,D/ST,KC,LV,2026-10-04T20:25:00.000000+0000,4.512828477820004,7.2,6.51,NORMAL,false,,-1.7815956430353348,13.991122368320381
2026,4,2026-10-01T04:01:17.312087+0000,22d428b,dst,LA,-16014,LA D/ST,D/ST,LA,PHI,2026-10-04T17:00:00.000000+0000,6.318985877203926,7.0,6.27,NORMAL,false,,-1.0206332572626922,14.98150051463287
2026,4,2026-10-01T04:01:17.312087+0000,22d428b,dst,LAC,-16024,LAC D/ST,D/ST,LAC,SEA,2026-10-04T20:25:00.000000+0000,2.6288998104985755,5.8,4.08,NORMAL,false,,-3.10179546466253,12.503341562749805
2026,4,2026-10-01T04:01:17.312087+0000,22d428b,dst,LV,-16013,LV D/ST,D/ST,LV,KC,2026-10-04T20:25:00.000000+0000,1.8638459179446152,11.6,3.67,,false,,-3.2581664799409626,11.905268020737433
2026,4,2026-10-01T04:01:17.312087+0000,22d428b,dst,MIA,-16015,MIA D/ST,D/ST,MIA,MIN,2026-10-04T20:05:00.000000+0000,4.161376290180574,1.8,3.32,,false,,-2.2874238282367623,13.040233303621992
2026,4,2026-10-01T04:01:17.312087+0000,22d428b,dst,MIN,-16016,MIN D/ST,D/ST,MIN,MIA,2026-10-04T20:05:00.000000+0000,9.541919498048083,14.6,8.5,NORMAL,false,,0.7905406664920476,18.831710007516147
2026,4,2026-10-01T04:01:17.312087+0000,22d428b,dst,NE,-16017,NE D/ST,D/ST,NE,BUF,2026-10-04T17:00:00.000000+0000,3.820077336203023,9.4,3.06,,false,,-4.19614037701489,11.475083600211306
2026,4,2026-10-01T04:01:17.312087+0000,22d428b,dst,NO,-16018,NO D/ST,D/ST,NO,ATL,2026-10-06T00:15:00.000000+0000,5.740419307539956,6.2,3.19,,false,,-2.924043354992781,13.976770330693581
2026,4,2026-10-01T04:01:17.312087+0000,22d428b,dst,NYG,-16019,NYG D/ST,D/ST,NYG,ARI,2026-10-04T17:00:00.000000+0000,3.779063701153553,7.6,5.91,,false,,-2.304648179763915,12.87191998980729
2026,4,2026-10-01T04:01:17.312087+0000,22d428b,dst,NYJ,-16020,NYJ D/ST,D/ST,NYJ,CHI,2026-10-04T17:00:00.000000+0000,3.8004034200575902,1.2,6.67,,false,,-3.293387440972535,12.038609199872317
2026,4,2026-10-01T04:01:17.312087+0000,22d428b,dst,PHI,-16021,PHI D/ST,D/ST,PHI,LA,2026-10-04T17:00:00.000000+0000,2.4732396707167044,5.2,4.12,,false,,-4.144756999093501,11.522163726134282
2026,4,2026-10-01T04:01:17.312087+0000,22d428b,dst,PIT,-16023,PIT D/ST,D/ST,PIT,CLE,2026-10-02T00:15:00.000000+0000,8.403275557254439,9.2,8.06,NORMAL,false,,0.15373492306930037,15.772595893180945
2026,4,2026-10-01T04:01:17.312087+0000,22d428b,dst,SEA,-16026,SEA D/ST,D/ST,SEA,LAC,2026-10-04T20:25:00.000000+0000,7.642834688889861,10.4,7.86,NORMAL,false,,-0.16221420988438973,16.30609205512231
2026,4,2026-10-01T04:01:17.312087+0000,22d428b,dst,SF,-16025,SF D/ST,D/ST,SF,DEN,2026-10-04T20:25:00.000000+0000,5.736697274208671,3.6,5.88,NORMAL,false,,-0.8799934114345263,13.887980807228093
2026,4,2026-10-01T04:01:17.312087+0000,22d428b,dst,TB,-16027,TB D/ST,D/ST,TB,GB,2026-10-04T17:00:00.000000+0000,6.019367969678407,6.4,5.88,,false,,-0.5089744226419893,14.681443944200144
2026,4,2026-10-01T04:01:17.312087+0000,22d428b,dst,TEN,-16010,TEN D/ST,D/ST,TEN,BAL,2026-10-04T17:00:00.000000+0000,2.296601387127328,2.6,2.28,,false,,-3.8118412075186665,10.767679382110975
2026,4,2026-10-01T04:01:17.312087+0000,22d428b,dst,WAS,-16028,WAS D/ST,D/ST,WAS,IND,2026-10-04T13:30:00.000000+0000,4.445826160702254,3.2,6.31,,false,,-2.223044014088728,12.661205169622926
2026,4,2026-10-04T15:01:17.400186+0000,1d83a5d,offense,00-0026158,11252,Joe Flacco,QB,CIN,JAX,2026-10-04T17:00:00.000000+0000,2.398772459551968,4.200000000000001,0.0,ACTIVE,false,,-0.31256955828100463,12.226915612237832
2026,4,2026-10-04T15:01:17.400186+0000,1d83a5d,offense,00-0026498,12483,Matthew Stafford,QB,LA,PHI,2026-10-04T17:00:00.000000+0000,16.901848648389254,18.28,16.49,ACTIVE,false,,4.712411305376556,28.652172585105156
2026,4,2026-10-04T15:01:17.400186+0000,1d83a5d,offense,00-0027973,14012,Andy Dalton,QB,PHI,LA,2026-10-04T17:00:00.000000+0000,3.8983667839196983,1.504,0.0,ACTIVE,false,,-0.2220143992270245,16.482333531190083
2026,4,2026-10-04T15:01:17.400186+0000,1d83a5d,offense,00-0028118,14163,Tyrod Taylor,QB,GB,TB,2026-10-04T17:00:00.000000+0000,8.1393598284088,10.224,0.0,ACTIVE,false,,0.9874965478225162,20.805086460904935
2026,4,2026-10-04T15:01:17.400186+0000,1d83a5d,offense,00-0028986,15168,Case Keenum,QB,CHI,NYJ,2026-10-04T17:00:00.000000+0000,15.432525678992851,11.406666666666668,0.0,ACTIVE,false,,4.25552520920306,27.284310797827246
2026,4,2026-10-04T15:01:17.400186+0000,1d83a5d,offense,00-0029604,14880,Kirk Cousins,QB,LV,KC,2026-10-04T20:25:00.000000+0000,15.117846132279764,14.916,13.99,ACTIVE,false,,4.302616408689189,26.985040510029673
2026,4,2026-10-04T15:01:17.400186+0000,1d83a5d,offense,00-0029892,16002,Kyle Juszczyk,RB,SF,DEN,2026-10-04T20:25:00.000000+0000,2.610083224298402,7.416518811881182,2.57,ACTIVE,false,,-0.000034193244796762386,9.937495273249507
2026,4,2026-10-04T15:01:17.400186+0000,1d83a5d,offense,00-0030061,15835,Zach Ertz,TE,PHI,LA,2026-10-04T17:00:00.000000+0000,7.739720883286092,8.44,4.38,ACTIVE,false,,0.7573171754958734,15.34174337221409
2026,4,2026-10-04T15:01:17.400186+0000,1d83a5d,offense,00-0030506,15847,Travis Kelce,TE,KC,LV,2026-10-04T20:25:00.000000+0000,12.33745820820547,12.379999999999999,11.79,ACTIVE,true,TE,2.8938361858350756,22.320312296352864
2026,4,2026-10-04T15:01:17.400186+0000,1d83a5d,offense,00-0030565,15864,Geno Smith,QB,NYJ,CHI,2026-10-04T17:00:00.000000+0000,14.127742343940666,14.419999999999998,14.99,ACTIVE,false,,4.302616408689189,26.118815240312745
2026,4,2026-10-04T15:01:17.400186+0000,1d83a5d,offense,00-0031236,16731,Brandin Cooks,WR,SF,DEN,2026-10-04T20:25:00.000000+0000,2.687821897837035,3.2800000000000002,2.25,ACTIVE,false,,-0.004640933956520472,11.724678304425211
2026,4,2026-10-04T15:01:17.400186+0000,1d83a5d,offense,00-0031381,16800,Davante Adams,WR,LA,PHI,2026-10-04T17:00:00.000000+0000,16.747505715969794,16.76,15.63,ACTIVE,false,,4.773411305376556,28.304567036107635
2026,4,2026-10-04T15:01:17.400186+0000,1d83a5d,offense,00-0031408,16737,Mike Evans,WR,SF,DEN,2026-10-04T20:25:00.000000+0000,10.455914344636696,11.040000000000001,11.8,QUESTIONABLE,false,,2.2754281777008756,20.614198471680858
2026,4,2026-10-04T15:01:17.400186+0000,1d83a5d,offense,00-0031484,2531358,Chris Manhertz,TE,NYG,ARI,2026-10-04T17:00:00.000000+0000,1.2153276483093736,0.0,0.0,ACTIVE,false,,-0.01641494212630333,3.5524374462052437
2026,4,2026-10-04T15:01:17.400186+0000,1d83a5d,offense,00-0031503,2969939,Jameis Winston,QB,NYG,ARI,2026-10-04T17:00:00.000000+0000,11.255493818891946,10.388,14.87,ACTIVE,false,,1.2285484109965537,23.354054822639384
2026,4,2026-10-04T15:01:17.400186+0000,1d83a5d,offense,00-0031610,2576925,Darren Waller,TE,CAR,DET,2026-10-05T00:20:00.000000+0000,7.360227018659009,8.24,10.12,ACTIVE,false,,1.4224764458762025,15.978201317296998
2026,4,2026-10-04T15:01:17.400186+0000,1d83a5d,offense,00-0032104,2576336,Ameer Abdullah,RB,JAX,CIN,2026-10-04T17:00:00.000000+0000,3.0683665616183697,2.52,1.45,ACTIVE,false,,-0.00271012266976976,8.549646557975434
2026,4,2026-10-04T15:01:17.400186+0000,1d83a5d,offense,00-0032385,2976592,Sterling Shepard,WR,NYJ,CHI,2026-10-04T17:00:00.000000+0000,3.5787756471730297,4.12,5.4,ACTIVE,false,,-0.005673293258745895,10.047758026437458
2026,4,2026-10-04T15:01:17.400186+0000,1d83a5d,offense,00-0032392,3043275,Austin Hooper,TE,ATL,NO,2026-10-06T00:15:00.000000+0000,3.436280666855553,4.739999999999999,4.4,ACTIVE,false,,-0.002676427979889413,8.58396454110873
2026,4,2026-10-04T15:01:17.400186+0000,1d83a5d,offense,00-0032398,2576581,Chris Moore,WR,BAL,TEN,2026-10-04T17:00:00.000000+0000,4.260031578659112,3.56,5.43,QUESTIONABLE,false,,0.07335855376614012,11.620002002642583
2026,4,2026-10-04T15:01:17.400186+0000,1d83a5d,offense,00-0032464,2973405,Kalif Raymond,WR,CHI,NYJ,2026-10-04T17:00:00.000000+0000,10.943872167693165,11.219999999999999,9.93,ACTIVE,false,,2.9998622938802018,21.049119725716988
2026,4,2026-10-04T15:01:17.400186+0000,1d83a5d,offense,00-0032764,3043078,Derrick Henry,RB,BAL,TEN,2026-10-04T17:00:00.000000+0000,19.675102815246678,26.619999999999997,20.29,ACTIVE,false,,4.8219840995142045,33.26971435354477
2026,4,2026-10-04T15:01:17.400186+0000,1d83a5d,offense,00-0032950,2573079,Carson Wentz,QB,MIN,MIA,2026-10-04T20:05:00.000000+0000,13.633916249399439,11.872,0.0,ACTIVE,false,,2.6655339912554066,25.749262355296516
2026,4,2026-10-04T15:01:17.400186+0000,1d83a5d,offense,00-0033077,2577417,Dak Prescott,QB,DAL,HOU,2026-10-04T17:00:00.000000+0000,18.26014286737991,17.296,17.28,ACTIVE,false,,4.712411305376556,30.852116077168123
2026,4,2026-10-04T15:01:17.400186+0000,1d83a5d,offense,00-0033090,3046439,Hunter Henry,TE,NE,BUF,2026-10-04T17:00:00.000000+0000,7.496138230405168,7.719999999999999,8.91,ACTIVE,false,,0.784076351188113,14.963613951642381
2026,4,2026-10-04T15:01:17.400186+0000,1d83a5d,offense,00-0033106,3046779,Jared Goff,QB,DET,CAR,2026-10-05T00:20:00.000000+0000,20.420535052847033,16.580000000000002,17.31,ACTIVE,false,,4.712411305376556,32.23514668642883
2026,4,2026-10-04T15:01:17.400186+0000,1d83a5d,offense,00-0033110,2573401,Tyler Higbee,TE,LA,PHI,2026-10-04T17:00:00.000000+0000,6.660879567354829,8.959999999999999,7.68,ACTIVE,false,,0.8743319435955423,15.428467621754221
2026,4,2026-10-04T15:01:17.400186+0000,1d83a5d,offense,00-0033119,2578570,Jacoby Brissett,QB,ARI,NYG,2026-10-04T17:00:00.000000+0000,17.445221871267563,16.136,15.96,ACTIVE,false,,4.712411305376556,28.330980540797412
2026,4,2026-10-04T15:01:17.400186+0000,1d83a5d,offense,00-0033246,3052096,Johnny Mundt,TE,PHI,LA,2026-10-04T17:00:00.000000+0000,2.2018325495018125,1.3599999999999999,3.36,ACTIVE,false,,-9.32216087179684e-6,6.001220453620354
2026,4,2026-10-04T15:01:17.400186+0000,1d83a5d,offense,00-0033280,3117251,Christian McCaffrey,RB,SF,DEN,2026-10-04T20:25:00.000000+0000,20.094826324586553,19.560000000000002,20.26,ACTIVE,false,,4.822212982009578,32.322179699042785
2026,4,2026-10-04T15:01:17.400186+0000,1d83a5d,offense,00-0033288,3040151,George Kittle,TE,SF,DEN,2026-10-04T20:25:00.000000+0000,12.482793419718073,15.960000000000003,13.73,ACTIVE,false,,3.761963752531831,22.051914831538447
2026,4,2026-10-04T15:01:17.400186+0000,1d83a5d,offense,00-0033293,3042519,Aaron Jones,RB,MIN,MIA,2026-10-04T20:05:00.000000+0000,13.062345710467765,12.260000000000002,18.02,ACTIVE,false,,2.891587957613824,23.628743084410555
2026,4,2026-10-04T15:01:17.400186+0000,1d83a5d,offense,00-0033307,3045523,Kendrick Bourne,WR,ARI,NYG,2026-10-04T17:00:00.000000+0000,6.356614031654437,5.260000000000001,5.42,ACTIVE,false,,0.4320684671803056,14.646194915419507
2026,4,2026-10-04T15:01:17.400186+0000,1d83a5d,offense,00-0033376,2975417,Patrick Ricard,RB,NYG,ARI,2026-10-04T17:00:00.000000+0000,1.0789898067909003,0.36,0.43,ACTIVE,false,,-0.0018511875204950362,3.3812880731243737
2026,4,2026-10-04T15:01:17.400186+0000,1d83a5d,offense,00-0033526,3116389,Samaje Perine,RB,CIN,JAX,2026-10-04T17:00:00.000000+0000,4.956277736810131,6.0200000000000005,5.07,ACTIVE,false,,0.5579675218509882,11.480662739710265
2026,4,2026-10-04T15:01:17.400186+0000,1d83a5d,offense,00-0033555,2991662,Mack Hollins,WR,NE,BUF,2026-10-04T17:00:00.000000+0000,9.42091299702193,9.92,9.69,ACTIVE,false,,1.8099978570368724,19.770149506404042
2026,4,2026-10-04T15:01:17.400186+0000,1d83a5d,offense,00-0033576,2975863,Eric Saubert,TE,SEA,LAC,2026-10-04T20:25:00.000000+0000,2.0569297203078345,2.2600000000000002,1.05,ACTIVE,false,,-0.00090305424224875,6.303405209557299
2026,4,2026-10-04T15:01:17.400186+0000,1d83a5d,offense,00-0033589,4212909,David Moore,WR,CAR,DET,2026-10-05T00:20:00.000000+0000,2.0670136057746227,0.54,3.05,ACTIVE,false,,0.00005711388040452566,5.216876164000477
2026,4,2026-10-04T15:01:17.400186+0000,1d83a5d,offense,00-0033662,2972515,Cooper Rush,QB,ATL,NO,2026-10-06T00:15:00.000000+0000,6.581204029801507,1.456,0.0,ACTIVE,false,,-0.02115386427922754,19.7255355719715
2026,4,2026-10-04T15:01:17.400186+0000,1d83a5d,offense,00-0033854,2983509,Dare Ogunbowale,RB,HOU,DAL,2026-10-04T17:00:00.000000+0000,1.91784370442113,3.1399999999999997,0.0,ACTIVE,false,,-0.004931461135808181,6.355410233059836
2026,4,2026-10-04T15:01:17.400186+0000,1d83a5d,offense,00-0033858,3054212,Jonnu Smith,TE,GB,TB,2026-10-04T17:00:00.000000+0000,3.450412639246758,3.94,3.44,ACTIVE,false,,-0.005639598568865547,9.19136876195913
2026,4,2026-10-04T15:01:17.400186+0000,1d83a5d,offense,00-0033869,3039707,Mitchell Trubisky,QB,TEN,BAL,2026-10-04T17:00:00.000000+0000,6.2736199444623795,8.072,0.0,ACTIVE,false,,0.33629777397865973,18.817215941065392
2026,4,2026-10-04T15:01:17.400186+0000,1d83a5d,offense,00-0033873,3139477,Patrick Mahomes,QB,KC,LV,2026-10-04T20:25:00.000000+0000,18.882201115114714,17.188,18.69,ACTIVE,false,,4.712411305376556,32.1305241892054
2026,4,2026-10-04T15:01:17.400186+0000,1d83a5d,offense,00-0033881,3051876,Evan Engram,TE,DEN,SF,2026-10-04T20:25:00.000000+0000,5.273400150636113,6.12,5.34,ACTIVE,false,,0.15783012383549985,10.183750838046501
2026,4,2026-10-04T15:01:17.400186+0000,1d83a5d,offense,00-0033906,3054850,Alvin Kamara,RB,NO,ATL,2026-10-06T00:15:00.000000+0000,7.820920075214487,6.200000000000001,10.58,ACTIVE,false,,1.178716052991122,15.701304375115473
2026,4,2026-10-04T15:01:17.400186+0000,1d83a5d,offense,00-0033908,2977187,Cooper Kupp,WR,SEA,LAC,2026-10-04T20:25:00.000000+0000,6.525149026665874,6.12,6.77,ACTIVE,false,,0.3977424985654494,14.261146877914982
2026,4,2026-10-04T15:01:17.400186+0000,1d83a5d,offense,00-0033921,3116165,Chris Godwin Jr.,WR,TB,GB,2026-10-04T17:00:00.000000+0000,8.016398089174485,9.64,7.05,ACTIVE,false,,0.8263917406007764,17.66474571792419
2026,4,2026-10-04T15:01:17.400186+0000,1d83a5d,offense,00-0033949,3044720,Joshua Dobbs,QB,DET,CAR,2026-10-05T00:20:00.000000+0000,2.6771140996327474,4.968,0.0,ACTIVE,false,,-0.24766924279322022,11.5189228135266
2026,4,2026-10-04T15:01:17.400186+0000,1d83a5d,offense,00-0034270,3915486,Tyler Conklin,TE,DET,CAR,2026-10-05T00:20:00.000000+0000,0.759304945781506,0.76,0.0,ACTIVE,false,,1.0889605074807694e-6,1.374183590887215
2026,4,2026-10-04T15:01:17.400186+0000,1d83a5d,offense,00-0034272,3051738,Marquez Valdes-Scantling,WR,LAC,SEA,2026-10-04T20:25:00.000000+0000,5.126660610047397,4.8,1.41,ACTIVE,false,,0.43414714097965684,14.2456445837224
2026,4,2026-10-04T15:01:17.400186+0000,1d83a5d,offense,00-0034348,3128429,Courtland Sutton,WR,DEN,SF,2026-10-04T20:25:00.000000+0000,9.670936039415913,5.14,10.53,ACTIVE,true,BE,1.5118210796486273,19.205427384469044
2026,4,2026-10-04T15:01:17.400186+0000,1d83a5d,offense,00-0034351,3121023,Dallas Goedert,TE,PHI,LA,2026-10-04T17:00:00.000000+0000,9.947091907318653,14.420000000000002,0.0,OUT,false,,1.6183319766126278,17.777214617815353
2026,4,2026-10-04T15:01:17.400186+0000,1d83a5d,offense,00-0034365,4045305,Ian Thomas,TE,LV,KC,2026-10-04T20:25:00.000000+0000,1.3395072939916663,0.42000000000000004,0.55,ACTIVE,false,,2.307105838937612e-8,3.5573434353646496
2026,4,2026-10-04T15:01:17.400186+0000,1d83a5d,offense,00-0034383,3117256,Dalton Schultz,TE,HOU,DAL,2026-10-04T17:00:00.000000+0000,11.336100476761661,11.14,9.04,ACTIVE,false,,2.8051731751022184,21.23738447082471
2026,4,2026-10-04T15:01:17.400186+0000,1d83a5d,offense,00-0034419,3123075,Braxton Berrios,WR,NYG,ARI,2026-10-04T17:00:00.000000+0000,1.1093245835467191,0.0,1.1,ACTIVE,false,,-0.009842904788251795,3.9423462148944703
2026,4,2026-10-04T15:01:17.400186+0000,1d83a5d,offense,00-0034577,3115293,Kyle Allen,QB,BUF,NE,2026-10-04T17:00:00.000000+0000,1.504204668907117,0.05199999999999998,0.0,ACTIVE,false,,-0.11505321261902764,8.119611193888794
2026,4,2026-10-04T15:01:17.400186+0000,1d83a5d,offense,00-0034613,3050481,Tanner Hudson,TE,CIN,JAX,2026-10-04T17:00:00.000000+0000,2.0423596172694474,2.2399999999999998,1.17,ACTIVE,false,,0.000012374894356809349,5.1302544006283215
2026,4,2026-10-04T15:01:17.400186+0000,1d83a5d,offense,00-0034753,3116365,Mark Andrews,TE,BAL,TEN,2026-10-04T17:00:00.000000+0000,8.350180292688531,7.080000000000001,10.03,ACTIVE,false,,1.7387721228420177,16.753020549528383
2026,4,2026-10-04T15:01:17.400186+0000,1d83a5d,offense,00-0034796,3916387,Lamar Jackson,QB,BAL,TEN,2026-10-04T17:00:00.000000+0000,19.28053028551278,17.072,21.18,ACTIVE,false,,4.302616408689189,30.073361377067002
2026,4,2026-10-04T15:01:17.400186+0000,1d83a5d,offense,00-0034798,3052897,Durham Smythe,TE,BAL,TEN,2026-10-04T17:00:00.000000+0000,1.9527051192512332,0.7,1.4,ACTIVE,false,,-2.5313441515456057e-6,5.197981934405408
2026,4,2026-10-04T15:01:17.400186+0000,1d83a5d,offense,00-0034827,3915416,DJ Moore,WR,BUF,NE,2026-10-04T17:00:00.000000+0000,10.183178027108367,7.4799999999999995,12.97,ACTIVE,false,,2.0343682034509554,20.813005354797866
2026,4,2026-10-04T15:01:17.400186+0000,1d83a5d,offense,00-0034829,3116164,Mike Gesicki,TE,CIN,JAX,2026-10-04T17:00:00.000000+0000,7.274185433147416,8.3,7.45,ACTIVE,false,,1.215857086033536,15.449156626669831
2026,4,2026-10-04T15:01:17.400186+0000,1d83a5d,offense,00-0034837,3925357,Calvin Ridley,WR,TEN,BAL,2026-10-04T17:00:00.000000+0000,2.523233777185898,2.12,2.4,ACTIVE,false,,0.000011457761851667619,8.172374968769235
2026,4,2026-10-04T15:01:17.400186+0000,1d83a5d,offense,00-0034844,3929630,Saquon Barkley,RB,PHI,LA,2026-10-04T17:00:00.000000+0000,10.837561772768959,9.8,14.31,ACTIVE,false,,2.009088069320357,21.361506217350353
2026,4,2026-10-04T15:01:17.400186+0000,1d83a5d,offense,00-0034855,3052587,Baker Mayfield,QB,TB,GB,2026-10-04T17:00:00.000000+0000,14.809866102190178,13.152000000000001,0.0,OUT,false,,3.710328344207832,27.825431387414074
2026,4,2026-10-04T15:01:17.400186+0000,1d83a5d,offense,00-0034857,3918298,Josh Allen,QB,BUF,NE,2026-10-04T17:00:00.000000+0000,22.694083341714695,23.424,22.22,ACTIVE,true,QB,4.712411305376556,34.82404083406
2026,4,2026-10-04T15:01:17.400186+0000,1d83a5d,offense,00-0034867,3115928,Malik Turner,WR,SF,DEN,2026-10-04T20:25:00.000000+0000,1.1176101138715286,0.0,,,false,,-0.008534392723353173,3.6983941427747378
2026,4,2026-10-04T15:01:17.400186+0000,1d83a5d,offense,00-0034869,3912547,Sam Darnold,QB,SEA,LAC,2026-10-04T20:25:00.000000+0000,13.928173690735342,12.516,17.0,ACTIVE,false,,3.6554827263801015,24.986478083680336
2026,4,2026-10-04T15:01:17.400186+0000,1d83a5d,offense,00-0034959,3125107,Andrew Beck,RB,NYJ,CHI,2026-10-04T17:00:00.000000+0000,2.465698328522888,7.416518811881182,0.0,ACTIVE,false,,-0.000034186724129221945,9.681205087928051
2026,4,2026-10-04T15:01:17.400186+0000,1d83a5d,offense,00-0034960,3916433,Jakobi Meyers,WR,JAX,CIN,2026-10-04T17:00:00.000000+0000,10.823613048597252,10.54,10.79,ACTIVE,false,,1.3652738336951913,21.01949862418805
2026,4,2026-10-04T15:01:17.400186+0000,1d83a5d,offense,00-0034975,4038441,Justice Hill,RB,BAL,TEN,2026-10-04T17:00:00.000000+0000,4.874951564664858,3.840000000000002,5.37,ACTIVE,false,,-0.00271012266976976,10.933293537686772
2026,4,2026-10-04T15:01:17.400186+0000,1d83a5d,offense,00-0034981,3843945,Foster Moreau,TE,HOU,DAL,2026-10-04T17:00:00.000000+0000,4.217105931735973,3.8200000000000003,3.05,ACTIVE,false,,0.20444411646158886,10.497447156625492
2026,4,2026-10-04T15:01:17.400186+0000,1d83a5d,offense,00-0035125,3917668,Alec Ingold,RB,LAC,SEA,2026-10-04T20:25:00.000000+0000,2.417408192199026,7.416518811881182,1.36,ACTIVE,false,,-0.000034186724129221945,8.827024289457984
2026,4,2026-10-04T15:01:17.400186+0000,1d83a5d,offense,00-0035208,3917914,Olamide Zaccheaus,WR,ATL,NO,2026-10-06T00:15:00.000000+0000,2.9582544995258333,2.2,3.84,ACTIVE,false,,-0.0016121725947116595,9.321626563262333
2026,4,2026-10-04T15:01:17.400186+0000,1d83a5d,offense,00-0035228,3917315,Kyler Murray,QB,MIN,MIA,2026-10-04T20:05:00.000000+0000,13.412944291887966,11.099999999999998,19.21,ACTIVE,false,,1.1257597702004463,25.947781291148065
2026,4,2026-10-04T15:01:17.400186+0000,1d83a5d,offense,00-0035229,4036133,T.J. Hockenson,TE,MIN,MIA,2026-10-04T20:05:00.000000+0000,7.626802131725088,6.88,9.05,ACTIVE,false,,0.8745608260909161,16.1130935037014
2026,4,2026-10-04T15:01:17.400186+0000,1d83a5d,offense,00-0035250,4040761,Devin Singletary,RB,NYG,ARI,2026-10-04T17:00:00.000000+0000,7.343002134173348,9.58,0.0,ACTIVE,false,,0.874298248905662,16.510193108382758
2026,4,2026-10-04T15:01:17.400186+0000,1d83a5d,offense,00-0035261,3916148,Tony Pollard,RB,TEN,BAL,2026-10-04T17:00:00.000000+0000,9.799046140993775,9.3,11.76,ACTIVE,false,,2.26936864791755,20.28349969700724
2026,4,2026-10-04T15:01:17.400186+0000,1d83a5d,offense,00-0035264,3892775,Jarrett Stidham,QB,DEN,SF,2026-10-04T20:25:00.000000+0000,1.8323596412863805,2.696,0.0,ACTIVE,false,,-0.2227549681777569,10.67380646088656
2026,4,2026-10-04T15:01:17.400186+0000,1d83a5d,offense,00-0035282,3120590,Easton Stick,QB,TB,GB,2026-10-04T17:00:00.000000+0000,10.863181656727644,13.512,0.0,ACTIVE,false,,2.207834159595391,23.544691709373595
2026,4,2026-10-04T15:01:17.400186+0000,1d83a5d,offense,00-0035289,4038524,Gardner Minshew,QB,ARI,NYG,2026-10-04T17:00:00.000000+0000,1.7738637712766203,2.2760000000000002,0.0,ACTIVE,false,,-0.21975490052426278,11.193583023397757
2026,4,2026-10-04T15:01:17.400186+0000,1d83a5d,offense,00-0035500,4037235,Greg Dortch,WR,BUF,NE,2026-10-04T17:00:00.000000+0000,1.8817956344526625,4.040000000000001,0.11,ACTIVE,false,,-0.00002656013730722596,5.509793854785099
2026,4,2026-10-04T15:01:17.400186+0000,1d83a5d,offense,00-0035537,3915411,Ty Johnson,RB,BUF,NE,2026-10-04T17:00:00.000000+0000,8.57213498590402,9.96,4.46,ACTIVE,false,,1.4629638015914277,18.129121779081263
2026,4,2026-10-04T15:01:17.400186+0000,1d83a5d,offense,00-0035544,3126997,Tom Kennedy,WR,DET,CAR,2026-10-05T00:20:00.000000+0000,0.9234193102272709,0.0,0.11,ACTIVE,false,,-0.03402098504312011,1.9957548840698296
2026,4,2026-10-04T15:01:17.400186+0000,1d83a5d,offense,00-0035602,3919510,Alex Bachman,WR,LA,PHI,2026-10-04T17:00:00.000000+0000,1.049986565862359,0.26,,,false,,-0.001964522274194025,3.939954775044646
2026,4,2026-10-04T15:01:17.400186+0000,1d83a5d,offense,00-0035631,3127310,Drew Sample,TE,CIN,JAX,2026-10-04T17:00:00.000000+0000,3.1238565983594864,2.480000000000001,2.93,ACTIVE,false,,-0.0016458672845920063,8.061493806589372
2026,4,2026-10-04T15:01:17.400186+0000,1d83a5d,offense,00-0035644,4036131,Noah Fant,TE,NO,ATL,2026-10-06T00:15:00.000000+0000,6.7663927155068775,6.42,4.55,QUESTIONABLE,false,,0.8769226208971101,14.937109599257672
2026,4,2026-10-04T15:01:17.400186+0000,1d83a5d,offense,00-0035662,4241372,Marquise Brown,WR,PHI,LA,2026-10-04T17:00:00.000000+0000,3.6110341019622476,4.4,0.0,OUT,false,,-0.00814382890579373,11.144731654152018
2026,4,2026-10-04T15:01:17.400186+0000,1d83a5d,offense,00-0035685,4035538,David Montgomery,RB,HOU,DAL,2026-10-04T17:00:00.000000+0000,11.278884138588564,10.519999999999998,13.47,ACTIVE,false,,3.5623773416081357,21.788930726241627
2026,4,2026-10-04T15:01:17.400186+0000,1d83a5d,offense,00-0035689,3930086,Dawson Knox,TE,BUF,NE,2026-10-04T17:00:00.000000+0000,5.24748061205193,6.0200000000000005,3.29,ACTIVE,false,,0.07711348479379745,10.456817527743972
2026,4,2026-10-04T15:01:17.400186+0000,1d83a5d,offense,00-0035704,3924327,Drew Lock,QB,SEA,LAC,2026-10-04T20:25:00.000000+0000,9.322736854527767,6.756,0.0,ACTIVE,false,,2.450888908817861,21.9088530111731
2026,4,2026-10-04T15:01:17.400186+0000,1d83a5d,offense,00-0035719,3126486,Deebo Samuel Sr.,WR,SF,DEN,2026-10-04T20:25:00.000000+0000,10.028069887509185,11.06,10.76,ACTIVE,true,BE,2.067706596136917,20.125326406211034
2026,4,2026-10-04T15:01:17.400186+0000,1d83a5d,offense,00-0035891,4241983,Cody White,WR,LV,KC,2026-10-04T20:25:00.000000+0000,3.785939859449062,5.139999999999999,3.8,ACTIVE,false,,0.3632275533604691,8.988135744353084
2026,4,2026-10-04T15:01:17.400186+0000,1d83a5d,offense,00-0035993,4035671,Tyler Huntley,QB,BAL,TEN,2026-10-04T17:00:00.000000+0000,5.534763915065682,8.028,0.0,ACTIVE,false,,0.2744417625230782,17.402937833259184
2026,4,2026-10-04T15:01:17.400186+0000,1d83a5d,offense,00-0036040,3929645,Juwan Johnson,TE,NO,ATL,2026-10-06T00:15:00.000000+0000,12.004914034234588,13.780000000000001,10.57,ACTIVE,false,,3.497285240759835,21.896054015588124
2026,4,2026-10-04T15:01:17.400186+0000,1d83a5d,offense,00-0036158,4241985,J.K. Dobbins,RB,DEN,SF,2026-10-04T20:25:00.000000+0000,8.652730613048773,5.96,10.08,ACTIVE,false,,1.4513777914748496,17.901608346052264
2026,4,2026-10-04T15:01:17.400186+0000,1d83a5d,offense,00-0036187,4039505,Reggie Gilliam,RB,NE,BUF,2026-10-04T17:00:00.000000+0000,1.8468476491985297,1.0,0.45,QUESTIONABLE,false,,-0.00413932477347132,5.368719820386229
2026,4,2026-10-04T15:01:17.400186+0000,1d83a5d,offense,00-0036212,4241479,Tua Tagovailoa,QB,ATL,NO,2026-10-06T00:15:00.000000+0000,8.803709617686359,9.528,0.0,ACTIVE,false,,0.6476240077950852,22.44133084130564
2026,4,2026-10-04T15:01:17.400186+0000,1d83a5d,offense,00-0036244,4242557,Colby Parkinson,TE,LA,PHI,2026-10-04T17:00:00.000000+0000,6.477855488711336,7.200000000000001,0.0,QUESTIONABLE,false,,0.5179644797274972,12.917866540780286
2026,4,2026-10-04T15:01:17.400186+0000,1d83a5d,offense,00-0036259,3886598,Jauan Jennings,WR,MIN,MIA,2026-10-04T20:05:00.000000+0000,6.359860177807078,7.779999999999999,9.72,ACTIVE,false,,0.5169339190321998,15.470382686440159
2026,4,2026-10-04T15:01:17.400186+0000,1d83a5d,offense,00-0036264,4036378,Jordan Love,QB,GB,TB,2026-10-04T17:00:00.000000+0000,15.658027348061898,13.896,14.82,ACTIVE,false,,4.712411305376556,26.806021934597386
2026,4,2026-10-04T15:01:17.400186+0000,1d83a5d,offense,00-0036265,4239934,AJ Dillon,RB,CAR,DET,2026-10-05T00:20:00.000000+0000,2.5140001786977577,1.64,4.89,ACTIVE,false,,0.00018446736845653317,7.249511660787321
2026,4,2026-10-04T15:01:17.400186+0000,1d83a5d,offense,00-0036275,4259545,D'Andre Swift,RB,CHI,NYJ,2026-10-04T17:00:00.000000+0000,16.696865006819582,16.759999999999998,14.64,ACTIVE,false,,4.697044419380499,27.457727032554246
2026,4,2026-10-04T15:01:17.400186+0000,1d83a5d,offense,00-0036290,4258595,Cole Kmet,TE,CHI,NYJ,2026-10-04T17:00:00.000000+0000,4.550051071664099,4.140000000000001,2.66,ACTIVE,false,,-0.00271012266976976,10.273692853087667
2026,4,2026-10-04T15:01:17.400186+0000,1d83a5d,offense,00-0036309,4040655,Darnell Mooney,WR,NYG,ARI,2026-10-04T17:00:00.000000+0000,5.87382252071619,5.380000000000001,6.09,ACTIVE,false,,0.5577782108380739,12.937899562304946
2026,4,2026-10-04T15:01:17.400186+0000,1d83a5d,offense,00-0036322,4262921,Justin Jefferson,WR,MIN,MIA,2026-10-04T20:05:00.000000+0000,12.588573138425565,14.059999999999999,0.0,OUT,false,,3.269833808727833,23.758593573429433
2026,4,2026-10-04T15:01:17.400186+0000,1d83a5d,offense,00-0036331,4039050,Devin Duvernay,WR,ARI,NYG,2026-10-04T17:00:00.000000+0000,0.9241885294191919,-1.7763568394002506e-16,0.11,ACTIVE,false,,-0.006075623523621752,2.3623688647032575
2026,4,2026-10-04T15:01:17.400186+0000,1d83a5d,offense,00-0036332,3914151,Josiah Deguara,TE,PHI,LA,2026-10-04T17:00:00.000000+0000,1.3421711490800519,1.9,,,false,,-0.001954732382502114,2.6681711914122146
2026,4,2026-10-04T15:01:17.400186+0000,1d83a5d,offense,00-0036355,4038941,Justin Herbert,QB,LAC,SEA,2026-10-04T20:25:00.000000+0000,15.069482705155595,15.844,12.47,ACTIVE,false,,3.6426348289411403,27.881005963944872
2026,4,2026-10-04T15:01:17.400186+0000,1d83a5d,offense,00-0036358,4241389,CeeDee Lamb,WR,DAL,HOU,2026-10-04T17:00:00.000000+0000,16.194347010460483,16.380000000000003,16.89,ACTIVE,true,WR,4.363616408689189,26.65912527247631
2026,4,2026-10-04T15:01:17.400186+0000,1d83a5d,offense,00-0036389,4040715,Jalen Hurts,QB,PHI,LA,2026-10-04T17:00:00.000000+0000,16.460370872721505,16.36,17.6,ACTIVE,false,,4.712411305376556,28.83636550005585
2026,4,2026-10-04T15:01:17.400186+0000,1d83a5d,offense,00-0036410,4239993,Tee Higgins,WR,CIN,JAX,2026-10-04T17:00:00.000000+0000,12.704632475722804,14.6,13.66,ACTIVE,false,,3.762192635027205,23.236909469226802
2026,4,2026-10-04T15:01:17.400186+0000,1d83a5d,offense,00-0036422,3911853,Adam Trautman,TE,DEN,SF,2026-10-04T20:25:00.000000+0000,1.8952782550343732,1.4799999999999993,2.18,ACTIVE,false,,-0.000010392684648670378,5.969441792342406
2026,4,2026-10-04T15:01:17.400186+0000,1d83a5d,offense,00-0036425,4240631,DeeJay Dallas,RB,MIN,MIA,2026-10-04T20:05:00.000000+0000,1.8958121707082145,1.28,3.1,ACTIVE,false,,-0.00001017747639764512,5.997756477974908
2026,4,2026-10-04T15:01:17.400186+0000,1d83a5d,offense,00-0036429,4035020,Charlie Woerner,TE,ATL,NO,2026-10-06T00:15:00.000000+0000,1.6917648670326677,0.0,0.47,ACTIVE,false,,-0.0060282854046061025,4.693998382502792
2026,4,2026-10-04T15:01:17.400186+0000,1d83a5d,offense,00-0036442,3915511,Joe Burrow,QB,CIN,JAX,2026-10-04T17:00:00.000000+0000,19.881351309476432,18.892,18.1,ACTIVE,false,,4.712411305376556,31.07091388877203
2026,4,2026-10-04T15:01:17.400186+0000,1d83a5d,offense,00-0036463,4369886,Chris Blair,WR,ATL,NO,2026-10-06T00:15:00.000000+0000,1.7118068825886121,0.72,,,false,,-0.000030735730801966945,6.519207812442226
2026,4,2026-10-04T15:01:17.400186+0000,1d83a5d,offense,00-0036550,4360939,Rashod Bateman,WR,BAL,TEN,2026-10-04T17:00:00.000000+0000,8.961752790285436,5.84,7.91,ACTIVE,true,BE,1.3201382100425705,16.91340946336196
2026,4,2026-10-04T15:01:17.400186+0000,1d83a5d,offense,00-0036554,4258173,Nico Collins,WR,HOU,DAL,2026-10-04T17:00:00.000000+0000,13.231098466988707,15.88,15.29,ACTIVE,false,,4.31652520920306,25.513746056825166
2026,4,2026-10-04T15:01:17.400186+0000,1d83a5d,offense,00-0036555,4241416,Chuba Hubbard,RB,CAR,DET,2026-10-05T00:20:00.000000+0000,13.35952938730214,11.92,16.6,ACTIVE,false,,4.0615006256817034,23.636675327713636
2026,4,2026-10-04T15:01:17.400186+0000,1d83a5d,offense,00-0036556,4362504,Brevin Jordan,TE,HOU,DAL,2026-10-04T17:00:00.000000+0000,1.7773542556834927,3.46,0.0,ACTIVE,false,,-0.0019682905468320464,5.150374833460355
2026,4,2026-10-04T15:01:17.400186+0000,1d83a5d,offense,00-0036590,4244049,Quintin Morris,TE,JAX,CIN,2026-10-04T17:00:00.000000+0000,1.414106645820135,1.8399999999999999,1.12,ACTIVE,false,,-0.00001022139247816902,3.9216316267489315
2026,4,2026-10-04T15:01:17.400186+0000,1d83a5d,offense,00-0036613,4372016,Jaylen Waddle,WR,DEN,SF,2026-10-04T20:25:00.000000+0000,10.962571300291481,8.459999999999999,11.91,ACTIVE,false,,2.0829336329794765,21.22479598705419
2026,4,2026-10-04T15:01:17.400186+0000,1d83a5d,offense,00-0036637,4240472,Noah Gray,TE,KC,LV,2026-10-04T20:25:00.000000+0000,3.4844122366458548,3.12,3.09,ACTIVE,false,,-0.00271012266976976,8.641050551856729
2026,4,2026-10-04T15:01:17.400186+0000,1d83a5d,offense,00-0036646,4360739,Simi Fehoko,WR,ARI,NYG,2026-10-04T17:00:00.000000+0000,0.9280602643070818,0.0,,,false,,0.0,2.37285797189632
2026,4,2026-10-04T15:01:17.400186+0000,1d83a5d,offense,00-0036727,3929914,Adam Prentice,RB,DEN,SF,2026-10-04T20:25:00.000000+0000,2.5198672029651528,7.416518811881182,0.47,ACTIVE,false,,-0.000034186724129221945,9.836968257316189
2026,4,2026-10-04T15:01:17.400186+0000,1d83a5d,offense,00-0036754,4242392,Brock Wright,TE,DET,CAR,2026-10-05T00:20:00.000000+0000,2.6240251634197427,2.5800000000000005,1.68,ACTIVE,false,,-4.056598525415287e-6,7.350455914285565
2026,4,2026-10-04T15:01:17.400186+0000,1d83a5d,offense,00-0036825,4034948,Feleipe Franks,TE,CAR,DET,2026-10-05T00:20:00.000000+0000,0.9500086264956398,0.0,0.0,ACTIVE,false,,0.0,1.250800625622182
2026,4,2026-10-04T15:01:17.400186+0000,1d83a5d,offense,00-0036842,4035537,Kene Nwangwu,RB,NYJ,CHI,2026-10-04T17:00:00.000000+0000,2.0432701979835133,0.9800000000000001,0.0,ACTIVE,false,,-0.0037269839942779973,7.477046531618909
2026,4,2026-10-04T15:01:17.400186+0000,1d83a5d,offense,00-0036849,4360797,Tutu Atwell,WR,LA,PHI,2026-10-04T17:00:00.000000+0000,2.853907824992125,1.5400000000000003,0.53,ACTIVE,false,,-0.0016121725947116595,8.914563765897109
2026,4,2026-10-04T15:01:17.400186+0000,1d83a5d,offense,00-0036875,4569173,Rhamondre Stevenson,RB,NE,BUF,2026-10-04T17:00:00.000000+0000,10.46333399060507,17.48,11.58,ACTIVE,false,,2.114540863239402,21.43351802354398
2026,4,2026-10-04T15:01:17.400186+0000,1d83a5d,offense,00-0036876,4039160,Kylen Granson,TE,TEN,BAL,2026-10-04T17:00:00.000000+0000,1.4640899900429152,1.4,0.0,ACTIVE,false,,-0.0018310702917625763,3.8070765070655996
2026,4,2026-10-04T15:01:17.400186+0000,1d83a5d,offense,00-0036879,4241820,Sam Ehlinger,QB,DEN,SF,2026-10-04T20:25:00.000000+0000,1.6241177954080934,0.0,0.0,ACTIVE,false,,-0.06974180415477609,8.212116175192087
2026,4,2026-10-04T15:01:17.400186+0000,1d83a5d,offense,00-0036887,4040612,Luke Farrell,TE,SF,DEN,2026-10-04T20:25:00.000000+0000,2.0259919795208594,0.78,1.56,ACTIVE,false,,-7.805844362237122e-6,6.132482523352244
2026,4,2026-10-04T15:01:17.400186+0000,1d83a5d,offense,00-0036893,4241457,Najee Harris,RB,NYG,ARI,2026-10-04T17:00:00.000000+0000,3.931471347235921,3.4800000000000004,6.57,ACTIVE,false,,-0.00271012266976976,10.048648935842028
2026,4,2026-10-04T15:01:17.400186+0000,1d83a5d,offense,00-0036898,4242546,Davis Mills,QB,HOU,DAL,2026-10-04T17:00:00.000000+0000,10.497401776677604,13.475999999999999,0.0,ACTIVE,false,,1.6681153709773102,24.84863932977521
2026,4,2026-10-04T15:01:17.400186+0000,1d83a5d,offense,00-0036900,4362628,Ja'Marr Chase,WR,CIN,JAX,2026-10-04T17:00:00.000000+0000,19.92710674757973,20.62,20.43,ACTIVE,false,,4.773411305376556,30.6500300728987
2026,4,2026-10-04T15:01:17.400186+0000,1d83a5d,offense,00-0036912,4241478,DeVonta Smith,WR,PHI,LA,2026-10-04T17:00:00.000000+0000,13.788995862580924,12.24,0.0,OUT,true,IR,4.169230480204162,24.81253930935639
2026,4,2026-10-04T15:01:17.400186+0000,1d83a5d,offense,00-0036919,4371733,Kenny Gainwell,RB,TB,GB,2026-10-04T17:00:00.000000+0000,8.635720634409543,7.7,8.26,ACTIVE,false,,0.7934201167483462,18.298290021187174
2026,4,2026-10-04T15:01:17.400186+0000,1d83a5d,offense,00-0036924,4240657,Michael Carter,RB,TEN,BAL,2026-10-04T17:00:00.000000+0000,6.62496881397279,7.640000000000001,0.0,ACTIVE,false,,0.51721726742691,15.254982663846617
2026,4,2026-10-04T15:01:17.400186+0000,1d83a5d,offense,00-0036945,4362887,Justin Fields,QB,KC,LV,2026-10-04T20:25:00.000000+0000,7.858364880468914,10.24,0.0,ACTIVE,false,,0.5832032648452119,20.884813209067886
2026,4,2026-10-04T15:01:17.400186+0000,1d83a5d,offense,00-0036963,4374302,Amon-Ra St. Brown,WR,DET,CAR,2026-10-05T00:20:00.000000+0000,20.97594634256853,23.1,20.15,ACTIVE,false,,4.773411305376556,33.67583474201966
2026,4,2026-10-04T15:01:17.400186+0000,1d83a5d,offense,00-0036970,4360248,Kyle Pitts,TE,ATL,NO,2026-10-06T00:15:00.000000+0000,3.8831119145519786,3.8800000000000012,7.37,ACTIVE,false,,-0.007153236592149738,10.334905679211424
2026,4,2026-10-04T15:01:17.400186+0000,1d83a5d,offense,00-0036971,4360310,Trevor Lawrence,QB,JAX,CIN,2026-10-04T17:00:00.000000+0000,18.34795076955349,19.692,18.49,ACTIVE,false,,4.712411305376556,30.15826977114469
2026,4,2026-10-04T15:01:17.400186+0000,1d83a5d,offense,00-0036972,4241464,Mac Jones,QB,SF,DEN,2026-10-04T20:25:00.000000+0000,1.9674335085327552,4.491999999999999,0.0,ACTIVE,false,,-0.31641458044106024,10.43332960205387
2026,4,2026-10-04T15:01:17.400186+0000,1d83a5d,offense,00-0036980,4372414,Elijah Moore,WR,PHI,LA,2026-10-04T17:00:00.000000+0000,2.009524486749866,1.9400000000000017,4.53,ACTIVE,false,,-0.0042511918424203935,7.0983357025783835
2026,4,2026-10-04T15:01:17.400186+0000,1d83a5d,offense,00-0036988,4242433,Josh Palmer,WR,BUF,NE,2026-10-04T17:00:00.000000+0000,4.154627672114584,5.0,2.52,ACTIVE,false,,0.07820170417742633,10.565085652909149
2026,4,2026-10-04T15:01:17.400186+0000,1d83a5d,offense,00-0036997,4361579,Javonte Williams,RB,DAL,HOU,2026-10-04T17:00:00.000000+0000,15.928763264724061,13.64,14.55,ACTIVE,false,,4.41241808532221,25.888611399399768
2026,4,2026-10-04T15:01:17.400186+0000,1d83a5d,offense,00-0037004,4239944,Hunter Long,TE,ARI,NYG,2026-10-04T17:00:00.000000+0000,1.2996921877666288,0.6200000000000003,1.07,ACTIVE,false,,-2.8489874250225643e-6,3.432557032233507
2026,4,2026-10-04T15:01:17.400186+0000,1d83a5d,offense,00-0037005,4372780,Tommy Tremble,TE,CAR,DET,2026-10-05T00:20:00.000000+0000,5.4647160010538665,5.68,6.07,ACTIVE,false,,0.34158399227750247,13.14602487067233
2026,4,2026-10-04T15:01:17.400186+0000,1d83a5d,offense,00-0037012,4383351,Trey Lance,QB,LAC,SEA,2026-10-04T20:25:00.000000+0000,5.448347924498555,5.180000000000001,0.0,QUESTIONABLE,false,,0.2744417625230782,17.03429177917776
2026,4,2026-10-04T15:01:17.400186+0000,1d83a5d,offense,00-0037013,4361259,Zach Wilson,QB,NO,ATL,2026-10-06T00:15:00.000000+0000,1.6829813246365988,0.08399999999999931,0.0,ACTIVE,false,,-0.16075680074279758,9.760365613574605
2026,4,2026-10-04T15:01:17.400186+0000,1d83a5d,offense,00-0037077,4426875,Sam Howell,QB,DAL,HOU,2026-10-04T17:00:00.000000+0000,3.843765374336594,2.2960000000000003,0.0,ACTIVE,false,,0.22340447053345125,18.125015996373246
2026,4,2026-10-04T15:01:17.400186+0000,1d83a5d,offense,00-0037085,4362748,Tyler Badie,RB,DEN,SF,2026-10-04T20:25:00.000000+0000,3.38283841950183,2.62,1.88,ACTIVE,false,,-0.002676416995613014,10.873879502973208
2026,4,2026-10-04T15:01:17.400186+0000,1d83a5d,offense,00-0037091,4259305,Bo Melton,WR,GB,TB,2026-10-04T17:00:00.000000+0000,1.5581048795586,1.28,2.02,ACTIVE,false,,-0.0000280977200032884,6.066609751754692
2026,4,2026-10-04T15:01:17.400186+0000,1d83a5d,offense,00-0037093,4401805,Dareke Young,WR,LV,KC,2026-10-04T20:25:00.000000+0000,1.1621687994711234,0.74,1.62,ACTIVE,false,,-3.8549465041802963e-7,3.9729588720765485
2026,4,2026-10-04T15:01:17.400186+0000,1d83a5d,offense,00-0037120,4429676,Tyler Goodson,RB,DAL,HOU,2026-10-04T17:00:00.000000+0000,2.8086495144187333,0.78,3.55,ACTIVE,false,,0.000050832143550764636,7.534526042894559
2026,4,2026-10-04T15:01:17.400186+0000,1d83a5d,offense,00-0037132,3926231,Britain Covey,WR,PHI,LA,2026-10-04T17:00:00.000000+0000,0.8978242197389431,0.7999999999999996,,,false,,0.00017707151804442195,2.598573998373854
2026,4,2026-10-04T15:01:17.400186+0000,1d83a5d,offense,00-0037157,4427728,Bam Knight,RB,ARI,NYG,2026-10-04T17:00:00.000000+0000,2.532976211801995,5.08,0.0,ACTIVE,false,,-0.002989276564201972,6.258712630064254
2026,4,2026-10-04T15:01:17.400186+0000,1d83a5d,offense,00-0037231,4372758,Kevin Austin Jr.,WR,NO,ATL,2026-10-06T00:15:00.000000+0000,2.140850559958358,4.92,,,false,,-0.002989276564201972,6.276767408204367
2026,4,2026-10-04T15:01:17.400186+0000,1d83a5d,offense,00-0037238,4426502,Drake London,WR,ATL,NO,2026-10-06T00:15:00.000000+0000,15.153540314558578,12.4,16.73,ACTIVE,false,,2.964255830711969,25.10712012590166
2026,4,2026-10-04T15:01:17.400186+0000,1d83a5d,offense,00-0037239,4361370,Chris Olave,WR,NO,ATL,2026-10-06T00:15:00.000000+0000,18.053833981525553,26.639999999999997,18.24,ACTIVE,false,,4.773411305376556,30.387561756148234
2026,4,2026-10-04T15:01:17.400186+0000,1d83a5d,offense,00-0037240,4426388,Jameson Williams,WR,DET,CAR,2026-10-05T00:20:00.000000+0000,11.07369001876176,8.360000000000001,10.36,ACTIVE,false,,1.6601625771064166,21.550875207149303
2026,4,2026-10-04T15:01:17.400186+0000,1d83a5d,offense,00-0037247,4426354,George Pickens,WR,DAL,HOU,2026-10-04T17:00:00.000000+0000,13.458078003614276,8.940000000000001,13.74,ACTIVE,false,,3.2515201980935853,24.22608471857791
2026,4,2026-10-04T15:01:17.400186+0000,1d83a5d,offense,00-0037248,4379399,James Cook,RB,BUF,NE,2026-10-04T17:00:00.000000+0000,17.017465860161305,12.080000000000002,17.41,ACTIVE,false,,4.41241808532221,30.752807755068726
2026,4,2026-10-04T15:01:17.400186+0000,1d83a5d,offense,00-0037252,4367209,Greg Dulcich,TE,MIA,MIN,2026-10-04T20:05:00.000000+0000,8.328750262932898,8.040000000000001,6.32,ACTIVE,false,,0.8745608260909161,16.500357505384205
2026,4,2026-10-04T15:01:17.400186+0000,1d83a5d,offense,00-0037261,4373678,Khalil Shakir,WR,BUF,NE,2026-10-04T17:00:00.000000+0000,8.365968556271179,6.859999999999999,9.77,ACTIVE,false,,1.4834879416890236,18.366637576541798
2026,4,2026-10-04T15:01:17.400186+0000,1d83a5d,offense,00-0037263,4373626,Tyler Allgeier,RB,ARI,NYG,2026-10-04T17:00:00.000000+0000,7.12788885584871,4.6,8.05,ACTIVE,false,,0.8950643966022277,15.268810900277442
2026,4,2026-10-04T15:01:17.400186+0000,1d83a5d,offense,00-0037291,4382466,Jalen Nailor,WR,LV,KC,2026-10-04T20:25:00.000000+0000,5.076930860293557,3.62,6.81,ACTIVE,false,,0.22042965928579972,13.34513775682394
2026,4,2026-10-04T15:01:17.400186+0000,1d83a5d,offense,00-0037304,4241961,Connor Heyward,RB,LV,KC,2026-10-04T20:25:00.000000+0000,1.706951031101134,0.0,0.3,ACTIVE,false,,-0.017873670741616096,6.028919621076095
2026,4,2026-10-04T15:01:17.400186+0000,1d83a5d,offense,00-0037311,4034779,Ko Kieft,TE,TB,GB,2026-10-04T17:00:00.000000+0000,0.9148600974651685,0.0,0.0,OUT,false,,0.0,0.64751426461018
2026,4,2026-10-04T15:01:17.400186+0000,1d83a5d,offense,00-0037317,4249624,Nick Muse,TE,ATL,NO,2026-10-06T00:15:00.000000+0000,1.1436364958797451,0.0,,,false,,0.0,2.4913013303123206
2026,4,2026-10-04T15:01:17.400186+0000,1d83a5d,offense,00-0037524,4245144,Tay Martin,WR,DET,CAR,2026-10-05T00:20:00.000000+0000,0.9234193102272709,0.38,0.0,ACTIVE,false,,-0.006029236290399149,2.04886025131649
2026,4,2026-10-04T15:01:17.400186+0000,1d83a5d,offense,00-0037545,4032473,Rashid Shaheed,WR,SEA,LAC,2026-10-04T20:25:00.000000+0000,5.239163410676852,2.9400000000000004,8.53,ACTIVE,false,,0.26859874477594003,13.570537230378509
2026,4,2026-10-04T15:01:17.400186+0000,1d83a5d,offense,00-0037594,4367567,Julius Chestnut,RB,TEN,BAL,2026-10-04T17:00:00.000000+0000,0.9451033513931753,0.02,0.0,ACTIVE,false,,-0.010405190355968104,2.211344155511023
2026,4,2026-10-04T15:01:17.400186+0000,1d83a5d,offense,00-0037614,4567096,John Metchie III,WR,CAR,DET,2026-10-05T00:20:00.000000+0000,4.776769219462321,4.680000000000001,5.72,ACTIVE,false,,0.03295683886566719,12.210910613425176
2026,4,2026-10-04T15:01:17.400186+0000,1d83a5d,offense,00-0037666,4249417,Jalen Tolbert,WR,MIA,MIN,2026-10-04T20:05:00.000000+0000,2.2725632881792324,1.42,1.59,ACTIVE,false,,-0.005180595995970941,9.884842942305259
2026,4,2026-10-04T15:01:17.400186+0000,1d83a5d,offense,00-0037740,4569618,Garrett Wilson,WR,NYJ,CHI,2026-10-04T17:00:00.000000+0000,13.675104568416625,12.319999999999999,16.49,ACTIVE,false,,4.318832984942739,25.10765433104507
2026,4,2026-10-04T15:01:17.400186+0000,1d83a5d,offense,00-0037741,4361409,Jahan Dotson,WR,ATL,NO,2026-10-06T00:15:00.000000+0000,5.356676346244295,3.0200000000000005,6.15,ACTIVE,false,,0.6629220181964107,13.900316539166493
2026,4,2026-10-04T15:01:17.400186+0000,1d83a5d,offense,00-0037744,4361307,Trey McBride,TE,ARI,NYG,2026-10-04T17:00:00.000000+0000,18.12629780634366,19.240000000000002,17.4,ACTIVE,false,,4.773411305376556,28.59051523857766
2026,4,2026-10-04T15:01:17.400186+0000,1d83a5d,offense,00-0037745,4035693,Velus Jones Jr.,RB,SEA,LAC,2026-10-04T20:25:00.000000+0000,1.1262502861824384,0.64,1.01,ACTIVE,false,,-0.0019647783853307243,4.380621159691104
2026,4,2026-10-04T15:01:17.400186+0000,1d83a5d,offense,00-0037746,4241474,Brian Robinson,RB,ATL,NO,2026-10-06T00:15:00.000000+0000,5.743556541971603,5.5,6.06,ACTIVE,false,,0.38386568700028545,13.921391549435688
2026,4,2026-10-04T15:01:17.400186+0000,1d83a5d,offense,00-0037755,4241410,Jelani Woods,TE,NYJ,CHI,2026-10-04T17:00:00.000000+0000,1.3148788444446624,0.8800000000000001,2.15,ACTIVE,false,,-2.7904684830947588e-6,3.6806870956615096
2026,4,2026-10-04T15:01:17.400186+0000,1d83a5d,offense,00-0037801,3676833,KaVontae Turpin,WR,DAL,HOU,2026-10-04T17:00:00.000000+0000,3.266316451738433,5.4,2.18,ACTIVE,false,,-0.0007950673537758039,8.606932008180008
2026,4,2026-10-04T15:01:17.400186+0000,1d83a5d,offense,00-0037805,4361372,Jeremy Ruckert,TE,NYJ,CHI,2026-10-04T17:00:00.000000+0000,4.433875232600766,4.0,4.18,ACTIVE,false,,0.07823539886730668,10.25994859731042
2026,4,2026-10-04T15:01:17.400186+0000,1d83a5d,offense,00-0037816,4361432,Romeo Doubs,WR,NE,BUF,2026-10-04T17:00:00.000000+0000,7.768562834365425,9.82,9.77,ACTIVE,false,,0.8745608260909161,17.971237275763645
2026,4,2026-10-04T15:01:17.400186+0000,1d83a5d,offense,00-0037834,4361741,Brock Purdy,QB,SF,DEN,2026-10-04T20:25:00.000000+0000,19.45642659046677,24.592000000000002,18.74,ACTIVE,true,BE,4.712411305376556,31.228797123468066
2026,4,2026-10-04T15:01:17.400186+0000,1d83a5d,offense,00-0037838,4361050,Isaiah Likely,TE,NYG,ARI,2026-10-04T17:00:00.000000+0000,11.155331012804057,10.06,11.74,ACTIVE,false,,2.8051731751022184,20.15096385996224
2026,4,2026-10-04T15:01:17.400186+0000,1d83a5d,offense,00-0037840,4430737,Kyren Williams,RB,LA,PHI,2026-10-04T17:00:00.000000+0000,14.637987742135952,16.020000000000003,13.08,ACTIVE,false,,4.31468077744941,25.393135000701342
2026,4,2026-10-04T15:01:17.400186+0000,1d83a5d,offense,00-0038041,4242355,Jake Ferguson,TE,DAL,HOU,2026-10-04T17:00:00.000000+0000,9.12538397210713,8.26,8.13,ACTIVE,false,,1.489306179245621,18.13023633260923
2026,4,2026-10-04T15:01:17.400186+0000,1d83a5d,offense,00-0038046,4241263,Charlie Kolar,TE,LAC,SEA,2026-10-04T20:25:00.000000+0000,1.945522343919651,1.5799999999999996,0.0,OUT,false,,0.00001317693034057634,5.751452846635712
2026,4,2026-10-04T15:01:17.400186+0000,1d83a5d,offense,00-0038090,4430191,Skyy Moore,WR,GB,TB,2026-10-04T17:00:00.000000+0000,3.7777694532641073,1.9400000000000002,6.3,ACTIVE,false,,0.1730211403594443,10.935464155303892
2026,4,2026-10-04T15:01:17.400186+0000,1d83a5d,offense,00-0038102,4240703,Kenny Pickett,QB,CAR,DET,2026-10-05T00:20:00.000000+0000,2.6663802769732334,0.5840000000000002,0.0,ACTIVE,false,,-0.160113520447042,11.551665051106603
2026,4,2026-10-04T15:01:17.400186+0000,1d83a5d,offense,00-0038104,4362921,Tyquan Thornton,WR,KC,LV,2026-10-04T20:25:00.000000+0000,5.164521746276787,5.48,5.14,ACTIVE,false,,0.15783012383549985,12.184728110175703
2026,4,2026-10-04T15:01:17.400186+0000,1d83a5d,offense,00-0038115,4361516,Daniel Bellinger,TE,TEN,BAL,2026-10-04T17:00:00.000000+0000,2.3908988599097785,4.040000000000001,2.44,ACTIVE,false,,0.00009737197154587173,6.910845076079908
2026,4,2026-10-04T15:01:17.400186+0000,1d83a5d,offense,00-0038117,4569587,Wan'Dale Robinson,WR,TEN,BAL,2026-10-04T17:00:00.000000+0000,10.545482630035576,11.379999999999999,9.18,ACTIVE,false,,1.6755049470791925,21.452786451358907
2026,4,2026-10-04T15:01:17.400186+0000,1d83a5d,offense,00-0038120,4427366,Breece Hall,RB,NYJ,CHI,2026-10-04T17:00:00.000000+0000,13.205407356768836,14.34,0.0,OUT,false,,4.412189202826837,22.941361654789755
2026,4,2026-10-04T15:01:17.400186+0000,1d83a5d,offense,00-0038124,4248528,Christian Watson,WR,GB,TB,2026-10-04T17:00:00.000000+0000,14.752860681231866,19.080000000000002,14.44,ACTIVE,false,,4.773411305376556,25.703648008156446
2026,4,2026-10-04T15:01:17.400186+0000,1d83a5d,offense,00-0038128,4242512,Malik Willis,QB,MIA,MIN,2026-10-04T20:05:00.000000+0000,13.720150275082439,16.788,11.8,ACTIVE,false,,3.800867052720774,25.25561922737236
2026,4,2026-10-04T15:01:17.400186+0000,1d83a5d,offense,00-0038129,4243331,Cade Otton,TE,TB,GB,2026-10-04T17:00:00.000000+0000,9.943521346563767,10.540000000000001,7.89,ACTIVE,false,,1.11167002119324,18.77474296755459
2026,4,2026-10-04T15:01:17.400186+0000,1d83a5d,offense,00-0038134,4567048,Kenneth Walker III,RB,KC,LV,2026-10-04T20:25:00.000000+0000,18.554660465288347,20.84,20.5,ACTIVE,false,,4.822212982009578,32.37982308430783
2026,4,2026-10-04T15:01:17.400186+0000,1d83a5d,offense,00-0038393,4428850,Dontayvion Wicks,WR,PHI,LA,2026-10-04T17:00:00.000000+0000,9.184139912845517,7.56,11.23,ACTIVE,false,,1.9285709779012024,19.813447019516012
2026,4,2026-10-04T15:01:17.400186+0000,1d83a5d,offense,00-0038400,4685201,Tanner McKee,QB,PHI,LA,2026-10-04T17:00:00.000000+0000,3.625937926088027,6.524000000000001,0.0,ACTIVE,false,,0.2744417625230782,16.024480307352533
2026,4,2026-10-04T15:01:17.400186+0000,1d83a5d,offense,00-0038416,4434153,Tyson Bagent,QB,CHI,NYJ,2026-10-04T17:00:00.000000+0000,3.4969660294921048,0.9880000000000002,15.5,ACTIVE,false,,-0.17956232360565846,13.320593966102546
2026,4,2026-10-04T15:01:17.400186+0000,1d83a5d,offense,00-0038454,4596334,Keaton Mitchell,RB,LAC,SEA,2026-10-04T20:25:00.000000+0000,6.109450686189048,5.1,4.85,ACTIVE,false,,0.7726887780349112,13.531682379379275
2026,4,2026-10-04T15:01:17.400186+0000,1d83a5d,offense,00-0038476,4240391,Tommy DeVito,QB,NE,BUF,2026-10-04T17:00:00.000000+0000,4.262962500448155,3.088,0.0,ACTIVE,false,,-0.21770759973558532,15.247496941055395
2026,4,2026-10-04T15:01:17.400186+0000,1d83a5d,offense,00-0038488,4243176,Brady Russell,RB,SEA,LAC,2026-10-04T20:25:00.000000+0000,1.7473864948463096,1.4,0.92,ACTIVE,false,,0.00020080377553232946,4.920892585648411
2026,4,2026-10-04T15:01:17.400186+0000,1d83a5d,offense,00-0038489,4372070,Ben VanSumeren,RB,KC,LV,2026-10-04T20:25:00.000000+0000,1.1004829167945513,0.2,,,false,,0.0001758384289977419,2.7474279393123053
2026,4,2026-10-04T15:01:17.400186+0000,1d83a5d,offense,00-0038498,4248557,E.J. Jenkins,TE,PHI,LA,2026-10-04T17:00:00.000000+0000,0.9590550751010103,0.0,1.03,ACTIVE,false,,0.0,1.4351034324787446
2026,4,2026-10-04T15:01:17.400186+0000,1d83a5d,offense,00-0038519,4372716,Nikko Remigio,WR,KC,LV,2026-10-04T20:25:00.000000+0000,0.9130404550416894,0.0,0.09,ACTIVE,false,,-0.03402098504312011,1.857135945207069
2026,4,2026-10-04T15:01:17.400186+0000,1d83a5d,offense,00-0038542,4430807,Bijan Robinson,RB,ATL,NO,2026-10-06T00:15:00.000000+0000,19.9026074837344,24.980000000000004,21.45,ACTIVE,false,,4.822212982009578,34.762287744955636
2026,4,2026-10-04T15:01:17.400186+0000,1d83a5d,offense,00-0038543,4430878,Jaxon Smith-Njigba,WR,SEA,LAC,2026-10-04T20:25:00.000000+0000,19.299849985127462,26.932000000000006,21.86,ACTIVE,false,,4.773411305376556,31.35638279276258
2026,4,2026-10-04T15:01:17.400186+0000,1d83a5d,offense,00-0038544,4429025,Quentin Johnston,WR,LAC,SEA,2026-10-04T20:25:00.000000+0000,9.436983700515434,9.66,8.53,ACTIVE,false,,1.2688935964383763,19.573500129036102
2026,4,2026-10-04T15:01:17.400186+0000,1d83a5d,offense,00-0038547,4372096,Luke Schoonmaker,TE,DAL,HOU,2026-10-04T17:00:00.000000+0000,1.5999802928823836,1.9600000000000002,0.81,ACTIVE,false,,-0.000010392684648670378,5.230945297933427
2026,4,2026-10-04T15:01:17.400186+0000,1d83a5d,offense,00-0038551,4599739,Kendre Miller,RB,NO,ATL,2026-10-06T00:15:00.000000+0000,5.300124692591014,4.739999999999999,8.8,ACTIVE,false,,0.3013077914431159,10.472115623169742
2026,4,2026-10-04T15:01:17.400186+0000,1d83a5d,offense,00-0038555,4429013,Tank Bigsby,RB,PHI,LA,2026-10-04T17:00:00.000000+0000,4.277976700255383,6.220000000000001,2.9,ACTIVE,false,,0.4941969070336799,11.157168365711387
2026,4,2026-10-04T15:01:17.400186+0000,1d83a5d,offense,00-0038559,4360761,Michael Wilson,WR,ARI,NYG,2026-10-04T17:00:00.000000+0000,14.727602078416513,16.22,13.34,ACTIVE,false,,4.719409146304866,26.107372460378656
2026,4,2026-10-04T15:01:17.400186+0000,1d83a5d,offense,00-0038563,4428718,Tre Tucker,WR,LV,KC,2026-10-04T20:25:00.000000+0000,10.316339316030346,10.239999999999998,9.26,ACTIVE,false,,1.7899486906235087,20.084456329766635
2026,4,2026-10-04T15:01:17.400186+0000,1d83a5d,offense,00-0038564,4372026,Cameron Latu,TE,NE,BUF,2026-10-04T17:00:00.000000+0000,0.9143840126739896,0.0,0.0,ACTIVE,false,,0.0,1.4569227131574447
2026,4,2026-10-04T15:01:17.400186+0000,1d83a5d,offense,00-0038573,4362477,Derius Davis,WR,LAC,SEA,2026-10-04T20:25:00.000000+0000,1.1529149368945328,0.3400000000000004,1.99,ACTIVE,false,,-4.683262071892054e-6,4.624266492273327
2026,4,2026-10-04T15:01:17.400186+0000,1d83a5d,offense,00-0038576,4257188,Charlie Jones,WR,NYG,ARI,2026-10-04T17:00:00.000000+0000,1.087137511934479,0.0,,,false,,-0.0019672768006066587,3.9043723685829614
2026,4,2026-10-04T15:01:17.400186+0000,1d83a5d,offense,00-0038579,4260394,Aidan O'Connell,QB,LV,KC,2026-10-04T20:25:00.000000+0000,8.441212096339862,11.292,0.0,ACTIVE,false,,1.2583204742899425,21.344490931868762
2026,4,2026-10-04T15:01:17.400186+0000,1d83a5d,offense,00-0038589,4360086,Josh Whyle,TE,GB,TB,2026-10-04T17:00:00.000000+0000,0.8976040132301744,0.64,0.0,ACTIVE,false,,-1.5769422403125238e-6,2.2581536201229295
2026,4,2026-10-04T15:01:17.400186+0000,1d83a5d,offense,00-0038597,4362238,Chase Brown,RB,CIN,JAX,2026-10-04T17:00:00.000000+0000,17.124313746403242,17.4,16.2,ACTIVE,false,,4.203994387351549,25.24923729424373
2026,4,2026-10-04T15:01:17.400186+0000,1d83a5d,offense,00-0038606,4432620,Parker Washington,WR,JAX,CIN,2026-10-04T17:00:00.000000+0000,14.777891812296216,17.560000000000002,15.33,ACTIVE,false,,4.773411305376556,25.95408970133964
2026,4,2026-10-04T15:01:17.400186+0000,1d83a5d,offense,00-0038608,4429022,Kayshon Boutte,WR,HOU,DAL,2026-10-04T17:00:00.000000+0000,6.116010559748557,4.18,5.16,ACTIVE,false,,0.6549313458226539,13.74826319170428
2026,4,2026-10-04T15:01:17.400186+0000,1d83a5d,offense,00-0038611,4362619,Chris Rodriguez Jr.,RB,JAX,CIN,2026-10-04T17:00:00.000000+0000,6.91883188059186,8.5,4.95,ACTIVE,false,,0.5191480787136608,13.897863371288105
2026,4,2026-10-04T15:01:17.400186+0000,1d83a5d,offense,00-0038618,4686422,Xavier Hutchinson,WR,HOU,DAL,2026-10-04T17:00:00.000000+0000,9.710512785809007,7.94,7.71,ACTIVE,false,,1.9657405551222797,19.819652799741416
2026,4,2026-10-04T15:01:17.400186+0000,1d83a5d,offense,00-0038621,4427095,DeMario Douglas,WR,NE,BUF,2026-10-04T17:00:00.000000+0000,5.924477666676235,4.12,9.12,ACTIVE,false,,0.8014948432953702,14.154638597672756
2026,4,2026-10-04T15:01:17.400186+0000,1d83a5d,offense,00-0038640,4692835,Jalen Brooks,WR,ARI,NYG,2026-10-04T17:00:00.000000+0000,0.9280602643070818,0.0,0.03,ACTIVE,false,,-0.006568497054448496,2.8523760737041726
2026,4,2026-10-04T15:01:17.400186+0000,1d83a5d,offense,00-0038643,4360290,Brayden Willis,TE,SF,DEN,2026-10-04T20:25:00.000000+0000,0.9274528799378653,0.0,0.0,ACTIVE,false,,0.0,1.4536237210408056
2026,4,2026-10-04T15:01:17.400186+0000,1d83a5d,offense,00-0038685,3149687,Chris Brooks,RB,GB,TB,2026-10-04T17:00:00.000000+0000,4.438523586525373,3.2199999999999998,3.85,ACTIVE,false,,-0.00271012266976976,10.535447942053997
2026,4,2026-10-04T15:01:17.400186+0000,1d83a5d,offense,00-0038705,4362478,Emari Demercado,RB,DAL,HOU,2026-10-04T17:00:00.000000+0000,2.659779386546122,3.04,0.0,ACTIVE,false,,-0.0009391817553613,7.990796198021917
2026,4,2026-10-04T15:01:17.400186+0000,1d83a5d,offense,00-0038728,4430681,Jared Wayne,WR,HOU,DAL,2026-10-04T17:00:00.000000+0000,5.05679472229091,2.9,4.71,ACTIVE,false,,0.32063492944560074,13.380072672528348
2026,4,2026-10-04T15:01:17.400186+0000,1d83a5d,offense,00-0038738,4383396,Hunter Luepke,RB,DAL,HOU,2026-10-04T17:00:00.000000+0000,1.604215252366422,2.24,0.95,ACTIVE,false,,-0.000029506883932062882,4.763827368898491
2026,4,2026-10-04T15:01:17.400186+0000,1d83a5d,offense,00-0038783,4383440,Nate Adkins,TE,DEN,SF,2026-10-04T20:25:00.000000+0000,3.871395337448073,4.12,1.67,ACTIVE,false,,0.07820170417742633,8.88426579343189
2026,4,2026-10-04T15:01:17.400186+0000,1d83a5d,offense,00-0038797,4887558,Emanuel Wilson,RB,SEA,LAC,2026-10-04T20:25:00.000000+0000,7.583087830641407,4.020000000000001,11.51,ACTIVE,false,,1.3200182192846581,16.778811891011127
2026,4,2026-10-04T15:01:17.400186+0000,1d83a5d,offense,00-0038824,4369466,Ryan Miller,WR,MIA,MIN,2026-10-04T20:05:00.000000+0000,2.334443972292394,3.6399999999999997,3.29,ACTIVE,false,,0.04675202710239134,6.390614496429161
2026,4,2026-10-04T15:01:17.400186+0000,1d83a5d,offense,00-0038839,4690070,Mitchell Tinsley,WR,CIN,JAX,2026-10-04T17:00:00.000000+0000,1.184644343322018,0.5199999999999997,1.22,ACTIVE,false,,-0.001968542388785011,5.078541729025281
2026,4,2026-10-04T15:01:17.400186+0000,1d83a5d,offense,00-0038840,4360763,Brycen Tremayne,WR,CAR,DET,2026-10-05T00:20:00.000000+0000,2.8436065334610023,3.4,9.19,ACTIVE,false,,-0.002676427979889413,8.475197098392327
2026,4,2026-10-04T15:01:17.400186+0000,1d83a5d,offense,00-0038896,4383429,Jacob Saylors,RB,DET,CAR,2026-10-05T00:20:00.000000+0000,0.9462788318025286,0.0,0.03,ACTIVE,false,,-6.64042893968221e-6,2.463278389842351
2026,4,2026-10-04T15:01:17.400186+0000,1d83a5d,offense,00-0038930,4248425,Carlos Washington,RB,MIA,MIN,2026-10-04T20:05:00.000000+0000,2.420294475470533,7.416518811881182,,,false,,-0.000034186724129221945,9.049428230668974
2026,4,2026-10-04T15:01:17.400186+0000,1d83a5d,offense,00-0038933,4385690,Dalton Kincaid,TE,BUF,NE,2026-10-04T17:00:00.000000+0000,10.276866482745424,10.42,10.69,ACTIVE,false,,2.9998622938802018,19.973673166274168
2026,4,2026-10-04T15:01:17.400186+0000,1d83a5d,offense,00-0038935,4430539,Brenton Strange,TE,JAX,CIN,2026-10-04T17:00:00.000000+0000,7.980163167840545,9.16,8.0,ACTIVE,false,,0.8745608260909161,16.600722871844038
2026,4,2026-10-04T15:01:17.400186+0000,1d83a5d,offense,00-0038951,4430871,Sean Tucker,RB,TB,GB,2026-10-04T17:00:00.000000+0000,2.4040884052601204,2.68,1.12,ACTIVE,false,,-0.002905450251932555,6.442384706408411
2026,4,2026-10-04T15:01:17.400186+0000,1d83a5d,offense,00-0038976,4686472,Marvin Mims Jr.,WR,DEN,SF,2026-10-04T20:25:00.000000+0000,2.4704294057499956,4.119999999999999,2.65,ACTIVE,false,,-0.01016920456329047,8.564575311697643
2026,4,2026-10-04T15:01:17.400186+0000,1d83a5d,offense,00-0038994,4429205,Jordan Addison,WR,MIN,MIA,2026-10-04T20:05:00.000000+0000,9.635497546972609,7.68,14.79,ACTIVE,false,,1.3139149691163186,19.58712571588479
2026,4,2026-10-04T15:01:17.400186+0000,1d83a5d,offense,00-0038996,4572680,Tucker Kraft,TE,GB,TB,2026-10-04T17:00:00.000000+0000,9.579776912295475,11.379999999999999,8.89,ACTIVE,false,,1.11167002119324,19.070809363345703
2026,4,2026-10-04T15:01:17.400186+0000,1d83a5d,offense,00-0038998,4243322,Jake Haener,QB,NYG,ARI,2026-10-04T17:00:00.000000+0000,2.6154679342003853,2.352,0.0,ACTIVE,false,,-0.21975490052426278,12.935383102108371
2026,4,2026-10-04T15:01:17.400186+0000,1d83a5d,offense,00-0039021,4426386,Roschon Johnson,RB,CHI,NYJ,2026-10-04T17:00:00.000000+0000,0.8712948418990891,0.34,0.0,ACTIVE,false,,-0.002654536870023643,2.3178364995015333
2026,4,2026-10-04T15:01:17.400186+0000,1d83a5d,offense,00-0039032,4428557,Tyjae Spears,RB,TEN,BAL,2026-10-04T17:00:00.000000+0000,5.719668633105295,4.9399999999999995,8.02,QUESTIONABLE,false,,0.428633205472615,13.33801486461647
2026,4,2026-10-04T15:01:17.400186+0000,1d83a5d,offense,00-0039041,4426844,Elijah Higgins,TE,ARI,NYG,2026-10-04T17:00:00.000000+0000,2.0028532826897014,2.16,1.65,ACTIVE,false,,0.00009909114003478045,5.642801219851146
2026,4,2026-10-04T15:01:17.400186+0000,1d83a5d,offense,00-0039050,4372505,Payne Durham,TE,TB,GB,2026-10-04T17:00:00.000000+0000,1.0315891203653165,0.0,0.47,ACTIVE,false,,-4.038843775137966e-6,2.177297532847869
2026,4,2026-10-04T15:01:17.400186+0000,1d83a5d,offense,00-0039062,4426485,Jonathan Mingo,WR,DAL,HOU,2026-10-04T17:00:00.000000+0000,1.1274001598948191,0.4,0.49,ACTIVE,false,,-3.3100600163829212e-6,3.954960226655409
2026,4,2026-10-04T15:01:17.400186+0000,1d83a5d,offense,00-0039064,4429615,Zay Flowers,WR,BAL,TEN,2026-10-04T17:00:00.000000+0000,15.264217787698808,21.080000000000002,15.37,QUESTIONABLE,false,,3.3756310342775846,24.954195087001835
2026,4,2026-10-04T15:01:17.400186+0000,1d83a5d,offense,00-0039065,4430027,Sam LaPorta,TE,DET,CAR,2026-10-05T00:20:00.000000+0000,13.32951646878055,13.280000000000001,11.18,ACTIVE,false,,2.6484003524957758,22.347998165143036
2026,4,2026-10-04T15:01:17.400186+0000,1d83a5d,offense,00-0039066,4429086,Michael Mayer,TE,LV,KC,2026-10-04T20:25:00.000000+0000,9.691428739142326,10.459999999999999,6.45,ACTIVE,false,,1.3667253198508602,17.98601656870423
2026,4,2026-10-04T15:01:17.400186+0000,1d83a5d,offense,00-0039067,4428331,Rashee Rice,WR,KC,LV,2026-10-04T20:25:00.000000+0000,13.444500117590074,11.5,14.9,ACTIVE,false,,2.4090425556412587,22.75251064459161
2026,4,2026-10-04T15:01:17.400186+0000,1d83a5d,offense,00-0039074,4426553,Davis Allen,TE,LA,PHI,2026-10-04T17:00:00.000000+0000,2.757665091117345,1.58,3.43,ACTIVE,false,,-0.0007950673537758039,7.169621209931627
2026,4,2026-10-04T15:01:17.400186+0000,1d83a5d,offense,00-0039075,4426515,Puka Nacua,WR,LA,PHI,2026-10-04T17:00:00.000000+0000,15.538767391869541,25.7,18.06,ACTIVE,false,,4.155232179737729,29.525414226666765
2026,4,2026-10-04T15:01:17.400186+0000,1d83a5d,offense,00-0039107,4259553,Stetson Bennett,QB,LA,PHI,2026-10-04T17:00:00.000000+0000,2.9821704102158475,1.42,0.0,ACTIVE,false,,-0.16212241527400087,14.320407390931617
2026,4,2026-10-04T15:01:17.400186+0000,1d83a5d,offense,00-0039139,4429795,Jahmyr Gibbs,RB,DET,CAR,2026-10-05T00:20:00.000000+0000,23.138055820519345,25.0,26.15,ACTIVE,false,,4.822212982009578,36.80649881977293
2026,4,2026-10-04T15:01:17.400186+0000,1d83a5d,offense,00-0039150,4685720,Bryce Young,QB,CAR,DET,2026-10-05T00:20:00.000000+0000,17.492869114551375,18.912,20.2,ACTIVE,false,,4.712411305376556,29.266838418655855
2026,4,2026-10-04T15:01:17.400186+0000,1d83a5d,offense,00-0039163,4432577,C.J. Stroud,QB,HOU,DAL,2026-10-04T17:00:00.000000+0000,16.095906223678544,15.235999999999999,16.83,ACTIVE,false,,4.302616408689189,28.039552540943976
2026,4,2026-10-04T15:01:17.400186+0000,1d83a5d,offense,00-0039299,4429835,George Holani,RB,SEA,LAC,2026-10-04T20:25:00.000000+0000,6.8029657619073465,5.18,10.3,ACTIVE,false,,0.9303694721325078,14.305250843032388
2026,4,2026-10-04T15:01:17.400186+0000,1d83a5d,offense,00-0039337,4595348,Malik Nabers,WR,NYG,ARI,2026-10-04T17:00:00.000000+0000,9.89977285458262,5.779999999999999,13.62,ACTIVE,false,,1.4837168241843974,19.029378664027394
2026,4,2026-10-04T15:01:17.400186+0000,1d83a5d,offense,00-0039338,4432665,Brock Bowers,TE,LV,KC,2026-10-04T20:25:00.000000+0000,14.774174963560135,17.520000000000003,15.91,ACTIVE,false,,4.27174178545661,25.278643045295624
2026,4,2026-10-04T15:01:17.400186+0000,1d83a5d,offense,00-0039356,4431588,Ja'Tavion Sanders,TE,CAR,DET,2026-10-05T00:20:00.000000+0000,2.061769562208921,2.6000000000000005,0.0,ACTIVE,false,,-0.002759573330406862,6.049039384710291
2026,4,2026-10-04T15:01:17.400186+0000,1d83a5d,offense,00-0039359,4426496,Cade Stover,TE,HOU,DAL,2026-10-04T17:00:00.000000+0000,1.2609209954046836,0.54,0.26,ACTIVE,false,,-1.870890558798357e-6,3.0849322788867495
2026,4,2026-10-04T15:01:17.400186+0000,1d83a5d,offense,00-0039361,4596448,Bucky Irving,RB,TB,GB,2026-10-04T17:00:00.000000+0000,13.251597790794163,12.040000000000001,15.93,ACTIVE,false,,4.201884395095039,23.510565192162144
2026,4,2026-10-04T15:01:17.400186+0000,1d83a5d,offense,00-0039364,4912274,Sione Vaki,RB,DET,CAR,2026-10-05T00:20:00.000000+0000,3.012733052018563,2.1,4.4,ACTIVE,false,,-0.00271012266976976,8.347465354360557
2026,4,2026-10-04T15:01:17.400186+0000,1d83a5d,offense,00-0039365,4575665,Jacob Cowing,WR,SF,DEN,2026-10-04T20:25:00.000000+0000,1.7144421241720882,1.1400000000000001,3.31,ACTIVE,false,,-2.7465524025708613e-6,6.361623142981286
2026,4,2026-10-04T15:01:17.400186+0000,1d83a5d,offense,00-0039376,4426339,Spencer Rattler,QB,NO,ATL,2026-10-06T00:15:00.000000+0000,6.5797606961406085,8.068000000000001,0.0,ACTIVE,false,,0.20954149095137392,20.203776792423124
2026,4,2026-10-04T15:01:17.400186+0000,1d83a5d,offense,00-0039384,4360516,Tyrone Tracy Jr.,RB,NYG,ARI,2026-10-04T17:00:00.000000+0000,4.535491936657243,6.859999999999999,0.79,ACTIVE,false,,0.10903308378300347,8.720359451958032
2026,4,2026-10-04T15:01:17.400186+0000,1d83a5d,offense,00-0039391,4430968,Kimani Vidal,RB,LAC,SEA,2026-10-04T20:25:00.000000+0000,1.9596564332297903,1.22,2.5,ACTIVE,false,,-0.00001119472063243736,6.198002253190012
2026,4,2026-10-04T15:01:17.400186+0000,1d83a5d,offense,00-0039407,4366963,Dylan Laube,RB,LV,KC,2026-10-04T20:25:00.000000+0000,0.9397802982714275,0.0,0.05,ACTIVE,false,,-0.008393624063956797,2.9290178740298867
2026,4,2026-10-04T15:01:17.400186+0000,1d83a5d,offense,00-0039410,5083754,Ryan Flournoy,WR,DAL,HOU,2026-10-04T17:00:00.000000+0000,8.718413074180008,7.460000000000001,9.56,ACTIVE,false,,1.441401434771734,19.076718414941617
2026,4,2026-10-04T15:01:17.400186+0000,1d83a5d,offense,00-0039424,4569559,Devaughn Vele,WR,NO,ATL,2026-10-06T00:15:00.000000+0000,12.15716988605586,11.419999999999998,10.63,ACTIVE,false,,3.3945198234098566,22.49830874495564
2026,4,2026-10-04T15:01:17.400186+0000,1d83a5d,offense,00-0039451,4569371,Isaiah Williams,WR,NYJ,CHI,2026-10-04T17:00:00.000000+0000,6.534902988876608,6.1000000000000005,7.15,ACTIVE,false,,0.11574361691821054,13.650831285807762
2026,4,2026-10-04T15:01:17.400186+0000,1d83a5d,offense,00-0039489,4428396,Hayden Rucci,TE,LAC,SEA,2026-10-04T20:25:00.000000+0000,1.1826421016276156,0.0,0.94,ACTIVE,false,,0.0,2.679199941832336
2026,4,2026-10-04T15:01:17.400186+0000,1d83a5d,offense,00-0039491,4695883,Jalen Coker,WR,CAR,DET,2026-10-05T00:20:00.000000+0000,12.097824902556303,14.5,0.0,QUESTIONABLE,false,,4.012698949048683,23.01487151077935
2026,4,2026-10-04T15:01:17.400186+0000,1d83a5d,offense,00-0039518,4430684,Treyton Welch,TE,NO,ATL,2026-10-06T00:15:00.000000+0000,0.7841911729999327,0.0,0.0,ACTIVE,false,,0.0,1.2073380796101798
2026,4,2026-10-04T15:01:17.400186+0000,1d83a5d,offense,00-0039530,4360967,Brevyn Spann-Ford,TE,DAL,HOU,2026-10-04T17:00:00.000000+0000,2.0701543642499676,3.0800000000000005,1.41,ACTIVE,false,,-0.00090305424224875,6.436210192861319
2026,4,2026-10-04T15:01:17.400186+0000,1d83a5d,offense,00-0039589,5097554,Kameron Johnson,WR,TB,GB,2026-10-04T17:00:00.000000+0000,0.9500086264956398,0.0,0.02,ACTIVE,false,,0.0,2.838451637660756
2026,4,2026-10-04T15:01:17.400186+0000,1d83a5d,offense,00-0039648,4360978,David Martin-Robinson,TE,TEN,BAL,2026-10-04T17:00:00.000000+0000,0.948899467795326,0.8600000000000001,0.0,ACTIVE,false,,-4.7784113558202104e-6,1.7466688660896903
2026,4,2026-10-04T15:01:17.400186+0000,1d83a5d,offense,00-0039710,4360637,Jeshaun Jones,WR,MIN,MIA,2026-10-04T20:05:00.000000+0000,1.0798745353669634,0.0,,,false,,-3.76734807308302e-8,3.648061334456234
2026,4,2026-10-04T15:01:17.400186+0000,1d83a5d,offense,00-0039732,4426338,Bo Nix,QB,DEN,SF,2026-10-04T20:25:00.000000+0000,16.928152910969384,14.744,15.09,ACTIVE,false,,4.712411305376556,28.464836180532462
2026,4,2026-10-04T15:01:17.400186+0000,1d83a5d,offense,00-0039738,4429096,Blake Corum,RB,LA,PHI,2026-10-04T17:00:00.000000+0000,6.315031003365776,5.76,8.11,ACTIVE,false,,0.874298248905662,14.227262909942333
2026,4,2026-10-04T15:01:17.400186+0000,1d83a5d,offense,00-0039746,4431545,Will Shipley,RB,PHI,LA,2026-10-04T17:00:00.000000+0000,3.578619703007405,2.54,3.52,ACTIVE,false,,-0.00271012266976976,9.411205547056358
2026,4,2026-10-04T15:01:17.400186+0000,1d83a5d,offense,00-0039751,4569382,Jordan Whittington,WR,LA,PHI,2026-10-04T17:00:00.000000+0000,1.4068155714651627,0.9400000000000001,2.5,ACTIVE,false,,-3.274748818115869e-7,5.3480967208834524
2026,4,2026-10-04T15:01:17.400186+0000,1d83a5d,offense,00-0039792,4696882,Devontez Walker,WR,BAL,TEN,2026-10-04T17:00:00.000000+0000,2.7116542603864184,3.66,2.1,ACTIVE,false,,-0.00173527720233938,7.989293577340313
2026,4,2026-10-04T15:01:17.400186+0000,1d83a5d,offense,00-0039793,4576297,AJ Barner,TE,SEA,LAC,2026-10-04T20:25:00.000000+0000,9.236373463277035,7.960000000000001,8.39,ACTIVE,false,,1.1073128629465927,16.91695659199233
2026,4,2026-10-04T15:01:17.400186+0000,1d83a5d,offense,00-0039794,4685247,Braelon Allen,RB,NYJ,CHI,2026-10-04T17:00:00.000000+0000,6.246401820872424,4.9,12.74,ACTIVE,false,,0.3013077914431159,13.335627529615499
2026,4,2026-10-04T15:01:17.400186+0000,1d83a5d,offense,00-0039796,4690013,Rasheen Ali,RB,BAL,TEN,2026-10-04T17:00:00.000000+0000,0.9895246119344834,0.5599999999999999,0.0,ACTIVE,false,,0.0001778344066596209,2.6245054084357777
2026,4,2026-10-04T15:01:17.400186+0000,1d83a5d,offense,00-0039798,4695404,Isaiah Davis,RB,NYJ,CHI,2026-10-04T17:00:00.000000+0000,2.2606736827540437,5.3,9.27,ACTIVE,false,,-0.00002594121935673697,5.623556256101154
2026,4,2026-10-04T15:01:17.400186+0000,1d83a5d,offense,00-0039811,4429023,MarShawn Lloyd,RB,GB,TB,2026-10-04T17:00:00.000000+0000,6.833021216297654,4.725,6.49,ACTIVE,false,,0.9193498580636091,14.13186345197262
2026,4,2026-10-04T15:01:17.400186+0000,1d83a5d,offense,00-0039814,4427834,Erick All,TE,CIN,JAX,2026-10-04T17:00:00.000000+0000,2.090770178468029,2.4200000000000004,1.17,ACTIVE,false,,-3.784570200987966e-6,6.496584809307329
2026,4,2026-10-04T15:01:17.400186+0000,1d83a5d,offense,00-0039824,4430723,Jared Wiley,TE,KC,LV,2026-10-04T20:25:00.000000+0000,1.0423173128553282,0.27999999999999997,0.0,ACTIVE,false,,-0.007993862919756883,2.027098717783343
2026,4,2026-10-04T15:01:17.400186+0000,1d83a5d,offense,00-0039847,4429148,Theo Johnson,TE,NYG,ARI,2026-10-04T17:00:00.000000+0000,2.8711990768104663,2.42,2.93,ACTIVE,false,,-0.004223760693053952,7.986614298028132
2026,4,2026-10-04T15:01:17.400186+0000,1d83a5d,offense,00-0039849,4432708,Marvin Harrison Jr.,WR,ARI,NYG,2026-10-04T17:00:00.000000+0000,5.711156896272142,2.74,6.36,ACTIVE,false,,-0.00541071607349172,13.966991451415224
2026,4,2026-10-04T15:01:17.400186+0000,1d83a5d,offense,00-0039851,4431452,Drake Maye,QB,NE,BUF,2026-10-04T17:00:00.000000+0000,14.090017858547244,13.956,17.5,ACTIVE,false,,3.041091479529953,27.416744328973422
2026,4,2026-10-04T15:01:17.400186+0000,1d83a5d,offense,00-0039868,4431280,Troy Franklin,WR,DEN,SF,2026-10-04T20:25:00.000000+0000,3.0092202408396864,2.6,2.98,ACTIVE,false,,-0.00271012266976976,9.17893858766309
2026,4,2026-10-04T15:01:17.400186+0000,1d83a5d,offense,00-0039874,4682745,Jaylen Wright,RB,MIA,MIN,2026-10-04T20:05:00.000000+0000,3.0411768521866236,4.58,7.48,ACTIVE,false,,-0.007112899686994255,9.132189391410751
2026,4,2026-10-04T15:01:17.400186+0000,1d83a5d,offense,00-0039875,4429501,Ray Davis,RB,BUF,NE,2026-10-04T17:00:00.000000+0000,2.3019519305734426,5.66,1.4,QUESTIONABLE,false,,-0.000025480164717051756,6.378698576069377
2026,4,2026-10-04T15:01:17.400186+0000,1d83a5d,offense,00-0039880,4569603,Malik Washington,WR,MIA,MIN,2026-10-04T20:05:00.000000+0000,11.17583504028739,7.88,10.43,ACTIVE,true,WR,2.342221177766778,20.295488944662516
2026,4,2026-10-04T15:01:17.400186+0000,1d83a5d,offense,00-0039890,4597500,Adonai Mitchell,WR,NYJ,CHI,2026-10-04T17:00:00.000000+0000,9.35521070787607,6.76,0.0,OUT,false,,1.8447982308871436,19.445624333390953
2026,4,2026-10-04T15:01:17.400186+0000,1d83a5d,offense,00-0039893,4432773,Brian Thomas Jr.,WR,JAX,CIN,2026-10-04T17:00:00.000000+0000,6.543583148931037,6.32,8.2,ACTIVE,false,,0.7838474686927392,16.01770999402456
2026,4,2026-10-04T15:01:17.400186+0000,1d83a5d,offense,00-0039894,4683062,Xavier Worthy,WR,KC,LV,2026-10-04T20:25:00.000000+0000,8.296716902253332,5.7,9.8,ACTIVE,false,,1.4837168241843974,17.418297706170442
2026,4,2026-10-04T15:01:17.400186+0000,1d83a5d,offense,00-0039901,4635008,Keon Coleman,WR,BUF,NE,2026-10-04T17:00:00.000000+0000,5.965590447211648,5.4,6.0,ACTIVE,false,,0.3838993816901658,13.150480326101851
2026,4,2026-10-04T15:01:17.400186+0000,1d83a5d,offense,00-0039915,4612826,Ladd McConkey,WR,LAC,SEA,2026-10-04T20:25:00.000000+0000,10.523733942644068,10.940000000000001,11.75,QUESTIONABLE,false,,2.1617666111192935,20.728756135647853
2026,4,2026-10-04T15:01:17.400186+0000,1d83a5d,offense,00-0039917,4360423,Michael Penix Jr.,QB,ATL,NO,2026-10-06T00:15:00.000000+0000,13.961889156603746,13.580000000000002,14.74,ACTIVE,false,,3.2786326918675495,24.88323947322309
2026,4,2026-10-04T15:01:17.400186+0000,1d83a5d,offense,00-0039918,4431611,Caleb Williams,QB,CHI,NYJ,2026-10-04T17:00:00.000000+0000,17.90658619962379,21.112000000000002,0.0,OUT,false,,4.712411305376556,31.022059248669365
2026,4,2026-10-04T15:01:17.400186+0000,1d83a5d,offense,00-0039919,4431299,Rome Odunze,WR,CHI,NYJ,2026-10-04T17:00:00.000000+0000,9.474810175683299,6.600000000000001,9.88,ACTIVE,false,,1.1148716704057091,19.091076167354913
2026,4,2026-10-04T15:01:17.400186+0000,1d83a5d,offense,00-0039923,4433970,J.J. McCarthy,QB,NYG,ARI,2026-10-04T17:00:00.000000+0000,9.688648619465193,12.139999999999999,0.0,ACTIVE,false,,1.7980392629080226,23.621111110695562
2026,4,2026-10-04T15:01:17.400186+0000,1d83a5d,offense,00-0040014,4433971,Kyle McCord,QB,MIA,MIN,2026-10-04T20:05:00.000000+0000,3.2237581165578066,13.190041802136545,0.0,ACTIVE,false,,-0.08618487806024368,14.7231512153657
2026,4,2026-10-04T15:01:17.400186+0000,1d83a5d,offense,00-0040024,4715355,Darius Cooper,WR,PHI,LA,2026-10-04T17:00:00.000000+0000,2.531593934743131,3.66,6.23,ACTIVE,false,,-0.0007950673537758039,7.710484135428698
2026,4,2026-10-04T15:01:17.400186+0000,1d83a5d,offense,00-0040058,4569547,Nick Kallerup,TE,SEA,LAC,2026-10-04T20:25:00.000000+0000,0.9445560509006303,0.0,0.0,ACTIVE,false,,0.0,1.4133650749531612
2026,4,2026-10-04T15:01:17.400186+0000,1d83a5d,offense,00-0040075,4690143,LaJohntay Wester,WR,BAL,TEN,2026-10-04T17:00:00.000000+0000,2.2218487724202487,1.1800000000000002,2.08,ACTIVE,false,,0.000050821159274365324,7.277369514011421
2026,4,2026-10-04T15:01:17.400186+0000,1d83a5d,offense,00-0040078,4596602,Brashard Smith,RB,KC,LV,2026-10-04T20:25:00.000000+0000,3.2148856364970317,4.02,0.49,ACTIVE,false,,-0.005214353006697938,9.905407143643034
2026,4,2026-10-04T15:01:17.400186+0000,1d83a5d,offense,00-0040081,4431196,Jake Briningstool,TE,KC,LV,2026-10-04T20:25:00.000000+0000,1.502988128304086,0.6333333333333333,1.06,ACTIVE,false,,-2.5313441515456057e-6,3.8138227855530626
2026,4,2026-10-04T15:01:17.400186+0000,1d83a5d,offense,00-0040122,4890973,Ashton Jeanty,RB,LV,KC,2026-10-04T20:25:00.000000+0000,16.348605328979087,15.4,18.87,ACTIVE,false,,4.822212982009578,29.410538444885272
2026,4,2026-10-04T15:01:17.400186+0000,1d83a5d,offense,00-0040124,4685472,Tetairoa McMillan,WR,CAR,DET,2026-10-05T00:20:00.000000+0000,12.390812679340256,8.660000000000002,15.85,ACTIVE,false,,3.163768921949683,22.60103252958473
2026,4,2026-10-04T15:01:17.400186+0000,1d83a5d,offense,00-0040126,4723086,Colston Loveland,TE,CHI,NYJ,2026-10-04T17:00:00.000000+0000,9.102346957748335,10.98,8.63,ACTIVE,false,,1.3192491268750528,18.387889344959056
2026,4,2026-10-04T15:01:17.400186+0000,1d83a5d,offense,00-0040129,4567750,Emeka Egbuka,WR,TB,GB,2026-10-04T17:00:00.000000+0000,12.423088676194855,7.92,11.2,ACTIVE,false,,2.4646792778078805,21.904111770161983
2026,4,2026-10-04T15:01:17.400186+0000,1d83a5d,offense,00-0040131,4613202,Kyle Williams,WR,NE,BUF,2026-10-04T17:00:00.000000+0000,2.5516814534979515,2.38,4.99,ACTIVE,false,,-0.00271012266976976,8.526304865591795
2026,4,2026-10-04T15:01:17.400186+0000,1d83a5d,offense,00-0040134,4600981,Pat Bryant,WR,DEN,SF,2026-10-04T20:25:00.000000+0000,7.434269971945841,8.1,5.26,ACTIVE,false,,1.0286366885238554,15.840851207338957
2026,4,2026-10-04T15:01:17.400186+0000,1d83a5d,offense,00-0040138,4586312,Jaylin Noel,WR,HOU,DAL,2026-10-04T17:00:00.000000+0000,5.556499241543386,6.82,3.63,ACTIVE,false,,0.1952686681469966,13.763149980312718
2026,4,2026-10-04T15:01:17.400186+0000,1d83a5d,offense,00-0040142,4819231,Kaleb Johnson,RB,GB,TB,2026-10-04T17:00:00.000000+0000,3.277661398400735,1.3200000000000003,7.22,ACTIVE,false,,-0.001645856300315607,9.23451585135789
2026,4,2026-10-04T15:01:17.400186+0000,1d83a5d,offense,00-0040154,4565185,Tai Felton,WR,MIN,MIA,2026-10-04T20:05:00.000000+0000,1.3676524943462594,0.32,6.71,ACTIVE,false,,-1.8701097373166126e-6,5.56026570333395
2026,4,2026-10-04T15:01:17.400186+0000,1d83a5d,offense,00-0040170,4883647,Elic Ayomanor,WR,TEN,BAL,2026-10-04T17:00:00.000000+0000,8.334498952996903,8.16,6.14,ACTIVE,false,,0.8743319435955423,17.761455206646094
2026,4,2026-10-04T15:01:17.400186+0000,1d83a5d,offense,00-0040172,4431466,Jordan Watkins,WR,SF,DEN,2026-10-04T20:25:00.000000+0000,2.5744174399336193,2.5200000000000005,1.65,ACTIVE,false,,0.09189303298066394,6.922559261528583
2026,4,2026-10-04T15:01:17.400186+0000,1d83a5d,offense,00-0040177,4685397,Jordan James,RB,SF,DEN,2026-10-04T20:25:00.000000+0000,1.791310190204776,0.75,0.0,ACTIVE,false,,-1.8013873404712413e-6,6.155915982218247
2026,4,2026-10-04T15:01:17.400186+0000,1d83a5d,offense,00-0040187,4683243,Mitchell Evans,TE,CAR,DET,2026-10-05T00:20:00.000000+0000,3.6030290471733224,2.78,3.12,ACTIVE,false,,-0.002676427979889413,8.873471206352157
2026,4,2026-10-04T15:01:17.400186+0000,1d83a5d,offense,00-0040189,4595342,Oronde Gadsden II,TE,LAC,SEA,2026-10-04T20:25:00.000000+0000,4.7337441512168725,6.3,7.07,ACTIVE,false,,0.11551473442283672,10.020003698111152
2026,4,2026-10-04T15:01:17.400186+0000,1d83a5d,offense,00-0040194,4573699,Jackson Hawes,TE,BUF,NE,2026-10-04T17:00:00.000000+0000,1.4594362061079527,0.2,0.5,ACTIVE,false,,-1.8701097373166126e-6,3.5926199204472464
2026,4,2026-10-04T15:01:17.400186+0000,1d83a5d,offense,00-0040198,4711533,Ollie Gordon II,RB,MIA,MIN,2026-10-04T20:05:00.000000+0000,5.20446494790863,3.46,8.98,ACTIVE,false,,0.2589924020304526,11.82544135685215
2026,4,2026-10-04T15:01:17.400186+0000,1d83a5d,offense,00-0040208,4429299,Tahj Brooks,RB,CIN,JAX,2026-10-04T17:00:00.000000+0000,1.3165150642735706,0.7200000000000001,0.03,ACTIVE,false,,0.00017441290940519203,3.111997258997177
2026,4,2026-10-04T15:01:17.400186+0000,1d83a5d,offense,00-0040215,4708049,Gavin Bartholomew,TE,MIN,MIA,2026-10-04T20:05:00.000000+0000,1.1198862666000715,0.0,1.12,ACTIVE,false,,0.0,2.1963518376933133
2026,4,2026-10-04T15:01:17.400186+0000,1d83a5d,offense,00-0040225,4590292,Thomas Fidone II,TE,NYG,ARI,2026-10-04T17:00:00.000000+0000,1.0104264516757613,0.0,0.0,ACTIVE,false,,-2.6439513766851238e-8,2.073190441061547
2026,4,2026-10-04T15:01:17.400186+0000,1d83a5d,offense,00-0040234,4889929,Quinn Ewers,QB,JAX,CIN,2026-10-04T17:00:00.000000+0000,4.543484571059232,6.636,0.0,ACTIVE,false,,0.23418225161078055,17.085373444697368
2026,4,2026-10-04T15:01:17.400186+0000,1d83a5d,offense,00-0040236,4608686,Kyle Monangai,RB,CHI,NYJ,2026-10-04T17:00:00.000000+0000,8.704635586508987,8.98,8.25,ACTIVE,false,,1.2691410083768464,17.646747337430664
2026,4,2026-10-04T15:01:17.400186+0000,1d83a5d,offense,00-0040237,4608810,Tez Johnson,WR,TB,GB,2026-10-04T17:00:00.000000+0000,4.308106578592869,2.88,4.71,ACTIVE,false,,0.031798945742631216,11.788408772000325
2026,4,2026-10-04T15:01:17.400186+0000,1d83a5d,offense,00-0040238,4911851,LeQuint Allen Jr.,RB,JAX,CIN,2026-10-04T17:00:00.000000+0000,1.5708890404519265,0.64,2.05,ACTIVE,false,,-0.000030735730801966945,5.271177530810759
2026,4,2026-10-04T15:01:17.400186+0000,1d83a5d,offense,00-0040265,4876995,Ja'Seem Reed,WR,CAR,DET,2026-10-05T00:20:00.000000+0000,2.6494806348270967,6.376731922598162,,,false,,-0.0020736026848156776,9.88725838112627
2026,4,2026-10-04T15:01:17.400186+0000,1d83a5d,offense,00-0040277,5160110,Jahdae Walker,WR,CHI,NYJ,2026-10-04T17:00:00.000000+0000,2.486634208289384,4.739999999999999,0.25,ACTIVE,false,,-0.00090305424224875,8.165029153971085
2026,4,2026-10-04T15:01:17.400186+0000,1d83a5d,offense,00-0040331,,Patrick Herbert,TE,LAC,SEA,2026-10-04T20:25:00.000000+0000,2.400249938199697,4.100990173847317,,,false,,-0.0020735961641481374,7.642648102226452
2026,4,2026-10-04T15:01:17.400186+0000,1d83a5d,offense,00-0040363,4688552,Keleki Latu,TE,BUF,NE,2026-10-04T17:00:00.000000+0000,0.9354675765410344,1.22,0.0,ACTIVE,false,,-7.641504397554713e-6,1.2633162834255605
2026,4,2026-10-04T15:01:17.400186+0000,1d83a5d,offense,00-0040390,4602788,Jackson Meeks,TE,DET,CAR,2026-10-05T00:20:00.000000+0000,1.099853910351767,0.45,0.0,ACTIVE,false,,9.408776991329806e-7,2.0553380758036335
2026,4,2026-10-04T15:01:17.400186+0000,1d83a5d,offense,00-0040394,4709392,Anthony Tyus III,RB,CAR,DET,2026-10-05T00:20:00.000000+0000,1.1298885258632605,0.0,,,false,,-0.008393624063956797,2.8302032919610065
2026,4,2026-10-04T15:01:17.400186+0000,1d83a5d,offense,00-0040398,4429435,Brady Cook,QB,MIA,MIN,2026-10-04T20:05:00.000000+0000,5.867213385930597,5.692,0.0,ACTIVE,false,,0.2097703734467477,17.607770163763174
2026,4,2026-10-04T15:01:17.400186+0000,1d83a5d,offense,00-0040405,4892576,Jamaal Pritchett,WR,NYJ,CHI,2026-10-04T17:00:00.000000+0000,1.1283735037965985,0.0,,,false,,0.0,2.8995777815926993
2026,4,2026-10-04T15:01:17.400186+0000,1d83a5d,offense,00-0040464,4429020,DJ Uiagalelei,QB,LAC,SEA,2026-10-04T20:25:00.000000+0000,3.2119796515293304,13.190041802136545,,,false,,-0.08618487806024368,14.750310026951574
2026,4,2026-10-04T15:01:17.400186+0000,1d83a5d,offense,00-0040494,4573398,Max Brosmer,QB,MIN,MIA,2026-10-04T20:05:00.000000+0000,3.211199386478072,0.6320000000000001,0.0,ACTIVE,false,,-0.2494319757814824,15.826155676558777
2026,4,2026-10-04T15:01:17.400186+0000,1d83a5d,offense,00-0040506,4430656,Myles Price,WR,MIN,MIA,2026-10-04T20:05:00.000000+0000,1.4058744821668148,1.2,3.84,ACTIVE,false,,-0.0060284112459049796,5.053108499635344
2026,4,2026-10-04T15:01:17.400186+0000,1d83a5d,offense,00-0040556,4431431,Corey Kiner,RB,NE,BUF,2026-10-04T17:00:00.000000+0000,2.6517633440245727,1.9600000000000002,0.01,ACTIVE,false,,-0.004122604151307092,8.291582792926866
2026,4,2026-10-04T15:01:17.400186+0000,1d83a5d,offense,00-0040563,4695193,Efton Chism III,WR,NE,BUF,2026-10-04T17:00:00.000000+0000,2.8477119055349025,3.808,1.57,ACTIVE,false,,-0.0007950673537758039,8.442667482482083
2026,4,2026-10-04T15:01:17.400186+0000,1d83a5d,offense,00-0040583,4429059,Woody Marks,RB,HOU,DAL,2026-10-04T17:00:00.000000+0000,8.940988156764739,7.580000000000001,8.46,ACTIVE,false,,1.1114411386978662,18.281755555584358
2026,4,2026-10-04T15:01:17.400186+0000,1d83a5d,offense,00-0040584,4686728,Gunnar Helm,TE,TEN,BAL,2026-10-04T17:00:00.000000+0000,5.69880405560752,3.5,7.11,ACTIVE,false,,0.22065854178117356,12.180596761864567
2026,4,2026-10-04T15:01:17.400186+0000,1d83a5d,offense,00-0040589,4430431,Kurtis Rourke,QB,SF,DEN,2026-10-04T20:25:00.000000+0000,2.815662435636744,13.190041802136545,0.0,ACTIVE,false,,-0.08618487806024368,13.957891004877151
2026,4,2026-10-04T15:01:17.400186+0000,1d83a5d,offense,00-0040590,4710855,Konata Mumpfield,WR,LA,PHI,2026-10-04T17:00:00.000000+0000,5.684271111786454,4.9,3.28,ACTIVE,false,,0.3013414861329963,13.863985574997148
2026,4,2026-10-04T15:01:17.400186+0000,1d83a5d,offense,00-0040598,,Mark Redman,TE,GB,TB,2026-10-04T17:00:00.000000+0000,2.484156994918039,4.100990173847317,,,false,,-0.0020735961641481374,8.220470405866346
2026,4,2026-10-04T15:01:17.400186+0000,1d83a5d,offense,00-0040621,4600597,Montorie Foster Jr,WR,SEA,LAC,2026-10-04T20:25:00.000000+0000,0.9815857724236331,0.0,0.0,ACTIVE,false,,0.0,3.124687941626548
2026,4,2026-10-04T15:01:17.400186+0000,1d83a5d,offense,00-0040646,5082630,Jalen Royals,WR,KC,LV,2026-10-04T20:25:00.000000+0000,2.3512285517594687,2.62,2.15,ACTIVE,false,,-0.0007950673537758039,7.28456471149326
2026,4,2026-10-04T15:01:17.400186+0000,1d83a5d,offense,00-0040648,4597703,Tory Horton,WR,SEA,LAC,2026-10-04T20:25:00.000000+0000,4.063554084950693,5.720000000000001,2.23,ACTIVE,false,,0.07691829698830398,12.321809241830135
2026,4,2026-10-04T15:01:17.400186+0000,1d83a5d,offense,00-0040666,4685382,Omarion Hampton,RB,LAC,SEA,2026-10-04T20:25:00.000000+0000,12.174283938698974,13.579999999999998,10.74,ACTIVE,false,,2.7434526423156984,21.845273448554142
2026,4,2026-10-04T15:01:17.400186+0000,1d83a5d,offense,00-0040667,4701936,Matthew Golden,WR,GB,TB,2026-10-04T17:00:00.000000+0000,12.149747112418048,10.06,12.87,ACTIVE,false,,4.169230480204162,22.87951824294652
2026,4,2026-10-04T15:01:17.400186+0000,1d83a5d,offense,00-0040669,5123663,Isaac TeSlaa,WR,DET,CAR,2026-10-05T00:20:00.000000+0000,6.512171488314438,6.180000000000001,6.3,ACTIVE,false,,0.34181287477287625,14.063228516687888
2026,4,2026-10-04T15:01:17.400186+0000,1d83a5d,offense,00-0040673,4432734,Jalen Milroe,QB,SEA,LAC,2026-10-04T20:25:00.000000+0000,1.5941993579720508,-0.5333333333333333,0.0,ACTIVE,false,,-0.1468394307891375,7.976927733038156
2026,4,2026-10-04T15:01:17.400186+0000,1d83a5d,offense,00-0040676,4688380,Cam Ward,QB,TEN,BAL,2026-10-04T17:00:00.000000+0000,13.410336302697978,13.475999999999999,12.84,ACTIVE,false,,4.248614249617497,25.603304177716527
2026,4,2026-10-04T15:01:17.400186+0000,1d83a5d,offense,00-0040705,4431268,Chimere Dike,WR,TEN,BAL,2026-10-04T17:00:00.000000+0000,1.8916856057328912,3.78,1.32,ACTIVE,false,,-0.000026047456283911905,6.637192951765764
2026,4,2026-10-04T15:01:17.400186+0000,1d83a5d,offense,00-0040715,4696981,Cam Skattebo,RB,NYG,ARI,2026-10-04T17:00:00.000000+0000,12.72374964761824,13.0,16.11,ACTIVE,true,RB,3.5929240047814552,23.784012199314677
2026,4,2026-10-04T15:01:17.400186+0000,1d83a5d,offense,00-0040718,4685415,Travis Hunter,WR,JAX,CIN,2026-10-04T17:00:00.000000+0000,1.7450237642701234,0.0,0.78,ACTIVE,false,,0.05363103588531786,5.9272278566257794
2026,4,2026-10-04T15:01:17.400186+0000,1d83a5d,offense,00-0040719,4882093,Bhayshul Tuten,RB,JAX,CIN,2026-10-04T17:00:00.000000+0000,11.52653878745489,11.72,12.67,ACTIVE,false,,3.1863797187153784,21.07913075271912
2026,4,2026-10-04T15:01:17.400186+0000,1d83a5d,offense,00-0040727,4686612,Tre Harris,WR,LAC,SEA,2026-10-04T20:25:00.000000+0000,7.433003785652431,6.44,7.77,ACTIVE,false,,1.3667253198508602,16.203991372961063
2026,4,2026-10-04T15:01:17.400186+0000,1d83a5d,offense,00-0040730,4568490,RJ Harvey,RB,DEN,SF,2026-10-04T20:25:00.000000+0000,9.915816309867951,12.76,10.12,ACTIVE,false,,2.5008735814936482,21.29050570672398
2026,4,2026-10-04T15:01:17.400186+0000,1d83a5d,offense,00-0040734,4432710,TreVeyon Henderson,RB,NE,BUF,2026-10-04T17:00:00.000000+0000,9.44212131447915,9.04,9.52,ACTIVE,false,,1.3679540792554892,18.15248332553918
2026,4,2026-10-04T15:01:17.400186+0000,1d83a5d,offense,00-0040735,4685278,Luther Burden III,WR,CHI,NYJ,2026-10-04T17:00:00.000000+0000,12.030042945466624,14.16,12.4,ACTIVE,false,,3.4304607615668505,22.29544574492447
2026,4,2026-10-04T15:01:17.400186+0000,1d83a5d,offense,00-0040736,4808766,Mason Taylor,TE,NYJ,CHI,2026-10-04T17:00:00.000000+0000,3.967921667398343,4.220000000000001,0.0,OUT,false,,-0.008116335435580638,10.613258025594085
2026,4,2026-10-04T15:01:17.400186+0000,1d83a5d,offense,00-0040739,4678006,Elijah Arroyo,TE,SEA,LAC,2026-10-04T20:25:00.000000+0000,1.3017307962984086,0.54,1.59,ACTIVE,false,,-2.8489874250225643e-6,3.559973094468419
2026,4,2026-10-04T15:01:17.400186+0000,1d83a5d,offense,00-0040743,4360689,Tyler Shough,QB,NO,ATL,2026-10-06T00:15:00.000000+0000,18.37440888704132,22.612000000000002,18.6,ACTIVE,false,,4.712411305376556,29.67883140167242
2026,4,2026-10-04T15:01:17.400186+0000,1d83a5d,offense,00-0040785,4384852,Dohnte Meyers,WR,CIN,JAX,2026-10-04T17:00:00.000000+0000,3.609354160375581,3.233333333333334,5.84,ACTIVE,false,,-0.002676427979889413,9.683127498607508
2026,4,2026-10-04T15:01:17.400186+0000,1d83a5d,offense,00-0040867,4870795,Makai Lemon,WR,PHI,LA,2026-10-04T17:00:00.000000+0000,5.965261623429338,3.4333333333333336,10.5,ACTIVE,false,,-0.00541071607349172,13.303010282333522
2026,4,2026-10-04T15:01:17.400186+0000,1d83a5d,offense,00-0040876,5088338,Elijah Sarratt,WR,BAL,TEN,2026-10-04T17:00:00.000000+0000,2.6156497276056916,6.376731922598162,0.0,ACTIVE,false,,-0.0020736026848156776,9.96910117131634
2026,4,2026-10-04T15:01:17.400186+0000,1d83a5d,offense,00-0040878,4686658,Mike Washington Jr.,RB,LV,KC,2026-10-04T20:25:00.000000+0000,3.6825540984753053,5.400000000000001,3.21,ACTIVE,false,,0.1184442103219325,9.785103378194709
2026,4,2026-10-04T15:01:17.400186+0000,1d83a5d,offense,00-0040879,4432260,Matthew Hibner,TE,BAL,TEN,2026-10-04T17:00:00.000000+0000,2.922702867046754,4.2,2.08,ACTIVE,false,,-0.0007950673537758039,7.794401742601564
2026,4,2026-10-04T15:01:17.400186+0000,1d83a5d,offense,00-0040886,4685555,Nicholas Singleton,RB,TEN,BAL,2026-10-04T17:00:00.000000+0000,2.049839395861572,1.0,0.68,ACTIVE,false,,-0.00003075436484372244,7.038951791706026
2026,4,2026-10-04T15:01:17.400186+0000,1d83a5d,offense,00-0040887,4876132,Josh Cuevas,TE,BAL,TEN,2026-10-04T17:00:00.000000+0000,1.2686244278101375,0.8000000000000002,0.5,ACTIVE,false,,-1.6977820288913689e-6,2.589412908070493
2026,4,2026-10-04T15:01:17.400186+0000,1d83a5d,offense,00-0040890,4912218,Cyrus Allen,WR,KC,LV,2026-10-04T20:25:00.000000+0000,1.1251321595596824,0.0,0.0,ACTIVE,false,,-3.9456487770166056e-7,2.785419111211949
2026,4,2026-10-04T15:01:17.400186+0000,1d83a5d,offense,00-0040891,4879250,Cole Payton,QB,PHI,LA,2026-10-04T17:00:00.000000+0000,3.249193628108452,13.190041802136545,0.0,ACTIVE,false,,-0.08618487806024368,14.649393455523548
2026,4,2026-10-04T15:01:17.400186+0000,1d83a5d,offense,00-0040894,5150247,Malik Benson,WR,LV,KC,2026-10-04T20:25:00.000000+0000,2.331677385989686,0.26666666666666666,2.3,ACTIVE,false,,-0.0043404401485057295,7.0992496084179475
2026,4,2026-10-04T15:01:17.400186+0000,1d83a5d,offense,00-0040906,4567747,Garrett Nussmeier,QB,KC,LV,2026-10-04T20:25:00.000000+0000,2.8928052615761946,13.190041802136545,0.0,ACTIVE,false,,-0.08618487806024368,13.908992426534802
2026,4,2026-10-04T15:01:17.400186+0000,1d83a5d,offense,00-0040930,4808759,Camden Brown,WR,DAL,HOU,2026-10-04T17:00:00.000000+0000,2.6186754159154932,6.376731922598162,0.0,ACTIVE,false,,-0.0020736026848156776,9.923064307257338
2026,4,2026-10-04T15:01:17.400186+0000,1d83a5d,offense,00-0040948,4635009,J. Michael Sturdivant,WR,GB,TB,2026-10-04T17:00:00.000000+0000,2.2057889593363873,2.6,1.53,ACTIVE,false,,-0.0008855909859656188,7.491911811054404
2026,4,2026-10-04T15:01:17.400186+0000,1d83a5d,offense,00-0040981,4429582,Joe Fagnano,QB,BAL,TEN,2026-10-04T17:00:00.000000+0000,2.9127575646868005,13.190041802136545,0.0,ACTIVE,false,,-0.08618487806024368,14.440946562934268
2026,4,2026-10-04T15:01:17.400186+0000,1d83a5d,offense,00-0041013,4832955,Emmett Johnson,RB,KC,LV,2026-10-04T20:25:00.000000+0000,5.226076417299153,5.333333333333333,5.05,ACTIVE,false,,0.11548103973295637,11.855469793860388
2026,4,2026-10-04T15:01:17.400186+0000,1d83a5d,offense,00-0041027,4870808,Jeremiyah Love,RB,ARI,NYG,2026-10-04T17:00:00.000000+0000,13.248184906966555,14.133333333333333,15.55,ACTIVE,false,,4.314451894954036,23.34160284441331
2026,4,2026-10-04T15:01:17.400186+0000,1d83a5d,offense,00-0041032,5083315,Kenyon Sadiq,TE,NYJ,CHI,2026-10-04T17:00:00.000000+0000,9.86136532143528,12.866666666666667,9.88,QUESTIONABLE,false,,1.9033813747097172,17.804418729190267
2026,4,2026-10-04T15:01:17.400186+0000,1d83a5d,offense,00-0041041,4702559,Oscar Delp,TE,NO,ATL,2026-10-06T00:15:00.000000+0000,1.3235975537656668,0.9,0.57,ACTIVE,false,,-1.8123716168705514e-6,2.999713119796354
2026,4,2026-10-04T15:01:17.400186+0000,1d83a5d,offense,00-0041042,4682648,Malachi Fields,WR,NYG,ARI,2026-10-04T17:00:00.000000+0000,6.590478255536408,4.466666666666667,7.8,ACTIVE,false,,0.7110911036865505,15.50613766003222
2026,4,2026-10-04T15:01:17.400186+0000,1d83a5d,offense,00-0041044,4870612,Zachariah Branch,WR,ATL,NO,2026-10-06T00:15:00.000000+0000,1.913629634492625,1.7000000000000002,2.68,ACTIVE,false,,0.00009210640919949019,6.62155875541241
2026,4,2026-10-04T15:01:17.400186+0000,1d83a5d,offense,00-0041048,5220680,Ted Hurst III,WR,TB,GB,2026-10-04T17:00:00.000000+0000,8.651807037895905,7.433333333333334,6.28,ACTIVE,false,,1.11167002119324,18.384768505115634
2026,4,2026-10-04T15:01:17.400186+0000,1d83a5d,offense,00-0041051,4869748,Zavion Thomas,WR,CHI,NYJ,2026-10-04T17:00:00.000000+0000,1.3722649235084459,0.55,0.29,ACTIVE,false,,-1.8418693782186918e-6,4.5607969024416395
2026,4,2026-10-04T15:01:17.400186+0000,1d83a5d,offense,00-0041052,4696044,Kaelon Black,RB,SF,DEN,2026-10-04T20:25:00.000000+0000,4.991521014402899,4.066666666666666,5.45,ACTIVE,false,,0.22039596459591937,13.201695520806814
2026,4,2026-10-04T15:01:17.400186+0000,1d83a5d,offense,00-0041056,4685413,Cade Klubnik,QB,NYJ,CHI,2026-10-04T17:00:00.000000+0000,3.2717548073733327,13.190041802136545,0.0,ACTIVE,false,,-0.08618487806024368,15.020473892976145
2026,4,2026-10-04T15:01:17.400186+0000,1d83a5d,offense,00-0041067,4879276,Bryce Lance,WR,NO,ATL,2026-10-06T00:15:00.000000+0000,5.3049883506288475,3.0,3.95,ACTIVE,false,,-0.00541071607349172,12.989963227323164
2026,4,2026-10-04T15:01:17.400186+0000,1d83a5d,offense,00-0041069,5092508,Colbie Young,WR,CIN,JAX,2026-10-04T17:00:00.000000+0000,1.5725359916574575,0.9666666666666668,0.0,OUT,false,,-2.5313441515456057e-6,5.4960842318614604
2026,4,2026-10-04T15:01:17.400186+0000,1d83a5d,offense,00-0041070,4869132,Reggie Virgil,WR,ARI,NYG,2026-10-04T17:00:00.000000+0000,2.5839189594666094,6.376731922598162,0.0,ACTIVE,false,,-0.0020736026848156776,9.934269752673725
2026,4,2026-10-04T15:01:17.400186+0000,1d83a5d,offense,00-0041077,4912052,Justin Joly,TE,MIA,MIN,2026-10-04T20:05:00.000000+0000,2.4120284032281734,4.100990173847317,0.0,ACTIVE,false,,-0.0020735961641481374,7.3060395296974185
2026,4,2026-10-04T15:01:17.400186+0000,1d83a5d,offense,00-0041081,4878695,Max Bredeson,RB,MIN,MIA,2026-10-04T20:05:00.000000+0000,1.1797224492740224,0.0,0.5,ACTIVE,false,,-6.64042893968221e-6,3.6299308006823763
2026,4,2026-10-04T15:01:17.400186+0000,1d83a5d,offense,00-0041084,4917427,Tanner Koziol,TE,JAX,CIN,2026-10-04T17:00:00.000000+0000,1.085269215189482,0.0,0.0,ACTIVE,false,,0.0,1.250170121541259
2026,4,2026-10-04T15:01:17.400186+0000,1d83a5d,offense,00-0041094,4890373,Bauer Sharp,TE,TB,GB,2026-10-04T17:00:00.000000+0000,1.110259230421853,0.0,0.0,ACTIVE,false,,0.0,1.353044013024367
2026,4,2026-10-04T15:01:17.400186+0000,1d83a5d,offense,00-0041099,4698597,Barion Brown,WR,NO,ATL,2026-10-06T00:15:00.000000+0000,1.2320044978139058,0.15000000000000002,0.31,ACTIVE,false,,-0.00656984266586193,3.6027349604574535
2026,4,2026-10-04T15:01:17.400186+0000,1d83a5d,offense,00-0041100,4879194,Josh Cameron,WR,JAX,CIN,2026-10-04T17:00:00.000000+0000,3.643943172944759,6.066666666666666,4.41,ACTIVE,false,,0.16075959973459564,9.914498167494074
2026,4,2026-10-04T15:01:17.400186+0000,1d83a5d,offense,00-0041104,4832846,Demond Claiborne,RB,MIN,MIA,2026-10-04T20:05:00.000000+0000,1.9197552608695678,0.65,3.0,ACTIVE,false,,-2.5313441515456057e-6,6.348568552589826
2026,4,2026-10-04T15:01:17.400186+0000,1d83a5d,offense,00-0041106,5085024,C.J. Williams,WR,JAX,CIN,2026-10-04T17:00:00.000000+0000,0.9758920102712869,0.0,,,false,,-0.03402098504312011,3.9064423923406437
2026,4,2026-10-04T15:01:17.400186+0000,1d83a5d,offense,00-0041116,5085189,Jack Endries,TE,CIN,JAX,2026-10-04T17:00:00.000000+0000,0.9687506381346768,0.0,0.0,ACTIVE,false,,0.0,0.9737378976195478
2026,4,2026-10-04T15:01:17.400186+0000,1d83a5d,offense,00-0041123,4431465,Behren Morton,QB,NE,BUF,2026-10-04T17:00:00.000000+0000,3.363229894225176,13.190041802136545,0.0,ACTIVE,false,,-0.08618487806024368,14.78524592639786
2026,4,2026-10-04T15:01:17.400186+0000,1d83a5d,offense,00-0041133,5159802,Dallen Bentley,TE,DEN,SF,2026-10-04T20:25:00.000000+0000,2.397172960121961,4.100990173847317,0.0,ACTIVE,false,,-0.0020735961641481374,7.699852432304861
2026,4,2026-10-04T15:01:17.400186+0000,1d83a5d,offense,00-0041149,4428993,Haynes King,QB,CAR,DET,2026-10-05T00:20:00.000000+0000,3.8010588338890745,13.190041802136545,0.0,ACTIVE,false,,-0.08618488458091123,15.638117616141788
2026,4,2026-10-04T15:01:17.400186+0000,1d83a5d,offense,00-0041194,5344782,Jack Strand,QB,ATL,NO,2026-10-06T00:15:00.000000+0000,5.135899840589394,-0.040000000000000036,0.0,ACTIVE,false,,-0.25189166462163676,18.02721036328462
2026,4,2026-10-04T15:01:17.400186+0000,1d83a5d,offense,00-0041251,4596472,Jalon Daniels,QB,TB,GB,2026-10-04T17:00:00.000000+0000,3.5917384933064525,-1.1,14.85,ACTIVE,false,,-0.1770742025476285,12.619590410671169
2026,4,2026-10-04T15:01:17.400186+0000,1d83a5d,offense,00-0041267,,Malik McClain,WR,NYJ,CHI,2026-10-04T17:00:00.000000+0000,1.1283735037965985,0.0,,,false,,0.0,2.8995777815926993
2026,4,2026-10-04T15:01:17.400186+0000,1d83a5d,offense,00-0041314,4683308,Tanner Arkin,TE,NE,BUF,2026-10-04T17:00:00.000000+0000,1.207991909523829,0.0,0.0,ACTIVE,false,,0.0,2.414105428989441
2026,4,2026-10-04T15:01:17.400186+0000,1d83a5d,offense,00-0041326,5081999,CJ Donaldson,RB,NO,ATL,2026-10-06T00:15:00.000000+0000,2.063289276333257,0.6333333333333333,2.54,ACTIVE,false,,-6.086675873328403e-6,7.01009762639393
2026,4,2026-10-04T15:01:17.400186+0000,1d83a5d,offense,00-0041395,4831959,Eli Raridon,TE,NE,BUF,2026-10-04T17:00:00.000000+0000,2.930900682309186,5.6,2.2,QUESTIONABLE,false,,0.16075959973459564,7.878978895541018
2026,4,2026-10-04T15:01:17.400186+0000,1d83a5d,offense,00-0041399,4605951,CJ Daniels,WR,LA,PHI,2026-10-04T17:00:00.000000+0000,2.5839189594666094,6.376731922598162,0.0,ACTIVE,false,,-0.0020736026848156776,9.96910117131634
2026,4,2026-10-04T15:01:17.400186+0000,1d83a5d,offense,00-0041415,5082269,Dean Connors,RB,LA,PHI,2026-10-04T17:00:00.000000+0000,1.0990833069516566,0.0,,,false,,-0.008393624063956797,2.681016782411225
2026,4,2026-10-04T15:01:17.400186+0000,1d83a5d,offense,00-0041436,4685116,DJ Herman,RB,MIA,MIN,2026-10-04T20:05:00.000000+0000,2.184264818945139,1.4,,,false,,0.00026583548313648494,5.978487132352378
2026,4,2026-10-04T15:01:17.400186+0000,1d83a5d,offense,00-0041438,4871023,Carnell Tate,WR,TEN,BAL,2026-10-04T17:00:00.000000+0000,10.052223439324557,8.433333333333334,11.89,ACTIVE,false,,1.7387721228420177,20.318407908264792
2026,4,2026-10-04T15:01:17.400186+0000,1d83a5d,offense,00-0041443,4683153,Skyler Bell,WR,BUF,NE,2026-10-04T17:00:00.000000+0000,2.6156497276056916,6.376731922598162,0.0,ACTIVE,false,,-0.0020736026848156776,9.965649396501991
2026,4,2026-10-04T15:01:17.400186+0000,1d83a5d,offense,00-0041472,4695705,Marlin Klein,TE,HOU,DAL,2026-10-04T17:00:00.000000+0000,1.267698878582659,0.8666666666666667,0.27,ACTIVE,false,,-3.8599382373939235e-7,2.8279336129511625
2026,4,2026-10-04T15:01:17.400186+0000,1d83a5d,offense,00-0041503,4686248,Nate Boerkircher,TE,JAX,CIN,2026-10-04T17:00:00.000000+0000,1.9749753605034983,0.6333333333333333,1.68,ACTIVE,false,,-2.5313441515456057e-6,6.026542365674986
2026,4,2026-10-04T15:01:17.400186+0000,1d83a5d,offense,00-0041510,4833029,Max Klare,TE,LA,PHI,2026-10-04T17:00:00.000000+0000,2.397172960121961,4.100990173847317,2.91,ACTIVE,false,,-0.0020735961641481374,7.6732239442112204
2026,4,2026-10-04T15:01:17.400186+0000,1d83a5d,offense,00-0041523,4869645,Caleb Douglas,WR,MIA,MIN,2026-10-04T20:05:00.000000+0000,8.871188234382293,9.15,0.0,OUT,false,,1.2329064733123916,19.10925098211918
2026,4,2026-10-04T15:01:17.400186+0000,1d83a5d,offense,00-0041524,4880236,Will Kacmarek,TE,MIA,MIN,2026-10-04T20:05:00.000000+0000,1.5124684697333917,0.4666666666666666,1.25,ACTIVE,false,,-1.8123716168705514e-6,3.728552003746387
2026,4,2026-10-04T15:01:17.400186+0000,1d83a5d,offense,00-0041525,4869961,Chris Bell,WR,MIA,MIN,2026-10-04T20:05:00.000000+0000,5.50530770332516,4.733333333333333,8.67,ACTIVE,false,,0.5996801022648189,12.807052692197413
2026,4,2026-10-04T15:01:17.400186+0000,1d83a5d,offense,00-0041529,4685307,Kevin Coleman Jr.,WR,MIA,MIN,2026-10-04T20:05:00.000000+0000,2.883221810278638,0.43333333333333335,4.02,ACTIVE,false,,-0.004340440929327211,8.874980498922053
2026,4,2026-10-04T15:01:17.400186+0000,1d83a5d,offense,00-0041550,4685553,Brenen Thompson,WR,LAC,SEA,2026-10-04T20:25:00.000000+0000,2.034405960598774,1.15,0.0,OUT,false,,0.00005530288900676097,7.3718177428713965
2026,4,2026-10-04T15:01:17.400186+0000,1d83a5d,offense,00-0041558,4685504,Sam Roush,TE,CHI,NYJ,2026-10-04T17:00:00.000000+0000,2.252561762597609,1.5,1.58,ACTIVE,false,,0.00008303879838524618,6.320463084244329
2026,4,2026-10-04T15:01:17.400186+0000,1d83a5d,offense,00-0041561,4430841,Carson Beck,QB,ARI,NYG,2026-10-04T17:00:00.000000+0000,2.951905564920651,13.190041802136545,0.0,ACTIVE,false,,-0.08618487806024368,14.277952119003714
2026,4,2026-10-04T15:01:17.400186+0000,1d83a5d,offense,00-0041562,4837248,Fernando Mendoza,QB,LV,KC,2026-10-04T20:25:00.000000+0000,2.8274409006652204,13.190041802136545,0.0,ACTIVE,false,,-0.08618487806024368,14.582267188482888
2026,4,2026-10-04T15:01:17.400186+0000,1d83a5d,offense,00-0041568,4685522,Ty Simpson,QB,LA,PHI,2026-10-04T17:00:00.000000+0000,3.603892668672655,13.190041802136545,0.0,ACTIVE,false,,-0.08618487806024368,15.198775714604011
2026,4,2026-10-04T15:01:17.400186+0000,1d83a5d,offense,00-0041579,4714379,Seydou Traore,TE,MIA,MIN,2026-10-04T20:05:00.000000+0000,2.4120284032281734,4.100990173847317,0.0,ACTIVE,false,,-0.0020735961641481374,7.3060395296974185
2026,4,2026-10-04T15:01:17.400186+0000,1d83a5d,k,00-0025565,10621,Nick Folk,K,ATL,NO,2026-10-06T00:15:00.000000+0000,7.355004811730266,6.2,8.24,ACTIVE,false,,2.148282892818971,16.352214476709335
2026,4,2026-10-04T15:01:17.400186+0000,1d83a5d,k,00-0031203,17427,Cairo Santos,K,CHI,NYJ,2026-10-04T17:00:00.000000+0000,9.449054075394468,6.8,8.47,ACTIVE,false,,3.7531532081474386,17.289885198910316
2026,4,2026-10-04T15:01:17.400186+0000,1d83a5d,k,00-0031492,2473037,Jason Myers,K,SEA,LAC,2026-10-04T20:25:00.000000+0000,10.143628461676206,7.8,9.78,ACTIVE,false,,3.308808648880765,18.795257510172224
2026,4,2026-10-04T15:01:17.400186+0000,1d83a5d,k,00-0032569,2985659,Wil Lutz,K,DEN,SF,2026-10-04T20:25:00.000000+0000,8.837843674277972,7.2,7.2,ACTIVE,false,,1.6970144716369666,16.34730936647728
2026,4,2026-10-04T15:01:17.400186+0000,1d83a5d,k,00-0032726,2971573,Ka'imi Fairbairn,K,HOU,DAL,2026-10-04T17:00:00.000000+0000,9.532695352225579,11.2,9.9,ACTIVE,false,,2.2096676866621627,17.41805087727627
2026,4,2026-10-04T15:01:17.400186+0000,1d83a5d,k,00-0033303,3055899,Harrison Butker,K,KC,LV,2026-10-04T20:25:00.000000+0000,9.244137591294885,10.6,8.83,ACTIVE,false,,3.0546163223649305,15.685211561099347
2026,4,2026-10-04T15:01:17.400186+0000,1d83a5d,k,00-0033787,3050478,Jake Elliott,K,PHI,LA,2026-10-04T17:00:00.000000+0000,10.069036448403015,5.6,7.85,ACTIVE,false,,2.8962118416193228,17.34023597492104
2026,4,2026-10-04T15:01:17.400186+0000,1d83a5d,k,00-0034161,3051909,Daniel Carlson,K,NO,ATL,2026-10-06T00:15:00.000000+0000,8.432845298514449,8.6,8.92,ACTIVE,false,,1.7577551439656296,16.5771603439291
2026,4,2026-10-04T15:01:17.400186+0000,1d83a5d,k,00-0034173,4034949,Eddy Pineiro,K,SF,DEN,2026-10-04T20:25:00.000000+0000,9.604142153316108,6.6,9.27,ACTIVE,false,,3.535017866071326,16.16808087100504
2026,4,2026-10-04T15:01:17.400186+0000,1d83a5d,k,00-0034794,3124679,Jason Sanders,K,NYJ,CHI,2026-10-04T17:00:00.000000+0000,8.423534124486144,8.4,7.74,ACTIVE,false,,1.933434765437314,16.10720157224129
2026,4,2026-10-04T15:01:17.400186+0000,1d83a5d,k,00-0035192,3124084,Joey Slye,K,TEN,BAL,2026-10-04T17:00:00.000000+0000,6.637581353467368,6.2,6.96,ACTIVE,false,,0.14026917050461785,15.568506745526896
2026,4,2026-10-04T15:01:17.400186+0000,1d83a5d,k,00-0035269,4249087,Matt Gay,K,LV,KC,2026-10-04T20:25:00.000000+0000,8.224791973817103,9.4,8.14,ACTIVE,false,,2.009015266592395,16.188250055287064
2026,4,2026-10-04T15:01:17.400186+0000,1d83a5d,k,00-0035358,3150744,Chase McLaughlin,K,TB,GB,2026-10-04T17:00:00.000000+0000,9.331045296357702,10.6,8.5,ACTIVE,false,,2.3586560480626075,15.389958565503587
2026,4,2026-10-04T15:01:17.400186+0000,1d83a5d,k,00-0036162,3917232,Tyler Bass,K,BUF,NE,2026-10-04T17:00:00.000000+0000,8.661529879293942,7.4,8.52,ACTIVE,false,,3.633702292096331,15.316865898249286
2026,4,2026-10-04T15:01:17.400186+0000,1d83a5d,k,00-0036816,4243371,Riley Patterson,K,MIA,MIN,2026-10-04T20:05:00.000000+0000,6.925847345125955,6.2,6.64,ACTIVE,false,,0.6779133483885451,15.647054513005305
2026,4,2026-10-04T15:01:17.400186+0000,1d83a5d,k,00-0036854,4360234,Evan McPherson,K,CIN,JAX,2026-10-04T17:00:00.000000+0000,8.867275824188953,10.2,8.42,ACTIVE,false,,2.6558984286475478,16.314998531102518
2026,4,2026-10-04T15:01:17.400186+0000,1d83a5d,k,00-0037224,4362081,Cameron Dicker,K,LAC,SEA,2026-10-04T20:25:00.000000+0000,9.321957141261814,3.6,8.04,ACTIVE,false,,1.566272203058325,17.43138291022414
2026,4,2026-10-04T15:01:17.400186+0000,1d83a5d,k,00-0037692,3953687,Brandon Aubrey,K,DAL,HOU,2026-10-04T17:00:00.000000+0000,10.071326262549244,9.8,9.55,ACTIVE,true,K,2.809107404044819,17.51144470151273
2026,4,2026-10-04T15:01:17.400186+0000,1d83a5d,k,00-0038567,4363538,Chad Ryland,K,ARI,NYG,2026-10-04T17:00:00.000000+0000,9.19057108834425,8.6,8.04,ACTIVE,false,,2.3239661642379366,16.85451495513844
2026,4,2026-10-04T15:01:17.400186+0000,1d83a5d,k,00-0039172,4689936,Jake Bates,K,DET,CAR,2026-10-05T00:20:00.000000+0000,9.536660555661182,7.8,8.71,ACTIVE,false,,3.316428295777275,16.808467865627794
2026,4,2026-10-04T15:01:17.400186+0000,1d83a5d,k,00-0039404,4567104,Will Reichard,K,MIN,MIA,2026-10-04T20:05:00.000000+0000,10.170649137130942,12.0,9.13,ACTIVE,false,,2.7671383380908625,17.163276522614076
2026,4,2026-10-04T15:01:17.400186+0000,1d83a5d,k,00-0039409,4686361,Cam Little,K,JAX,CIN,2026-10-04T17:00:00.000000+0000,9.580160784811495,10.6,8.73,ACTIVE,false,,3.453554303515475,16.41040092572044
2026,4,2026-10-04T15:01:17.400186+0000,1d83a5d,k,00-0039498,4574716,Harrison Mevis,K,LA,PHI,2026-10-04T17:00:00.000000+0000,9.737436619915027,8.2,8.54,ACTIVE,false,,1.9640543641151442,17.88656657091789
2026,4,2026-10-04T15:01:17.400186+0000,1d83a5d,k,00-0040074,4697745,Tyler Loop,K,BAL,TEN,2026-10-04T17:00:00.000000+0000,9.503868468550511,9.6,9.3,ACTIVE,false,,3.6772141604581017,16.501056375186913
2026,4,2026-10-04T15:01:17.400186+0000,1d83a5d,k,00-0040200,4569923,Andy Borregales,K,NE,BUF,2026-10-04T17:00:00.000000+0000,8.534697288225477,6.8,7.18,ACTIVE,false,,2.0258137038909685,15.376049517408767
2026,4,2026-10-04T15:01:17.400186+0000,1d83a5d,k,00-0040279,4568263,Ryan Fitzgerald,K,CAR,DET,2026-10-05T00:20:00.000000+0000,9.722400980131606,7.6,8.68,ACTIVE,false,,2.584214703886024,16.6014455196427
2026,4,2026-10-04T15:01:17.400186+0000,1d83a5d,k,00-0040899,4869461,Trey Smack,K,GB,TB,2026-10-04T17:00:00.000000+0000,9.384759191734217,7.333333333333333,8.12,ACTIVE,false,,2.3097618426147366,16.86624468135011
2026,4,2026-10-04T15:01:17.400186+0000,1d83a5d,k,00-0041145,5082424,Dominic Zvada,K,NYG,ARI,2026-10-04T17:00:00.000000+0000,8.45799919722665,8.0,8.68,ACTIVE,false,,1.9035375422859566,15.824002114877764
2026,4,2026-10-04T15:01:17.400186+0000,1d83a5d,dst,ARI,-16022,ARI D/ST,D/ST,ARI,NYG,2026-10-04T17:00:00.000000+0000,7.132677757165788,0.6,5.48,,false,,-1.0983615205575452,16.35033272114371
2026,4,2026-10-04T15:01:17.400186+0000,1d83a5d,dst,ATL,-16001,ATL D/ST,D/ST,ATL,NO,2026-10-06T00:15:00.000000+0000,5.113777620524418,7.8,5.38,,false,,-2.2537881215483697,13.389266202285748
2026,4,2026-10-04T15:01:17.400186+0000,1d83a5d,dst,BAL,-16033,BAL D/ST,D/ST,BAL,TEN,2026-10-04T17:00:00.000000+0000,8.594797969227507,4.4,6.69,NORMAL,false,,0.8417699863974459,15.895275160031558
2026,4,2026-10-04T15:01:17.400186+0000,1d83a5d,dst,BUF,-16002,BUF D/ST,D/ST,BUF,NE,2026-10-04T17:00:00.000000+0000,6.878702057467324,5.2,6.36,,false,,-1.0546681680020777,14.30462589707417
2026,4,2026-10-04T15:01:17.400186+0000,1d83a5d,dst,CAR,-16029,CAR D/ST,D/ST,CAR,DET,2026-10-05T00:20:00.000000+0000,3.634586410814611,7.6,2.57,,false,,-3.0683355741533247,10.774456188147122
2026,4,2026-10-04T15:01:17.400186+0000,1d83a5d,dst,CHI,-16003,CHI D/ST,D/ST,CHI,NYJ,2026-10-04T17:00:00.000000+0000,7.913650926015711,5.2,6.39,NORMAL,true,D/ST,-0.5048699395855389,15.513458772587025
2026,4,2026-10-04T15:01:17.400186+0000,1d83a5d,dst,CIN,-16004,CIN D/ST,D/ST,CIN,JAX,2026-10-04T17:00:00.000000+0000,3.797234902461249,9.4,4.36,,false,,-3.231970492711585,11.318253186576545
2026,4,2026-10-04T15:01:17.400186+0000,1d83a5d,dst,DAL,-16006,DAL D/ST,D/ST,DAL,HOU,2026-10-04T17:00:00.000000+0000,4.489714190662426,1.4,4.34,,false,,-2.7581526072988076,11.019965573379844
2026,4,2026-10-04T15:01:17.400186+0000,1d83a5d,dst,DEN,-16007,DEN D/ST,D/ST,DEN,SF,2026-10-04T20:25:00.000000+0000,3.0760885363751953,9.4,3.16,NORMAL,false,,-4.877412441200065,10.846060547904134
2026,4,2026-10-04T15:01:17.400186+0000,1d83a5d,dst,DET,-16008,DET D/ST,D/ST,DET,CAR,2026-10-05T00:20:00.000000+0000,4.261096010066597,4.6,4.59,,false,,-3.913205821538188,13.801171620755037
2026,4,2026-10-04T15:01:17.400186+0000,1d83a5d,dst,GB,-16009,GB D/ST,D/ST,GB,TB,2026-10-04T17:00:00.000000+0000,7.969713056886182,0.8,6.19,,false,,-0.10501405909741113,15.620784590469135
2026,4,2026-10-04T15:01:17.400186+0000,1d83a5d,dst,HOU,-16034,HOU D/ST,D/ST,HOU,DAL,2026-10-04T17:00:00.000000+0000,3.382102687320024,6.8,4.89,NORMAL,false,,-5.006053682555582,12.004439649783375
2026,4,2026-10-04T15:01:17.400186+0000,1d83a5d,dst,JAX,-16030,JAX D/ST,D/ST,JAX,CIN,2026-10-04T17:00:00.000000+0000,3.7130917577520846,10.2,5.08,,false,,-3.1602109171564132,11.108643719257874
2026,4,2026-10-04T15:01:17.400186+0000,1d83a5d,dst,KC,-16012,KC D/ST,D/ST,KC,LV,2026-10-04T20:25:00.000000+0000,4.799971530353836,7.2,6.51,NORMAL,false,,-1.8863270928756666,13.657170392577148
2026,4,2026-10-04T15:01:17.400186+0000,1d83a5d,dst,LA,-16014,LA D/ST,D/ST,LA,PHI,2026-10-04T17:00:00.000000+0000,7.335270137123288,7.0,6.24,NORMAL,false,,-1.4120458015007806,15.208248408671421
2026,4,2026-10-04T15:01:17.400186+0000,1d83a5d,dst,LAC,-16024,LAC D/ST,D/ST,LAC,SEA,2026-10-04T20:25:00.000000+0000,2.605660103979431,5.8,4.04,NORMAL,false,,-3.090564294652055,12.07372602927283
2026,4,2026-10-04T15:01:17.400186+0000,1d83a5d,dst,LV,-16013,LV D/ST,D/ST,LV,KC,2026-10-04T20:25:00.000000+0000,3.02703643444869,11.6,3.67,,false,,-3.0292412496987677,11.622754147330792
2026,4,2026-10-04T15:01:17.400186+0000,1d83a5d,dst,MIA,-16015,MIA D/ST,D/ST,MIA,MIN,2026-10-04T20:05:00.000000+0000,4.080586234228993,1.8,3.43,,false,,-2.2410468027960553,13.572118498398886
2026,4,2026-10-04T15:01:17.400186+0000,1d83a5d,dst,MIN,-16016,MIN D/ST,D/ST,MIN,MIA,2026-10-04T20:05:00.000000+0000,9.247549417879991,14.6,8.5,NORMAL,false,,0.4375394335394831,18.962924308504537
2026,4,2026-10-04T15:01:17.400186+0000,1d83a5d,dst,NE,-16017,NE D/ST,D/ST,NE,BUF,2026-10-04T17:00:00.000000+0000,3.139955126435335,9.4,2.86,,false,,-3.6501537006541938,11.513087342343296
2026,4,2026-10-04T15:01:17.400186+0000,1d83a5d,dst,NO,-16018,NO D/ST,D/ST,NO,ATL,2026-10-06T00:15:00.000000+0000,4.619911682178306,6.2,3.23,,false,,-4.2765496215828875,12.304330448769724
2026,4,2026-10-04T15:01:17.400186+0000,1d83a5d,dst,NYG,-16019,NYG D/ST,D/ST,NYG,ARI,2026-10-04T17:00:00.000000+0000,4.204925819744515,7.6,5.91,,false,,-2.4456638880018016,12.341269464543235
2026,4,2026-10-04T15:01:17.400186+0000,1d83a5d,dst,NYJ,-16020,NYJ D/ST,D/ST,NYJ,CHI,2026-10-04T17:00:00.000000+0000,4.191173408922447,1.2,6.01,,false,,-4.184065587629716,12.598557849851359
2026,4,2026-10-04T15:01:17.400186+0000,1d83a5d,dst,PHI,-16021,PHI D/ST,D/ST,PHI,LA,2026-10-04T17:00:00.000000+0000,2.721518687121041,5.2,4.07,,false,,-4.593263133947808,10.947856072087449
2026,4,2026-10-04T15:01:17.400186+0000,1d83a5d,dst,SEA,-16026,SEA D/ST,D/ST,SEA,LAC,2026-10-04T20:25:00.000000+0000,7.954500030249845,10.4,7.86,NORMAL,false,,-0.04117104589306009,15.713071048175598
2026,4,2026-10-04T15:01:17.400186+0000,1d83a5d,dst,SF,-16025,SF D/ST,D/ST,SF,DEN,2026-10-04T20:25:00.000000+0000,3.9290765356423116,3.6,5.9,NORMAL,false,,-2.7329674770435597,11.804632134835154
2026,4,2026-10-04T15:01:17.400186+0000,1d83a5d,dst,TB,-16027,TB D/ST,D/ST,TB,GB,2026-10-04T17:00:00.000000+0000,6.38233814637197,6.4,5.88,,false,,-0.26616363722838554,15.446637143050397
2026,4,2026-10-04T15:01:17.400186+0000,1d83a5d,dst,TEN,-16010,TEN D/ST,D/ST,TEN,BAL,2026-10-04T17:00:00.000000+0000,1.939323768357851,2.6,2.28,,false,,-3.5947217740886606,10.835830420812432
2026,5,2026-10-08T04:01:14.172151+0000,c536dff,offense,00-0023459,8439,Aaron Rodgers,QB,PIT,IND,2026-10-11T17:00:00.000000+0000,16.67454644109676,15.784,15.9,ACTIVE,false,,4.418351595889703,27.697319182119536
2026,5,2026-10-08T04:01:14.172151+0000,c536dff,offense,00-0026158,11252,Joe Flacco,QB,CIN,MIA,2026-10-11T17:00:00.000000+0000,2.752973500595666,4.200000000000001,0.0,ACTIVE,false,,-0.5125936263473039,11.12672497672511
2026,5,2026-10-08T04:01:14.172151+0000,c536dff,offense,00-0026498,12483,Matthew Stafford,QB,LA,BUF,2026-10-13T00:15:00.000000+0000,19.34265996893179,17.663999999999998,18.17,ACTIVE,false,,4.6283584592289015,31.6131155896306
2026,5,2026-10-08T04:01:14.172151+0000,c536dff,offense,00-0027973,14012,Andy Dalton,QB,PHI,JAX,2026-10-11T13:30:00.000000+0000,3.187549906867849,1.504,0.0,ACTIVE,false,,-0.4181531633717874,15.555515614734212
2026,5,2026-10-08T04:01:14.172151+0000,c536dff,offense,00-0028118,14163,Tyrod Taylor,QB,GB,CHI,2026-10-11T17:00:00.000000+0000,7.747274983344242,10.224,0.0,ACTIVE,false,,0.3236299439234564,20.762471985299683
2026,5,2026-10-08T04:01:14.172151+0000,c536dff,offense,00-0028986,15168,Case Keenum,QB,CHI,GB,2026-10-11T17:00:00.000000+0000,11.429516087841673,8.555000000000001,0.0,ACTIVE,false,,1.89086959472847,21.965752944797064
2026,5,2026-10-08T04:01:14.172151+0000,c536dff,offense,00-0029604,14880,Kirk Cousins,QB,LV,NE,2026-10-11T17:00:00.000000+0000,16.735854405067034,17.608,14.16,ACTIVE,false,,4.510824978538778,27.634606238316056
2026,5,2026-10-08T04:01:14.172151+0000,c536dff,offense,00-0029892,16002,Kyle Juszczyk,RB,SF,SEA,2026-10-11T20:25:00.000000+0000,2.5517771005656864,7.43013821296476,0.0,OUT,false,,-5.231756156429977e-7,9.622821093529172
2026,5,2026-10-08T04:01:14.172151+0000,c536dff,offense,00-0030279,15818,Keenan Allen,WR,IND,PIT,2026-10-11T17:00:00.000000+0000,10.241868512466581,8.46,10.0,QUESTIONABLE,false,,2.253429443779042,20.054308495056024
2026,5,2026-10-08T04:01:14.172151+0000,c536dff,offense,00-0030565,15864,Geno Smith,QB,NYJ,CLE,2026-10-11T17:00:00.000000+0000,13.86428732927616,13.363999999999999,14.74,ACTIVE,false,,3.2284979847518165,25.065291179813315
2026,5,2026-10-08T04:01:14.172151+0000,c536dff,offense,00-0031236,16731,Brandin Cooks,WR,SF,SEA,2026-10-11T20:25:00.000000+0000,3.0260740925366947,2.8200000000000003,2.68,ACTIVE,false,,-0.005611344277776355,9.571613789298734
2026,5,2026-10-08T04:01:14.172151+0000,c536dff,offense,00-0031381,16800,Davante Adams,WR,LA,BUF,2026-10-13T00:15:00.000000+0000,18.075643727947966,16.82,15.5,ACTIVE,false,,4.774205582458826,30.799627434049267
2026,5,2026-10-08T04:01:14.172151+0000,c536dff,offense,00-0031408,16737,Mike Evans,WR,SF,SEA,2026-10-11T20:25:00.000000+0000,10.51605253749297,11.14,12.78,QUESTIONABLE,false,,2.50615938642847,20.809993028268558
2026,5,2026-10-08T04:01:14.172151+0000,c536dff,offense,00-0031484,2531358,Chris Manhertz,TE,NYG,WAS,2026-10-11T17:00:00.000000+0000,1.285311160698827,0.0,0.0,QUESTIONABLE,false,,-2.903885428085815e-9,3.3419355731548213
2026,5,2026-10-08T04:01:14.172151+0000,c536dff,offense,00-0031503,2969939,Jameis Winston,QB,NYG,WAS,2026-10-11T17:00:00.000000+0000,12.295245553016771,11.780000000000001,13.34,ACTIVE,false,,1.901523070621414,23.978067998174527
2026,5,2026-10-08T04:01:14.172151+0000,c536dff,offense,00-0031588,2976212,Stefon Diggs,WR,WAS,NYG,2026-10-11T17:00:00.000000+0000,11.071047412448408,12.059999999999999,10.75,QUESTIONABLE,false,,2.934952820874449,20.575218889495712
2026,5,2026-10-08T04:01:14.172151+0000,c536dff,offense,00-0031595,2515270,Michael Burton,RB,CLE,NYJ,2026-10-11T17:00:00.000000+0000,2.543787875693631,7.43013821296476,0.47,ACTIVE,false,,-5.231756156429977e-7,9.500838430609834
2026,5,2026-10-08T04:01:14.172151+0000,c536dff,offense,00-0032104,2576336,Ameer Abdullah,RB,JAX,PHI,2026-10-11T13:30:00.000000+0000,2.6450794855820563,2.2399999999999998,1.27,ACTIVE,false,,0.000022083110018114504,7.575623367407727
2026,5,2026-10-08T04:01:14.172151+0000,c536dff,offense,00-0032268,2576980,Marcus Mariota,QB,WAS,NYG,2026-10-11T17:00:00.000000+0000,11.817940089174657,10.588,0.0,DOUBTFUL,false,,1.1801948563209583,22.112502349309988
2026,5,2026-10-08T04:01:14.172151+0000,c536dff,offense,00-0032392,3043275,Austin Hooper,TE,ATL,BAL,2026-10-12T00:20:00.000000+0000,3.299147375543842,3.2999999999999994,3.01,ACTIVE,false,,-0.0010351145327696949,7.937292643749623
2026,5,2026-10-08T04:01:14.172151+0000,c536dff,offense,00-0032398,2576581,Chris Moore,WR,BAL,ATL,2026-10-12T00:20:00.000000+0000,4.2073387662344235,3.56,3.57,QUESTIONABLE,false,,0.08117523184954521,11.243054868982231
2026,5,2026-10-08T04:01:14.172151+0000,c536dff,offense,00-0032464,2973405,Kalif Raymond,WR,CHI,GB,2026-10-11T17:00:00.000000+0000,9.602616433546578,11.44,7.94,ACTIVE,false,,1.504309472942386,19.480087285528178
2026,5,2026-10-08T04:01:14.172151+0000,c536dff,offense,00-0032764,3043078,Derrick Henry,RB,BAL,ATL,2026-10-12T00:20:00.000000+0000,15.91767153440017,20.68,16.77,ACTIVE,false,,4.855939211381345,28.671086501982266
2026,5,2026-10-08T04:01:14.172151+0000,c536dff,offense,00-0032950,2573079,Carson Wentz,QB,MIN,NO,2026-10-11T17:00:00.000000+0000,11.674120720389993,11.872,0.0,ACTIVE,false,,1.9899106748654303,24.180945818042662
2026,5,2026-10-08T04:01:14.172151+0000,c536dff,offense,00-0032951,3051889,Laquon Treadwell,WR,IND,PIT,2026-10-11T17:00:00.000000+0000,5.255858554389119,4.26,5.19,ACTIVE,false,,0.032720298318744956,12.803967508523552
2026,5,2026-10-08T04:01:14.172151+0000,c536dff,offense,00-0033077,2577417,Dak Prescott,QB,DAL,TB,2026-10-09T00:15:00.000000+0000,20.820140556232655,16.380000000000003,17.75,ACTIVE,false,,4.6833761707946175,31.79308175475863
2026,5,2026-10-08T04:01:14.172151+0000,c536dff,offense,00-0033090,3046439,Hunter Henry,TE,NE,LV,2026-10-11T17:00:00.000000+0000,7.632731254378412,7.179999999999998,7.73,ACTIVE,false,,0.7219045784478972,16.097079828746015
2026,5,2026-10-08T04:01:14.172151+0000,c536dff,offense,00-0033106,3046779,Jared Goff,QB,DET,ARI,2026-10-11T20:25:00.000000+0000,20.124917620313326,20.259999999999998,19.38,ACTIVE,false,,4.6833761707946175,32.68855841673039
2026,5,2026-10-08T04:01:14.172151+0000,c536dff,offense,00-0033110,2573401,Tyler Higbee,TE,LA,BUF,2026-10-13T00:15:00.000000+0000,8.510896121351843,10.64,3.41,ACTIVE,false,,1.2113860489605537,16.802598269665143
2026,5,2026-10-08T04:01:14.172151+0000,c536dff,offense,00-0033119,2578570,Jacoby Brissett,QB,ARI,DET,2026-10-11T20:25:00.000000+0000,17.722943849448033,14.927999999999997,18.83,ACTIVE,false,,4.68458111693517,29.85400581330765
2026,5,2026-10-08T04:01:14.172151+0000,c536dff,offense,00-0033217,2998565,Mo Alie-Cox,TE,IND,PIT,2026-10-11T17:00:00.000000+0000,1.6140739395069335,1.5600000000000005,0.52,ACTIVE,false,,-1.6497779589608112e-6,4.055130527123082
2026,5,2026-10-08T04:01:14.172151+0000,c536dff,offense,00-0033246,3052096,Johnny Mundt,TE,PHI,JAX,2026-10-11T13:30:00.000000+0000,2.553579078460962,1.3599999999999999,1.41,ACTIVE,false,,0.005031997062949751,5.8377440774454366
2026,5,2026-10-08T04:01:14.172151+0000,c536dff,offense,00-0033280,3117251,Christian McCaffrey,RB,SF,SEA,2026-10-11T20:25:00.000000+0000,16.974975073948833,17.140000000000004,18.72,ACTIVE,false,,4.749411533792927,29.484786595863717
2026,5,2026-10-08T04:01:14.172151+0000,c536dff,offense,00-0033288,3040151,George Kittle,TE,SF,SEA,2026-10-11T20:25:00.000000+0000,12.575717596780441,14.460000000000003,13.67,ACTIVE,false,,3.383364315326007,21.644595555958475
2026,5,2026-10-08T04:01:14.172151+0000,c536dff,offense,00-0033293,3042519,Aaron Jones,RB,MIN,NO,2026-10-11T17:00:00.000000+0000,13.358961359790712,13.360000000000003,17.81,ACTIVE,false,,3.92914338628205,24.13810352326181
2026,5,2026-10-08T04:01:14.172151+0000,c536dff,offense,00-0033307,3045523,Kendrick Bourne,WR,ARI,DET,2026-10-11T20:25:00.000000+0000,4.8829283387988065,4.5600000000000005,5.41,ACTIVE,false,,0.04824312634773822,11.531781746564631
2026,5,2026-10-08T04:01:14.172151+0000,c536dff,offense,00-0033376,2975417,Patrick Ricard,RB,NYG,WAS,2026-10-11T17:00:00.000000+0000,1.4294103050958684,0.5800000000000001,0.84,ACTIVE,false,,0.000014455607853404858,4.362372071583439
2026,5,2026-10-08T04:01:14.172151+0000,c536dff,offense,00-0033526,3116389,Samaje Perine,RB,CIN,MIA,2026-10-11T17:00:00.000000+0000,4.041064759805646,4.5,5.83,ACTIVE,false,,-0.01832974146402142,10.31018859959741
2026,5,2026-10-08T04:01:14.172151+0000,c536dff,offense,00-0033537,3122840,Deshaun Watson,QB,CLE,NYJ,2026-10-11T17:00:00.000000+0000,15.204872956571789,14.404,16.87,ACTIVE,false,,4.051425545448069,26.408569520175774
2026,5,2026-10-08T04:01:14.172151+0000,c536dff,offense,00-0033555,2991662,Mack Hollins,WR,NE,LV,2026-10-11T17:00:00.000000+0000,9.301979814822285,9.959999999999999,0.0,QUESTIONABLE,false,,1.2973349113906838,19.093819723954944
2026,5,2026-10-08T04:01:14.172151+0000,c536dff,offense,00-0033576,2975863,Eric Saubert,TE,SEA,SF,2026-10-11T20:25:00.000000+0000,1.7516103017830618,2.2600000000000002,1.52,ACTIVE,false,,0.000030912742995029886,4.603012786033438
2026,5,2026-10-08T04:01:14.172151+0000,c536dff,offense,00-0033662,2972515,Cooper Rush,QB,ATL,BAL,2026-10-12T00:20:00.000000+0000,6.0438306510171715,1.456,0.0,ACTIVE,false,,-0.41006010453974145,19.14656936895192
2026,5,2026-10-08T04:01:14.172151+0000,c536dff,offense,00-0033699,3068267,Austin Ekeler,RB,WAS,NYG,2026-10-11T17:00:00.000000+0000,5.792454416121245,5.540000000000001,3.8,ACTIVE,false,,0.3894405470380813,14.933877471780459
2026,5,2026-10-08T04:01:14.172151+0000,c536dff,offense,00-0033757,2975674,Robert Tonyan,TE,PIT,IND,2026-10-11T17:00:00.000000+0000,0.9247127272277114,0.24,0.0,ACTIVE,false,,-7.04504643932094e-7,0.6467127239312557
2026,5,2026-10-08T04:01:14.172151+0000,c536dff,offense,00-0033854,2983509,Dare Ogunbowale,RB,HOU,TEN,2026-10-11T17:00:00.000000+0000,1.9637718957745531,3.1399999999999997,0.0,ACTIVE,false,,-0.03645583035809498,6.330835387020296
2026,5,2026-10-08T04:01:14.172151+0000,c536dff,offense,00-0033858,3054212,Jonnu Smith,TE,GB,CHI,2026-10-11T17:00:00.000000+0000,3.000070021063472,2.98,2.84,ACTIVE,false,,-0.0006449768510512776,6.969054864292041
2026,5,2026-10-08T04:01:14.172151+0000,c536dff,offense,00-0033869,3039707,Mitchell Trubisky,QB,TEN,HOU,2026-10-11T17:00:00.000000+0000,6.003743109707509,8.072,0.0,ACTIVE,false,,-0.019468697883835796,18.409472179290706
2026,5,2026-10-08T04:01:14.172151+0000,c536dff,offense,00-0033881,3051876,Evan Engram,TE,DEN,LAC,2026-10-11T20:05:00.000000+0000,5.041982569422526,5.220000000000001,5.03,ACTIVE,false,,0.08264599966327484,10.625956568709547
2026,5,2026-10-08T04:01:14.172151+0000,c536dff,offense,00-0033906,3054850,Alvin Kamara,RB,NO,MIN,2026-10-11T17:00:00.000000+0000,10.325269012594056,10.620000000000001,11.17,QUESTIONABLE,false,,2.429281576145206,19.33776837403414
2026,5,2026-10-08T04:01:14.172151+0000,c536dff,offense,00-0033908,2977187,Cooper Kupp,WR,SEA,SF,2026-10-11T20:25:00.000000+0000,5.6009505417417165,6.26,5.95,ACTIVE,false,,0.2828174015601995,13.397776031624007
2026,5,2026-10-08T04:01:14.172151+0000,c536dff,offense,00-0033921,3116165,Chris Godwin Jr.,WR,TB,DAL,2026-10-09T00:15:00.000000+0000,7.963852470045706,6.7,6.81,ACTIVE,false,,0.6045217193182312,17.60097030505849
2026,5,2026-10-08T04:01:14.172151+0000,c536dff,offense,00-0033949,3044720,Joshua Dobbs,QB,DET,ARI,2026-10-11T20:25:00.000000+0000,2.9026761828632215,4.968,0.0,ACTIVE,false,,-0.45295203119756206,11.241842328378063
2026,5,2026-10-08T04:01:14.172151+0000,c536dff,offense,00-0034270,3915486,Tyler Conklin,TE,DET,ARI,2026-10-11T20:25:00.000000+0000,0.8211078944142642,0.76,0.0,ACTIVE,false,,3.459052878394146e-8,1.8096269130203035
2026,5,2026-10-08T04:01:14.172151+0000,c536dff,offense,00-0034272,3051738,Marquez Valdes-Scantling,WR,LAC,DEN,2026-10-11T20:05:00.000000+0000,3.9345478353764562,3.02,0.96,ACTIVE,false,,0.2740656995591254,10.798027043886037
2026,5,2026-10-08T04:01:14.172151+0000,c536dff,offense,00-0034348,3128429,Courtland Sutton,WR,DEN,LAC,2026-10-11T20:05:00.000000+0000,9.69097948785117,3.8200000000000003,10.24,ACTIVE,false,,1.5163297258478543,18.666753469476
2026,5,2026-10-08T04:01:14.172151+0000,c536dff,offense,00-0034351,3121023,Dallas Goedert,TE,PHI,JAX,2026-10-11T13:30:00.000000+0000,8.69632996540772,14.420000000000002,10.85,QUESTIONABLE,false,,1.140197175456612,17.31119115855145
2026,5,2026-10-08T04:01:14.172151+0000,c536dff,offense,00-0034365,4045305,Ian Thomas,TE,LV,NE,2026-10-11T17:00:00.000000+0000,2.111637293843433,2.6599999999999997,1.13,ACTIVE,false,,0.000027190829506712256,5.513812633825803
2026,5,2026-10-08T04:01:14.172151+0000,c536dff,offense,00-0034383,3117256,Dalton Schultz,TE,HOU,TEN,2026-10-11T17:00:00.000000+0000,9.89808855962885,10.74,8.06,ACTIVE,false,,1.8393611788214856,17.28540707621632
2026,5,2026-10-08T04:01:14.172151+0000,c536dff,offense,00-0034419,3123075,Braxton Berrios,WR,NYG,WAS,2026-10-11T17:00:00.000000+0000,1.0525699999616325,0.0,0.0,INJURY_RESERVE,false,,-1.7669660002664087e-9,3.9880651412036388
2026,5,2026-10-08T04:01:14.172151+0000,c536dff,offense,00-0034577,3115293,Kyle Allen,QB,BUF,LA,2026-10-13T00:15:00.000000+0000,1.8376244043983385,0.05199999999999998,0.0,ACTIVE,false,,-0.2733140948614634,7.497790488976715
2026,5,2026-10-08T04:01:14.172151+0000,c536dff,offense,00-0034613,3050481,Tanner Hudson,TE,CIN,MIA,2026-10-11T17:00:00.000000+0000,2.20908158154535,2.2,2.5,ACTIVE,false,,0.00003867565591746242,5.803524822697402
2026,5,2026-10-08T04:01:14.172151+0000,c536dff,offense,00-0034753,3116365,Mark Andrews,TE,BAL,ATL,2026-10-12T00:20:00.000000+0000,9.418348061822115,8.459999999999999,9.53,ACTIVE,false,,1.9100400818080108,18.387334610142485
2026,5,2026-10-08T04:01:14.172151+0000,c536dff,offense,00-0034771,3116407,Mason Rudolph,QB,PIT,IND,2026-10-11T17:00:00.000000+0000,3.0651335741962447,2.964,0.0,ACTIVE,false,,-0.4246430871818588,15.600974563559973
2026,5,2026-10-08T04:01:14.172151+0000,c536dff,offense,00-0034796,3916387,Lamar Jackson,QB,BAL,ATL,2026-10-12T00:20:00.000000+0000,16.423041261205586,19.900000000000002,0.0,QUESTIONABLE,false,,4.628862508252905,29.11157107334969
2026,5,2026-10-08T04:01:14.172151+0000,c536dff,offense,00-0034798,3052897,Durham Smythe,TE,BAL,ATL,2026-10-12T00:20:00.000000+0000,1.419476262576767,0.2800000000000001,0.0,INJURY_RESERVE,false,,-0.0015740732168943508,3.543276507259998
2026,5,2026-10-08T04:01:14.172151+0000,c536dff,offense,00-0034827,3915416,DJ Moore,WR,BUF,LA,2026-10-13T00:15:00.000000+0000,8.680879206277199,7.68,12.6,QUESTIONABLE,false,,1.337950951911264,17.649149408689738
2026,5,2026-10-08T04:01:14.172151+0000,c536dff,offense,00-0034829,3116164,Mike Gesicki,TE,CIN,MIA,2026-10-11T17:00:00.000000+0000,6.955035216261688,9.560000000000002,6.6,ACTIVE,false,,1.234755861998967,14.329964011347325
2026,5,2026-10-08T04:01:14.172151+0000,c536dff,offense,00-0034837,3925357,Calvin Ridley,WR,TEN,HOU,2026-10-11T17:00:00.000000+0000,2.919404432129692,2.02,2.77,ACTIVE,false,,-0.000714125387699725,8.586543135762245
2026,5,2026-10-08T04:01:14.172151+0000,c536dff,offense,00-0034844,3929630,Saquon Barkley,RB,PHI,JAX,2026-10-11T13:30:00.000000+0000,8.195688334629848,5.96,0.0,QUESTIONABLE,false,,1.0552764750906674,16.211788483689183
2026,5,2026-10-08T04:01:14.172151+0000,c536dff,offense,00-0034855,3052587,Baker Mayfield,QB,TB,DAL,2026-10-09T00:15:00.000000+0000,15.62311210155449,13.152000000000001,0.0,OUT,false,,4.122079805549285,28.602171949790637
2026,5,2026-10-08T04:01:14.172151+0000,c536dff,offense,00-0034857,3918298,Josh Allen,QB,BUF,LA,2026-10-13T00:15:00.000000+0000,20.001598801242142,22.491999999999997,19.9,ACTIVE,true,QB,4.6833761707946175,32.68485649922863
2026,5,2026-10-08T04:01:14.172151+0000,c536dff,offense,00-0034869,3912547,Sam Darnold,QB,SEA,SF,2026-10-11T20:25:00.000000+0000,13.873454118873125,11.28,15.54,ACTIVE,false,,2.753963241968466,24.411306417718205
2026,5,2026-10-08T04:01:14.172151+0000,c536dff,offense,00-0034959,3125107,Andrew Beck,RB,NYJ,CLE,2026-10-11T17:00:00.000000+0000,2.5630202767862156,7.43013821296476,0.0,ACTIVE,false,,-5.231756156429977e-7,9.148468501097906
2026,5,2026-10-08T04:01:14.172151+0000,c536dff,offense,00-0034960,3916433,Jakobi Meyers,WR,JAX,PHI,2026-10-11T13:30:00.000000+0000,9.58051094206707,10.219999999999999,10.7,ACTIVE,false,,0.9833211060644935,19.20155826196873
2026,5,2026-10-08T04:01:14.172151+0000,c536dff,offense,00-0034975,4038441,Justice Hill,RB,BAL,ATL,2026-10-12T00:20:00.000000+0000,4.2218377896204515,3.0800000000000014,3.84,ACTIVE,false,,-0.000028143759085434177,10.327199066710275
2026,5,2026-10-08T04:01:14.172151+0000,c536dff,offense,00-0034981,3843945,Foster Moreau,TE,HOU,TEN,2026-10-11T17:00:00.000000+0000,4.051300679711289,4.04,2.89,ACTIVE,false,,0.05481224445770682,9.200236297979329
2026,5,2026-10-08T04:01:14.172151+0000,c536dff,offense,00-0035021,4061956,Ashton Dulin,WR,IND,PIT,2026-10-11T17:00:00.000000+0000,3.2389560281954237,2.3400000000000003,2.76,QUESTIONABLE,false,,-0.004174073586589917,9.970696829389896
2026,5,2026-10-08T04:01:14.172151+0000,c536dff,offense,00-0035125,3917668,Alec Ingold,RB,LAC,DEN,2026-10-11T20:05:00.000000+0000,2.575352385838083,7.43013821296476,1.27,QUESTIONABLE,false,,-5.231756156429977e-7,9.661507490350447
2026,5,2026-10-08T04:01:14.172151+0000,c536dff,offense,00-0035208,3917914,Olamide Zaccheaus,WR,ATL,BAL,2026-10-12T00:20:00.000000+0000,2.5015716720030934,1.1400000000000001,3.18,ACTIVE,false,,0.00011307903629112301,8.35495670661544
2026,5,2026-10-08T04:01:14.172151+0000,c536dff,offense,00-0035228,3917315,Kyler Murray,QB,MIN,NO,2026-10-11T17:00:00.000000+0000,12.052126190394537,10.584,17.86,ACTIVE,false,,1.2625804537854812,23.122937055756363
2026,5,2026-10-08T04:01:14.172151+0000,c536dff,offense,00-0035229,4036133,T.J. Hockenson,TE,MIN,NO,2026-10-11T17:00:00.000000+0000,10.636317713210797,9.74,10.35,ACTIVE,false,,2.066261213940627,19.33888332591163
2026,5,2026-10-08T04:01:14.172151+0000,c536dff,offense,00-0035250,4040761,Devin Singletary,RB,NYG,WAS,2026-10-11T17:00:00.000000+0000,7.084648809676042,9.58,0.0,ACTIVE,false,,0.699832613149676,17.558494601762156
2026,5,2026-10-08T04:01:14.172151+0000,c536dff,offense,00-0035261,3916148,Tony Pollard,RB,TEN,HOU,2026-10-11T17:00:00.000000+0000,11.023719510486993,9.6,13.0,QUESTIONABLE,false,,3.1728383955797974,20.696867182018124
2026,5,2026-10-08T04:01:14.172151+0000,c536dff,offense,00-0035264,3892775,Jarrett Stidham,QB,DEN,LAC,2026-10-11T20:05:00.000000+0000,2.3198590459446593,2.696,0.0,ACTIVE,false,,-0.3210087070739252,9.010467681054873
2026,5,2026-10-08T04:01:14.172151+0000,c536dff,offense,00-0035289,4038524,Gardner Minshew,QB,ARI,DET,2026-10-11T20:25:00.000000+0000,2.5205510030320526,2.2760000000000002,0.0,ACTIVE,false,,-0.3532148473704005,11.117851665286047
2026,5,2026-10-08T04:01:14.172151+0000,c536dff,offense,00-0035500,4037235,Greg Dortch,WR,BUF,LA,2026-10-13T00:15:00.000000+0000,1.2159236923761678,0.68,0.11,ACTIVE,false,,-6.680633341306137e-7,4.7784249043611045
2026,5,2026-10-08T04:01:14.172151+0000,c536dff,offense,00-0035535,3916945,Darius Slayton,WR,IND,PIT,2026-10-11T17:00:00.000000+0000,6.974164341944353,8.040000000000001,0.0,ACTIVE,false,,0.40126497206198386,16.15630865096998
2026,5,2026-10-08T04:01:14.172151+0000,c536dff,offense,00-0035537,3915411,Ty Johnson,RB,BUF,LA,2026-10-13T00:15:00.000000+0000,7.9828966825220675,9.440000000000001,4.36,ACTIVE,false,,0.7277373830952513,17.921293196775824
2026,5,2026-10-08T04:01:14.172151+0000,c536dff,offense,00-0035544,3126997,Tom Kennedy,WR,DET,ARI,2026-10-11T20:25:00.000000+0000,0.8867536662155571,0.0,0.1,ACTIVE,false,,-1.476299096657541e-12,2.2094753463029484
2026,5,2026-10-08T04:01:14.172151+0000,c536dff,offense,00-0035594,4037457,Travis Homer,RB,PIT,IND,2026-10-11T17:00:00.000000+0000,1.3982113232392037,0.3,0.0,ACTIVE,false,,-0.006407871503249219,3.188374874035767
2026,5,2026-10-08T04:01:14.172151+0000,c536dff,offense,00-0035602,3919510,Alex Bachman,WR,LA,BUF,2026-10-13T00:15:00.000000+0000,0.9383954668623478,0.26,0.14,ACTIVE,false,,-6.948507497936424e-7,2.1701058958701642
2026,5,2026-10-08T04:01:14.172151+0000,c536dff,offense,00-0035631,3127310,Drew Sample,TE,CIN,MIA,2026-10-11T17:00:00.000000+0000,2.1581823536715405,2.1200000000000006,1.87,ACTIVE,false,,0.0000172088394633955,6.575870911695133
2026,5,2026-10-08T04:01:14.172151+0000,c536dff,offense,00-0035640,4047650,DK Metcalf,WR,PIT,IND,2026-10-11T17:00:00.000000+0000,12.876278740943103,10.3,12.01,ACTIVE,false,,2.9609703487730803,23.06322398734951
2026,5,2026-10-08T04:01:14.172151+0000,c536dff,offense,00-0035644,4036131,Noah Fant,TE,NO,MIN,2026-10-11T17:00:00.000000+0000,6.439337903421241,6.42,4.37,QUESTIONABLE,false,,0.7153704679961711,14.01175141654082
2026,5,2026-10-08T04:01:14.172151+0000,c536dff,offense,00-0035659,3121422,Terry McLaurin,WR,WAS,NYG,2026-10-11T17:00:00.000000+0000,11.637833483746006,10.219999999999999,13.17,QUESTIONABLE,false,,2.6995707815205967,21.853898892154955
2026,5,2026-10-08T04:01:14.172151+0000,c536dff,offense,00-0035662,4241372,Marquise Brown,WR,PHI,JAX,2026-10-11T13:30:00.000000+0000,3.2533426770208855,4.4,1.89,QUESTIONABLE,false,,-0.02505921306256366,11.312939387393415
2026,5,2026-10-08T04:01:14.172151+0000,c536dff,offense,00-0035685,4035538,David Montgomery,RB,HOU,TEN,2026-10-11T17:00:00.000000+0000,9.194128338794126,10.179999999999998,11.87,ACTIVE,false,,1.6114624504619455,18.531619895898903
2026,5,2026-10-08T04:01:14.172151+0000,c536dff,offense,00-0035689,3930086,Dawson Knox,TE,BUF,LA,2026-10-13T00:15:00.000000+0000,4.915459612643424,5.08,2.65,ACTIVE,false,,0.038433000649431906,10.396619940821175
2026,5,2026-10-08T04:01:14.172151+0000,c536dff,offense,00-0035704,3924327,Drew Lock,QB,SEA,SF,2026-10-11T20:25:00.000000+0000,8.314678985540192,6.756,0.0,ACTIVE,false,,1.8082151797811548,21.95700767003877
2026,5,2026-10-08T04:01:14.172151+0000,c536dff,offense,00-0035710,3917792,Daniel Jones,QB,IND,PIT,2026-10-11T17:00:00.000000+0000,12.936728982437476,7.412000000000001,12.79,ACTIVE,false,,2.975503984172874,24.764051513282133
2026,5,2026-10-08T04:01:14.172151+0000,c536dff,offense,00-0035719,3126486,Deebo Samuel Sr.,WR,SF,SEA,2026-10-11T20:25:00.000000+0000,11.33426079813597,12.4,11.09,ACTIVE,true,RB/WR/TE,2.4681607405271326,21.28652871688645
2026,5,2026-10-08T04:01:14.172151+0000,c536dff,offense,00-0035891,4241983,Cody White,WR,LV,NE,2026-10-11T17:00:00.000000+0000,5.264517584853469,6.279999999999999,3.86,QUESTIONABLE,false,,0.4902139616554959,11.741520976719839
2026,5,2026-10-08T04:01:14.172151+0000,c536dff,offense,00-0035993,4035671,Tyler Huntley,QB,BAL,ATL,2026-10-12T00:20:00.000000+0000,8.80722882516537,7.5280000000000005,14.05,ACTIVE,false,,0.11250299415122703,21.376097666202526
2026,5,2026-10-08T04:01:14.172151+0000,c536dff,offense,00-0036040,3929645,Juwan Johnson,TE,NO,MIN,2026-10-11T17:00:00.000000+0000,11.71512661620484,13.459999999999999,10.07,ACTIVE,false,,3.062736403321405,20.672171621432984
2026,5,2026-10-08T04:01:14.172151+0000,c536dff,offense,00-0036139,4038815,Rico Dowdle,RB,PIT,IND,2026-10-11T17:00:00.000000+0000,7.52335004469104,6.220000000000001,7.94,QUESTIONABLE,false,,0.9851762577898592,17.484997771729514
2026,5,2026-10-08T04:01:14.172151+0000,c536dff,offense,00-0036158,4241985,J.K. Dobbins,RB,DEN,LAC,2026-10-11T20:05:00.000000+0000,8.572368300874345,6.0200000000000005,10.61,ACTIVE,false,,1.6990961773866184,17.46371554018795
2026,5,2026-10-08T04:01:14.172151+0000,c536dff,offense,00-0036187,4039505,Reggie Gilliam,RB,NE,LV,2026-10-11T17:00:00.000000+0000,1.9687770111821292,1.0,0.44,QUESTIONABLE,false,,-0.015170645547751311,5.521294277692259
2026,5,2026-10-08T04:01:14.172151+0000,c536dff,offense,00-0036212,4241479,Tua Tagovailoa,QB,ATL,BAL,2026-10-12T00:20:00.000000+0000,8.863648470085536,9.528,0.0,ACTIVE,false,,0.3145482666397789,22.11280731243387
2026,5,2026-10-08T04:01:14.172151+0000,c536dff,offense,00-0036223,4242335,Jonathan Taylor,RB,IND,PIT,2026-10-11T17:00:00.000000+0000,17.78913350130083,18.42,18.95,ACTIVE,true,RB,4.801425549300073,30.394113012925715
2026,5,2026-10-08T04:01:14.172151+0000,c536dff,offense,00-0036244,4242557,Colby Parkinson,TE,LA,BUF,2026-10-13T00:15:00.000000+0000,6.692852798867633,7.200000000000001,7.82,QUESTIONABLE,false,,0.39651638495027985,13.003662783217852
2026,5,2026-10-08T04:01:14.172151+0000,c536dff,offense,00-0036252,4035687,Michael Pittman,WR,PIT,IND,2026-10-11T17:00:00.000000+0000,7.436944046986238,4.5200000000000005,8.44,QUESTIONABLE,false,,0.5346780479619222,15.726147843883746
2026,5,2026-10-08T04:01:14.172151+0000,c536dff,offense,00-0036259,3886598,Jauan Jennings,WR,MIN,NO,2026-10-11T17:00:00.000000+0000,4.324335656671684,4.52,2.42,ACTIVE,false,,0.02717445333471415,10.823112688554417
2026,5,2026-10-08T04:01:14.172151+0000,c536dff,offense,00-0036264,4036378,Jordan Love,QB,GB,CHI,2026-10-11T17:00:00.000000+0000,16.223924809015216,13.724,15.28,ACTIVE,false,,4.628862508713346,27.825808051443545
2026,5,2026-10-08T04:01:14.172151+0000,c536dff,offense,00-0036275,4259545,D'Andre Swift,RB,CHI,GB,2026-10-11T17:00:00.000000+0000,15.153253257149856,13.860000000000003,14.12,QUESTIONABLE,false,,4.636702942273576,25.520327801633165
2026,5,2026-10-08T04:01:14.172151+0000,c536dff,offense,00-0036290,4258595,Cole Kmet,TE,CHI,GB,2026-10-11T17:00:00.000000+0000,3.9323350949144147,4.08,2.6,ACTIVE,false,,0.004279354639585017,9.28752514550399
2026,5,2026-10-08T04:01:14.172151+0000,c536dff,offense,00-0036309,4040655,Darnell Mooney,WR,NYG,WAS,2026-10-11T17:00:00.000000+0000,4.8843464351959165,4.28,5.42,ACTIVE,false,,0.29504740901086646,12.270356645685652
2026,5,2026-10-08T04:01:14.172151+0000,c536dff,offense,00-0036322,4262921,Justin Jefferson,WR,MIN,NO,2026-10-11T17:00:00.000000+0000,11.952465687983578,14.059999999999999,18.49,QUESTIONABLE,false,,2.974157979140174,22.932728379732335
2026,5,2026-10-08T04:01:14.172151+0000,c536dff,offense,00-0036331,4039050,Devin Duvernay,WR,ARI,DET,2026-10-11T20:25:00.000000+0000,0.9632132786933922,-1.7763568394002506e-16,0.09,ACTIVE,false,,-1.681142018522366e-14,2.0617452922181054
2026,5,2026-10-08T04:01:14.172151+0000,c536dff,offense,00-0036355,4038941,Justin Herbert,QB,LAC,DEN,2026-10-11T20:05:00.000000+0000,15.512384325101015,11.716000000000001,13.93,ACTIVE,false,,3.8933497780844486,27.550095641341706
2026,5,2026-10-08T04:01:14.172151+0000,c536dff,offense,00-0036358,4241389,CeeDee Lamb,WR,DAL,TB,2026-10-09T00:15:00.000000+0000,21.14175855886633,22.720000000000002,19.15,ACTIVE,true,WR,4.749411533792927,31.951971826010627
2026,5,2026-10-08T04:01:14.172151+0000,c536dff,offense,00-0036389,4040715,Jalen Hurts,QB,PHI,JAX,2026-10-11T13:30:00.000000+0000,15.965068899483295,15.184000000000003,16.1,ACTIVE,false,,4.628862508713346,27.585739318912644
2026,5,2026-10-08T04:01:14.172151+0000,c536dff,offense,00-0036407,4241463,Jerry Jeudy,WR,CLE,NYJ,2026-10-11T17:00:00.000000+0000,3.337312838997828,3.079999999999999,4.66,ACTIVE,false,,-0.01461473318774864,9.509330689407044
2026,5,2026-10-08T04:01:14.172151+0000,c536dff,offense,00-0036410,4239993,Tee Higgins,WR,CIN,MIA,2026-10-11T17:00:00.000000+0000,15.15486614509395,17.96,14.24,QUESTIONABLE,false,,4.672444945677341,27.095015023661343
2026,5,2026-10-08T04:01:14.172151+0000,c536dff,offense,00-0036422,3911853,Adam Trautman,TE,DEN,LAC,2026-10-11T20:05:00.000000+0000,1.7932467132443057,0.5999999999999993,2.13,QUESTIONABLE,false,,-2.5477950872938925e-6,5.27968627673091
2026,5,2026-10-08T04:01:14.172151+0000,c536dff,offense,00-0036425,4240631,DeeJay Dallas,RB,MIN,NO,2026-10-11T17:00:00.000000+0000,1.8060875283402982,1.2600000000000002,2.32,ACTIVE,false,,0.0006778044056447724,5.623040913601937
2026,5,2026-10-08T04:01:14.172151+0000,c536dff,offense,00-0036429,4035020,Charlie Woerner,TE,ATL,BAL,2026-10-12T00:20:00.000000+0000,1.6811047827591308,0.0,0.88,ACTIVE,false,,-2.02384293843268e-6,4.177431646354958
2026,5,2026-10-08T04:01:14.172151+0000,c536dff,offense,00-0036442,3915511,Joe Burrow,QB,CIN,MIA,2026-10-11T17:00:00.000000+0000,17.34384413983334,19.556,20.06,ACTIVE,false,,4.6833761707946175,28.25599816522091
2026,5,2026-10-08T04:01:14.172151+0000,c536dff,offense,00-0036463,4369886,Chris Blair,WR,ATL,BAL,2026-10-12T00:20:00.000000+0000,1.614862172478588,0.72,,,false,,-0.007091167875664731,6.135313021134459
2026,5,2026-10-08T04:01:14.172151+0000,c536dff,offense,00-0036550,4360939,Rashod Bateman,WR,BAL,ATL,2026-10-12T00:20:00.000000+0000,8.052396600607343,7.159999999999999,5.68,QUESTIONABLE,false,,1.0635331548060951,16.93841908471955
2026,5,2026-10-08T04:01:14.172151+0000,c536dff,offense,00-0036554,4258173,Nico Collins,WR,HOU,TEN,2026-10-11T17:00:00.000000+0000,15.900899071476061,18.82,16.45,ACTIVE,false,,4.420873443943134,26.210530346827273
2026,5,2026-10-08T04:01:14.172151+0000,c536dff,offense,00-0036556,4362504,Brevin Jordan,TE,HOU,TEN,2026-10-11T17:00:00.000000+0000,2.315406220860576,2.9800000000000004,0.53,ACTIVE,false,,8.529817123865498e-6,5.150157029596192
2026,5,2026-10-08T04:01:14.172151+0000,c536dff,offense,00-0036590,4244049,Quintin Morris,TE,JAX,PHI,2026-10-11T13:30:00.000000+0000,1.1765419684797067,1.8399999999999999,0.0,ACTIVE,false,,-1.7588561305061538e-6,2.1777386199530326
2026,5,2026-10-08T04:01:14.172151+0000,c536dff,offense,00-0036613,4372016,Jaylen Waddle,WR,DEN,LAC,2026-10-11T20:05:00.000000+0000,11.726898753759938,8.92,11.33,ACTIVE,false,,2.4295936385910326,21.383560273082587
2026,5,2026-10-08T04:01:14.172151+0000,c536dff,offense,00-0036626,4361577,Dyami Brown,WR,WAS,NYG,2026-10-11T17:00:00.000000+0000,5.745587037937127,3.08,2.21,ACTIVE,false,,0.06197367651314929,13.71131382883073
2026,5,2026-10-08T04:01:14.172151+0000,c536dff,offense,00-0036628,4048228,John Bates,TE,WAS,NYG,2026-10-11T17:00:00.000000+0000,2.3410511019508236,2.9000000000000004,1.03,ACTIVE,false,,0.00001450725353039807,5.761000458502602
2026,5,2026-10-08T04:01:14.172151+0000,c536dff,offense,00-0036630,4241424,Tylan Wallace,WR,CLE,NYJ,2026-10-11T17:00:00.000000+0000,0.875441766213402,0.0,,,false,,-1.476299096657541e-12,3.829157908728755
2026,5,2026-10-08T04:01:14.172151+0000,c536dff,offense,00-0036646,4360739,Simi Fehoko,WR,ARI,DET,2026-10-11T20:25:00.000000+0000,0.9505651629521197,0.0,,,false,,-1.6825880623370809e-12,2.144619666031065
2026,5,2026-10-08T04:01:14.172151+0000,c536dff,offense,00-0036727,3929914,Adam Prentice,RB,DEN,LAC,2026-10-11T20:05:00.000000+0000,2.5517771005656864,7.43013821296476,0.46,ACTIVE,false,,-5.231756156429977e-7,9.653472340747607
2026,5,2026-10-08T04:01:14.172151+0000,c536dff,offense,00-0036754,4242392,Brock Wright,TE,DET,ARI,2026-10-11T20:25:00.000000+0000,2.6869362099147738,2.38,1.86,ACTIVE,false,,0.00005482746099194992,8.39609693879752
2026,5,2026-10-08T04:01:14.172151+0000,c536dff,offense,00-0036842,4035537,Kene Nwangwu,RB,NYJ,CLE,2026-10-11T17:00:00.000000+0000,2.2277944464039234,0.9800000000000001,0.17,ACTIVE,false,,-0.020763889799208474,5.335040662384721
2026,5,2026-10-08T04:01:14.172151+0000,c536dff,offense,00-0036849,4360797,Tutu Atwell,WR,LA,BUF,2026-10-13T00:15:00.000000+0000,3.0878532150447224,1.52,0.56,ACTIVE,false,,-0.0033297848568815264,8.492185644038454
2026,5,2026-10-08T04:01:14.172151+0000,c536dff,offense,00-0036862,4035656,Ben Skowronek,WR,PIT,IND,2026-10-11T17:00:00.000000+0000,2.2337239522998495,2.44,1.6,ACTIVE,false,,0.00004534962585235649,5.994918054008239
2026,5,2026-10-08T04:01:14.172151+0000,c536dff,offense,00-0036875,4569173,Rhamondre Stevenson,RB,NE,LV,2026-10-11T17:00:00.000000+0000,11.329813994418108,15.719999999999999,13.27,QUESTIONABLE,false,,2.121954728034626,21.841723384609576
2026,5,2026-10-08T04:01:14.172151+0000,c536dff,offense,00-0036876,4039160,Kylen Granson,TE,TEN,HOU,2026-10-11T17:00:00.000000+0000,1.4725241932917565,1.4,0.0,ACTIVE,false,,-0.0035095476399798044,3.6884393760018765
2026,5,2026-10-08T04:01:14.172151+0000,c536dff,offense,00-0036879,4241820,Sam Ehlinger,QB,DEN,LAC,2026-10-11T20:05:00.000000+0000,1.7697508128648283,0.0,0.0,ACTIVE,false,,-0.17963859572100566,7.718972103482157
2026,5,2026-10-08T04:01:14.172151+0000,c536dff,offense,00-0036887,4040612,Luke Farrell,TE,SF,SEA,2026-10-11T20:25:00.000000+0000,1.6611963253035444,0.78,2.05,ACTIVE,false,,-2.774645125538654e-6,4.727167866908796
2026,5,2026-10-08T04:01:14.172151+0000,c536dff,offense,00-0036893,4241457,Najee Harris,RB,NYG,WAS,2026-10-11T17:00:00.000000+0000,4.286754657788141,3.6800000000000006,5.28,ACTIVE,false,,-0.01901257984460322,11.038804422944152
2026,5,2026-10-08T04:01:14.172151+0000,c536dff,offense,00-0036894,4361411,Pat Freiermuth,TE,PIT,IND,2026-10-11T17:00:00.000000+0000,9.41380227823896,9.379999999999999,8.46,ACTIVE,false,,1.2350146930309482,17.550300784785005
2026,5,2026-10-08T04:01:14.172151+0000,c536dff,offense,00-0036898,4242546,Davis Mills,QB,HOU,TEN,2026-10-11T17:00:00.000000+0000,9.517617990212743,13.475999999999999,0.0,ACTIVE,false,,1.4148416054778032,22.285850361843895
2026,5,2026-10-08T04:01:14.172151+0000,c536dff,offense,00-0036900,4362628,Ja'Marr Chase,WR,CIN,MIA,2026-10-11T17:00:00.000000+0000,15.11360585538002,16.76,21.82,QUESTIONABLE,false,,4.021354217254178,26.122761729463626
2026,5,2026-10-08T04:01:14.172151+0000,c536dff,offense,00-0036912,4241478,DeVonta Smith,WR,PHI,JAX,2026-10-11T13:30:00.000000+0000,13.511309373781236,12.24,0.0,QUESTIONABLE,true,IR,3.9703262505428008,24.736812509249617
2026,5,2026-10-08T04:01:14.172151+0000,c536dff,offense,00-0036919,4371733,Kenny Gainwell,RB,TB,DAL,2026-10-09T00:15:00.000000+0000,8.662754776885714,8.479999999999999,7.3,ACTIVE,false,,0.6670412968293696,18.01842945344682
2026,5,2026-10-08T04:01:14.172151+0000,c536dff,offense,00-0036924,4240657,Michael Carter,RB,TEN,HOU,2026-10-11T17:00:00.000000+0000,6.369962581255198,7.640000000000001,0.0,ACTIVE,false,,0.36610243578742807,14.75053645094702
2026,5,2026-10-08T04:01:14.172151+0000,c536dff,offense,00-0036963,4374302,Amon-Ra St. Brown,WR,DET,ARI,2026-10-11T20:25:00.000000+0000,20.0683509216515,23.240000000000002,19.99,ACTIVE,false,,4.774205582458826,33.581818866142605
2026,5,2026-10-08T04:01:14.172151+0000,c536dff,offense,00-0036970,4360248,Kyle Pitts,TE,ATL,BAL,2026-10-12T00:20:00.000000+0000,4.59823624321354,4.700000000000001,7.11,ACTIVE,false,,0.008053850512654944,10.238273854178338
2026,5,2026-10-08T04:01:14.172151+0000,c536dff,offense,00-0036971,4360310,Trevor Lawrence,QB,JAX,PHI,2026-10-11T13:30:00.000000+0000,16.95212425587603,17.684,19.02,ACTIVE,false,,4.420060892470335,28.547590750813864
2026,5,2026-10-08T04:01:14.172151+0000,c536dff,offense,00-0036972,4241464,Mac Jones,QB,SF,SEA,2026-10-11T20:25:00.000000+0000,2.0952164423858086,4.491999999999999,0.0,ACTIVE,false,,-0.285891020161086,9.617027835205437
2026,5,2026-10-08T04:01:14.172151+0000,c536dff,offense,00-0036980,4372414,Elijah Moore,WR,PHI,JAX,2026-10-11T13:30:00.000000+0000,1.2913283304895984,1.4600000000000013,0.0,ACTIVE,false,,-3.5426377213035026e-6,5.292558281655299
2026,5,2026-10-08T04:01:14.172151+0000,c536dff,offense,00-0036988,4242433,Josh Palmer,WR,BUF,LA,2026-10-13T00:15:00.000000+0000,5.092200651785353,4.819999999999999,2.48,ACTIVE,false,,0.10787058575521208,11.937085416831051
2026,5,2026-10-08T04:01:14.172151+0000,c536dff,offense,00-0036997,4361579,Javonte Williams,RB,DAL,TB,2026-10-09T00:15:00.000000+0000,21.700962471017117,18.64,17.5,ACTIVE,false,,4.855939211381345,31.949185635383813
2026,5,2026-10-08T04:01:14.172151+0000,c536dff,offense,00-0037012,4383351,Trey Lance,QB,LAC,DEN,2026-10-11T20:05:00.000000+0000,5.760546025639558,5.180000000000001,0.0,QUESTIONABLE,false,,-0.14750164391585552,17.46993655004533
2026,5,2026-10-08T04:01:14.172151+0000,c536dff,offense,00-0037013,4361259,Zach Wilson,QB,NO,MIN,2026-10-11T17:00:00.000000+0000,1.6203179419670077,0.08399999999999931,0.0,ACTIVE,false,,-0.27475235370331197,7.734988814347543
2026,5,2026-10-08T04:01:14.172151+0000,c536dff,offense,00-0037077,4426875,Sam Howell,QB,DAL,TB,2026-10-09T00:15:00.000000+0000,4.171411947667017,2.2960000000000003,0.0,ACTIVE,false,,-0.12158708872068794,15.90224368523159
2026,5,2026-10-08T04:01:14.172151+0000,c536dff,offense,00-0037085,4362748,Tyler Badie,RB,DEN,LAC,2026-10-11T20:05:00.000000+0000,4.20170677068826,3.96,2.71,ACTIVE,false,,0.047666125325077933,10.020884940933689
2026,5,2026-10-08T04:01:14.172151+0000,c536dff,offense,00-0037091,4259305,Bo Melton,WR,GB,CHI,2026-10-11T17:00:00.000000+0000,1.599362842819326,0.4,1.52,ACTIVE,false,,-1.8551906533116864e-6,5.369438018024181
2026,5,2026-10-08T04:01:14.172151+0000,c536dff,offense,00-0037093,4401805,Dareke Young,WR,LV,NE,2026-10-11T17:00:00.000000+0000,1.310961158875573,1.1199999999999999,1.1,ACTIVE,false,,-2.2997827445109884e-6,4.909175215099139
2026,5,2026-10-08T04:01:14.172151+0000,c536dff,offense,00-0037120,4429676,Tyler Goodson,RB,DAL,TB,2026-10-09T00:15:00.000000+0000,2.7269167737850344,1.02,3.9,ACTIVE,false,,-0.0006076566528858558,7.11851260366774
2026,5,2026-10-08T04:01:14.172151+0000,c536dff,offense,00-0037132,3926231,Britain Covey,WR,PHI,JAX,2026-10-11T13:30:00.000000+0000,0.8619344253236162,0.7999999999999996,,,false,,-6.854315999918933e-7,2.3572543966045307
2026,5,2026-10-08T04:01:14.172151+0000,c536dff,offense,00-0037157,4427728,Bam Knight,RB,ARI,DET,2026-10-11T20:25:00.000000+0000,2.5539080346139125,5.08,0.0,ACTIVE,false,,-0.07005178929465036,6.902937987540928
2026,5,2026-10-08T04:01:14.172151+0000,c536dff,offense,00-0037228,4569987,Jaylen Warren,RB,PIT,IND,2026-10-11T17:00:00.000000+0000,15.611960609640628,14.220000000000002,14.49,ACTIVE,true,RB/WR/TE,4.421499444009281,25.24535525029859
2026,5,2026-10-08T04:01:14.172151+0000,c536dff,offense,00-0037231,4372758,Kevin Austin Jr.,WR,NO,MIN,2026-10-11T17:00:00.000000+0000,1.686641818858153,1.8800000000000001,,,false,,0.00003757654353409446,5.36415340561728
2026,5,2026-10-08T04:01:14.172151+0000,c536dff,offense,00-0037238,4426502,Drake London,WR,ATL,BAL,2026-10-12T00:20:00.000000+0000,15.287947102034243,15.040000000000001,15.97,ACTIVE,false,,3.293696249196248,25.619653363942735
2026,5,2026-10-08T04:01:14.172151+0000,c536dff,offense,00-0037239,4361370,Chris Olave,WR,NO,MIN,2026-10-11T17:00:00.000000+0000,17.374691496550273,23.2,16.53,ACTIVE,false,,4.774205582458826,28.16205158414889
2026,5,2026-10-08T04:01:14.172151+0000,c536dff,offense,00-0037240,4426388,Jameson Williams,WR,DET,ARI,2026-10-11T20:25:00.000000+0000,12.72337000623056,10.46,10.93,ACTIVE,false,,2.17001314354172,22.56442048404597
2026,5,2026-10-08T04:01:14.172151+0000,c536dff,offense,00-0037247,4426354,George Pickens,WR,DAL,TB,2026-10-09T00:15:00.000000+0000,13.370344866166864,8.48,13.22,ACTIVE,false,,3.1658717170443516,24.133405515555292
2026,5,2026-10-08T04:01:14.172151+0000,c536dff,offense,00-0037248,4379399,James Cook,RB,BUF,LA,2026-10-13T00:15:00.000000+0000,15.29194019681916,13.6,15.72,ACTIVE,false,,4.007903782265825,27.313754765410795
2026,5,2026-10-08T04:01:14.172151+0000,c536dff,offense,00-0037252,4367209,Greg Dulcich,TE,MIA,CIN,2026-10-11T17:00:00.000000+0000,5.919582894911383,4.82,5.72,ACTIVE,false,,0.145885506218521,13.449175163491896
2026,5,2026-10-08T04:01:14.172151+0000,c536dff,offense,00-0037256,4697815,Rachaad White,RB,WAS,NYG,2026-10-11T17:00:00.000000+0000,8.861142663101777,7.9799999999999995,8.01,QUESTIONABLE,false,,1.2563842742787363,17.3899865913358
2026,5,2026-10-08T04:01:14.172151+0000,c536dff,offense,00-0037261,4373678,Khalil Shakir,WR,BUF,LA,2026-10-13T00:15:00.000000+0000,9.508671804182988,8.02,9.45,ACTIVE,false,,1.8837945731948147,18.993232205766013
2026,5,2026-10-08T04:01:14.172151+0000,c536dff,offense,00-0037263,4373626,Tyler Allgeier,RB,ARI,DET,2026-10-11T20:25:00.000000+0000,7.748943031212651,6.720000000000001,8.78,ACTIVE,false,,1.0840724758122955,16.895060473904177
2026,5,2026-10-08T04:01:14.172151+0000,c536dff,offense,00-0037277,4374045,Teagan Quitoriano,TE,ARI,DET,2026-10-11T20:25:00.000000+0000,1.001575390632157,0.0,0.0,ACTIVE,false,,-0.005423877384227056,2.2051655384011073
2026,5,2026-10-08T04:01:14.172151+0000,c536dff,offense,00-0037291,4382466,Jalen Nailor,WR,LV,NE,2026-10-11T17:00:00.000000+0000,3.8712039544483345,3.62,5.67,QUESTIONABLE,false,,-0.015810421190214755,10.194175257116642
2026,5,2026-10-08T04:01:14.172151+0000,c536dff,offense,00-0037292,4722908,Andrew Ogletree,TE,IND,PIT,2026-10-11T17:00:00.000000+0000,1.0309297026295579,0.41999999999999976,0.49,ACTIVE,false,,-9.723160964831967e-7,1.9153592677658966
2026,5,2026-10-08T04:01:14.172151+0000,c536dff,offense,00-0037304,4241961,Connor Heyward,RB,LV,NE,2026-10-11T17:00:00.000000+0000,1.8004922911433687,0.0,0.94,ACTIVE,false,,-0.07025092237548276,5.830933140529379
2026,5,2026-10-08T04:01:14.172151+0000,c536dff,offense,00-0037311,4034779,Ko Kieft,TE,TB,DAL,2026-10-09T00:15:00.000000+0000,0.76576628848127,0.0,0.0,ACTIVE,false,,-1.6825880623370809e-12,0.4342954762248141
2026,5,2026-10-08T04:01:14.172151+0000,c536dff,offense,00-0037317,4249624,Nick Muse,TE,ATL,BAL,2026-10-12T00:20:00.000000+0000,1.1949577938188911,0.0,,,false,,-4.991772429745917e-17,1.9383967154207156
2026,5,2026-10-08T04:01:14.172151+0000,c536dff,offense,00-0037524,4245144,Tay Martin,WR,DET,ARI,2026-10-11T20:25:00.000000+0000,0.8975389681036855,0.0,0.0,ACTIVE,false,,-1.476299096657541e-12,2.2376722147763117
2026,5,2026-10-08T04:01:14.172151+0000,c536dff,offense,00-0037545,4032473,Rashid Shaheed,WR,SEA,SF,2026-10-11T20:25:00.000000+0000,6.914866660250382,5.040000000000001,9.45,ACTIVE,false,,0.19225704280132352,15.42797841427588
2026,5,2026-10-08T04:01:14.172151+0000,c536dff,offense,00-0037594,4367567,Julius Chestnut,RB,TEN,HOU,2026-10-11T17:00:00.000000+0000,0.88277820973572,0.0,0.0,ACTIVE,false,,-1.1387036836833273e-11,1.7794426141754565
2026,5,2026-10-08T04:01:14.172151+0000,c536dff,offense,00-0037666,4249417,Jalen Tolbert,WR,MIA,CIN,2026-10-11T17:00:00.000000+0000,1.618017902456758,1.42,2.42,ACTIVE,false,,-0.0022872922535518746,6.013861259356266
2026,5,2026-10-08T04:01:14.172151+0000,c536dff,offense,00-0037740,4569618,Garrett Wilson,WR,NYJ,CLE,2026-10-11T17:00:00.000000+0000,14.2368964152363,12.6,14.74,ACTIVE,false,,3.8125500404682544,25.079199685570387
2026,5,2026-10-08T04:01:14.172151+0000,c536dff,offense,00-0037741,4361409,Jahan Dotson,WR,ATL,BAL,2026-10-12T00:20:00.000000+0000,6.918618690484515,5.7,6.46,ACTIVE,false,,0.62454478260678,15.751640649164143
2026,5,2026-10-08T04:01:14.172151+0000,c536dff,offense,00-0037742,4567156,Treylon Burks,WR,WAS,NYG,2026-10-11T17:00:00.000000+0000,4.871865312372609,5.26,4.29,ACTIVE,false,,0.19265901941142388,11.750377741578138
2026,5,2026-10-08T04:01:14.172151+0000,c536dff,offense,00-0037744,4361307,Trey McBride,TE,ARI,DET,2026-10-11T20:25:00.000000+0000,19.054344475270923,16.54,18.71,ACTIVE,false,,4.774205582458826,28.63241078150269
2026,5,2026-10-08T04:01:14.172151+0000,c536dff,offense,00-0037745,4035693,Velus Jones Jr.,RB,SEA,SF,2026-10-11T20:25:00.000000+0000,1.2290860778459158,0.64,0.0,ACTIVE,false,,-0.010446257707058947,2.724549582869992
2026,5,2026-10-08T04:01:14.172151+0000,c536dff,offense,00-0037746,4241474,Brian Robinson,RB,ATL,BAL,2026-10-12T00:20:00.000000+0000,8.232616226952484,9.879999999999999,8.1,ACTIVE,false,,1.1187347563824963,17.494454065918777
2026,5,2026-10-08T04:01:14.172151+0000,c536dff,offense,00-0037755,4241410,Jelani Woods,TE,NYJ,CLE,2026-10-11T17:00:00.000000+0000,1.4464160530303305,1.3,0.0,ACTIVE,false,,-3.0507133118590366e-6,4.382451728047989
2026,5,2026-10-08T04:01:14.172151+0000,c536dff,offense,00-0037801,3676833,KaVontae Turpin,WR,DAL,TB,2026-10-09T00:15:00.000000+0000,2.655365366633024,2.2800000000000002,1.83,ACTIVE,false,,0.0007042636305440598,7.992218362040962
2026,5,2026-10-08T04:01:14.172151+0000,c536dff,offense,00-0037805,4361372,Jeremy Ruckert,TE,NYJ,CLE,2026-10-11T17:00:00.000000+0000,3.763811358962561,3.7600000000000002,3.07,ACTIVE,false,,0.05560676037731647,8.861957502777837
2026,5,2026-10-08T04:01:14.172151+0000,c536dff,offense,00-0037809,4360635,Chig Okonkwo,TE,WAS,NYG,2026-10-11T17:00:00.000000+0000,6.701457452140276,7.840000000000001,5.75,QUESTIONABLE,false,,0.5785542365944015,13.223262368368273
2026,5,2026-10-08T04:01:14.172151+0000,c536dff,offense,00-0037816,4361432,Romeo Doubs,WR,NE,LV,2026-10-11T17:00:00.000000+0000,10.194758559538188,10.700000000000001,12.19,ACTIVE,false,,1.6654315878872115,20.560488415879988
2026,5,2026-10-08T04:01:14.172151+0000,c536dff,offense,00-0037834,4361741,Brock Purdy,QB,SF,SEA,2026-10-11T20:25:00.000000+0000,17.290959148820555,21.131999999999998,17.9,ACTIVE,true,BE,4.6833761707946175,29.115764305385166
2026,5,2026-10-08T04:01:14.172151+0000,c536dff,offense,00-0037838,4361050,Isaiah Likely,TE,NYG,WAS,2026-10-11T17:00:00.000000+0000,11.13295535549483,11.64,12.86,QUESTIONABLE,false,,3.121808391779746,20.99846469208185
2026,5,2026-10-08T04:01:14.172151+0000,c536dff,offense,00-0037840,4430737,Kyren Williams,RB,LA,BUF,2026-10-13T00:15:00.000000+0000,20.838736714535532,20.160000000000004,17.79,ACTIVE,false,,4.749411533792927,33.40774824633177
2026,5,2026-10-08T04:01:14.172151+0000,c536dff,offense,00-0038041,4242355,Jake Ferguson,TE,DAL,TB,2026-10-09T00:15:00.000000+0000,8.841018430656383,7.56,6.87,ACTIVE,false,,1.4173913364897315,17.774517282878783
2026,5,2026-10-08T04:01:14.172151+0000,c536dff,offense,00-0038046,4241263,Charlie Kolar,TE,LAC,DEN,2026-10-11T20:05:00.000000+0000,1.7866017471064446,1.5799999999999996,2.8,QUESTIONABLE,false,,-0.012562409608216932,5.956184834463236
2026,5,2026-10-08T04:01:14.172151+0000,c536dff,offense,00-0038090,4430191,Skyy Moore,WR,GB,CHI,2026-10-11T17:00:00.000000+0000,3.977665465433363,1.9000000000000004,4.74,ACTIVE,false,,0.0767088551961289,10.634716801491846
2026,5,2026-10-08T04:01:14.172151+0000,c536dff,offense,00-0038115,4361516,Daniel Bellinger,TE,TEN,HOU,2026-10-11T17:00:00.000000+0000,2.41314673223439,3.66,2.32,ACTIVE,false,,-0.000767859679610082,6.020055470837925
2026,5,2026-10-08T04:01:14.172151+0000,c536dff,offense,00-0038117,4569587,Wan'Dale Robinson,WR,TEN,HOU,2026-10-11T17:00:00.000000+0000,10.809435724280679,12.54,8.99,ACTIVE,false,,1.7679691786640657,20.199064463337226
2026,5,2026-10-08T04:01:14.172151+0000,c536dff,offense,00-0038120,4427366,Breece Hall,RB,NYJ,CLE,2026-10-11T17:00:00.000000+0000,13.014974507199325,14.34,0.0,DOUBTFUL,false,,4.206586073943627,23.268225846080792
2026,5,2026-10-08T04:01:14.172151+0000,c536dff,offense,00-0038124,4248528,Christian Watson,WR,GB,CHI,2026-10-11T17:00:00.000000+0000,14.056968840008828,19.880000000000003,13.77,ACTIVE,false,,4.151905850596381,24.873523525915232
2026,5,2026-10-08T04:01:14.172151+0000,c536dff,offense,00-0038128,4242512,Malik Willis,QB,MIA,CIN,2026-10-11T17:00:00.000000+0000,12.473818079010067,14.639999999999997,13.43,ACTIVE,false,,2.718563280007274,23.937192560643602
2026,5,2026-10-08T04:01:14.172151+0000,c536dff,offense,00-0038129,4243331,Cade Otton,TE,TB,DAL,2026-10-09T00:15:00.000000+0000,10.751597328122793,10.620000000000001,7.96,ACTIVE,false,,1.3072095285604652,18.52478741307454
2026,5,2026-10-08T04:01:14.172151+0000,c536dff,offense,00-0038393,4428850,Dontayvion Wicks,WR,PHI,JAX,2026-10-11T13:30:00.000000+0000,8.97299819670168,7.880000000000001,10.07,ACTIVE,false,,1.2973349113906838,18.39081199528999
2026,5,2026-10-08T04:01:14.172151+0000,c536dff,offense,00-0038400,4685201,Tanner McKee,QB,PHI,JAX,2026-10-11T13:30:00.000000+0000,4.200960861444561,6.524000000000001,0.0,ACTIVE,false,,-0.09157888003055131,16.538310992858747
2026,5,2026-10-08T04:01:14.172151+0000,c536dff,offense,00-0038416,4434153,Tyson Bagent,QB,CHI,GB,2026-10-11T17:00:00.000000+0000,8.58196421917882,2.7120000000000006,15.52,ACTIVE,false,,0.745649721360115,20.261712109493562
2026,5,2026-10-08T04:01:14.172151+0000,c536dff,offense,00-0038454,4596334,Keaton Mitchell,RB,LAC,DEN,2026-10-11T20:05:00.000000+0000,7.61811246134482,6.2,7.79,ACTIVE,false,,1.1223556590482677,16.444404206554427
2026,5,2026-10-08T04:01:14.172151+0000,c536dff,offense,00-0038476,4240391,Tommy DeVito,QB,NE,LV,2026-10-11T17:00:00.000000+0000,3.6835721284858103,3.088,0.0,ACTIVE,false,,-0.3700653745578455,14.08057414786726
2026,5,2026-10-08T04:01:14.172151+0000,c536dff,offense,00-0038488,4243176,Brady Russell,RB,SEA,SF,2026-10-11T20:25:00.000000+0000,1.709070107817768,1.4,0.9,ACTIVE,false,,0.000035673968041423215,4.852589883559879
2026,5,2026-10-08T04:01:14.172151+0000,c536dff,offense,00-0038498,4248557,E.J. Jenkins,TE,PHI,JAX,2026-10-11T13:30:00.000000+0000,0.9333187072616369,0.0,0.0,ACTIVE,false,,-1.6825880623370809e-12,1.2603540911196638
2026,5,2026-10-08T04:01:14.172151+0000,c536dff,offense,00-0038542,4430807,Bijan Robinson,RB,ATL,BAL,2026-10-12T00:20:00.000000+0000,19.07743834179298,22.540000000000003,22.18,ACTIVE,false,,4.855939211381345,32.926446536583995
2026,5,2026-10-08T04:01:14.172151+0000,c536dff,offense,00-0038543,4430878,Jaxon Smith-Njigba,WR,SEA,SF,2026-10-11T20:25:00.000000+0000,18.919692458958032,26.212,20.47,ACTIVE,false,,4.774205582458826,30.16179645065187
2026,5,2026-10-08T04:01:14.172151+0000,c536dff,offense,00-0038544,4429025,Quentin Johnston,WR,LAC,DEN,2026-10-11T20:05:00.000000+0000,9.079799096467921,6.58,7.04,QUESTIONABLE,false,,1.0073823179500963,18.849630144715974
2026,5,2026-10-08T04:01:14.172151+0000,c536dff,offense,00-0038547,4372096,Luke Schoonmaker,TE,DAL,TB,2026-10-09T00:15:00.000000+0000,1.317908549437946,1.2600000000000002,0.54,ACTIVE,false,,-3.345443744529248e-6,3.490213056520176
2026,5,2026-10-08T04:01:14.172151+0000,c536dff,offense,00-0038551,4599739,Kendre Miller,RB,NO,MIN,2026-10-11T17:00:00.000000+0000,5.418758754481193,3.94,7.82,ACTIVE,false,,0.11683058728541593,13.394337934076853
2026,5,2026-10-08T04:01:14.172151+0000,c536dff,offense,00-0038558,4430802,Darnell Washington,TE,PIT,IND,2026-10-11T17:00:00.000000+0000,6.493972804435069,6.08,5.46,ACTIVE,false,,0.37745072464232043,14.47599412687777
2026,5,2026-10-08T04:01:14.172151+0000,c536dff,offense,00-0038559,4360761,Michael Wilson,WR,ARI,DET,2026-10-11T20:25:00.000000+0000,15.543789562861154,15.540000000000003,16.78,ACTIVE,false,,4.673513050850133,27.43313424444777
2026,5,2026-10-08T04:01:14.172151+0000,c536dff,offense,00-0038563,4428718,Tre Tucker,WR,LV,NE,2026-10-11T17:00:00.000000+0000,10.054632199651563,9.94,9.12,ACTIVE,true,BE,2.2340076524257197,20.5434274831012
2026,5,2026-10-08T04:01:14.172151+0000,c536dff,offense,00-0038564,4372026,Cameron Latu,TE,NE,LV,2026-10-11T17:00:00.000000+0000,0.9279796653220008,0.0,0.0,ACTIVE,false,,-1.6825880623370809e-12,1.1535071544208408
2026,5,2026-10-08T04:01:14.172151+0000,c536dff,offense,00-0038573,4362477,Derius Davis,WR,LAC,DEN,2026-10-11T20:05:00.000000+0000,1.2287169928590724,0.6600000000000004,1.49,ACTIVE,false,,0.000032213223699673265,4.200741189746685
2026,5,2026-10-08T04:01:14.172151+0000,c536dff,offense,00-0038576,4257188,Charlie Jones,WR,NYG,WAS,2026-10-11T17:00:00.000000+0000,0.9140186947391314,0.0,,,false,,-2.4510442054144484e-9,2.379029512620999
2026,5,2026-10-08T04:01:14.172151+0000,c536dff,offense,00-0038579,4260394,Aidan O'Connell,QB,LV,NE,2026-10-11T17:00:00.000000+0000,8.78450441420644,11.292,0.0,ACTIVE,false,,1.1046511149092384,21.395535192863107
2026,5,2026-10-08T04:01:14.172151+0000,c536dff,offense,00-0038589,4360086,Josh Whyle,TE,GB,CHI,2026-10-11T17:00:00.000000+0000,0.9515308733815498,0.64,0.0,ACTIVE,false,,-6.785685989652872e-7,1.3467053625496188
2026,5,2026-10-08T04:01:14.172151+0000,c536dff,offense,00-0038597,4362238,Chase Brown,RB,CIN,MIA,2026-10-11T17:00:00.000000+0000,15.408562613531698,15.4,17.46,ACTIVE,false,,4.747979992391593,24.055431969524342
2026,5,2026-10-08T04:01:14.172151+0000,c536dff,offense,00-0038606,4432620,Parker Washington,WR,JAX,PHI,2026-10-11T13:30:00.000000+0000,12.478356369924134,14.160000000000002,14.12,ACTIVE,false,,2.9490551868547414,22.887669288800723
2026,5,2026-10-08T04:01:14.172151+0000,c536dff,offense,00-0038608,4429022,Kayshon Boutte,WR,HOU,TEN,2026-10-11T17:00:00.000000+0000,6.975627669706339,4.9799999999999995,4.84,ACTIVE,false,,0.45938584234684643,14.238485410524618
2026,5,2026-10-08T04:01:14.172151+0000,c536dff,offense,00-0038611,4362619,Chris Rodriguez Jr.,RB,JAX,PHI,2026-10-11T13:30:00.000000+0000,5.867174289874031,7.62,5.19,ACTIVE,false,,0.5092355803380537,13.959995581421571
2026,5,2026-10-08T04:01:14.172151+0000,c536dff,offense,00-0038618,4686422,Xavier Hutchinson,WR,HOU,TEN,2026-10-11T17:00:00.000000+0000,8.561161177276592,8.48,8.16,ACTIVE,false,,1.9243683044664501,18.76593122105437
2026,5,2026-10-08T04:01:14.172151+0000,c536dff,offense,00-0038621,4427095,DeMario Douglas,WR,NE,LV,2026-10-11T17:00:00.000000+0000,5.3496259078834125,4.42,8.28,ACTIVE,false,,0.38955946108088646,14.074613939991819
2026,5,2026-10-08T04:01:14.172151+0000,c536dff,offense,00-0038640,4692835,Jalen Brooks,WR,ARI,DET,2026-10-11T20:25:00.000000+0000,0.9765819232962689,0.0,0.04,ACTIVE,false,,-6.780802855926304e-7,2.7629397369104893
2026,5,2026-10-08T04:01:14.172151+0000,c536dff,offense,00-0038643,4360290,Brayden Willis,TE,SF,SEA,2026-10-11T20:25:00.000000+0000,0.8866512941732101,0.0,0.0,ACTIVE,false,,-6.573089766576903e-14,1.168063253894338
2026,5,2026-10-08T04:01:14.172151+0000,c536dff,offense,00-0038685,3149687,Chris Brooks,RB,GB,CHI,2026-10-11T17:00:00.000000+0000,4.510792467067762,3.7,0.0,QUESTIONABLE,false,,-0.020887433818489006,11.536889623042553
2026,5,2026-10-08T04:01:14.172151+0000,c536dff,offense,00-0038705,4362478,Emari Demercado,RB,DAL,TB,2026-10-09T00:15:00.000000+0000,2.5359080831164222,3.04,0.0,ACTIVE,false,,-0.012541840059880164,8.893572773611387
2026,5,2026-10-08T04:01:14.172151+0000,c536dff,offense,00-0038710,4362018,Blake Whiteheart,TE,CLE,NYJ,2026-10-11T17:00:00.000000+0000,1.925746613402749,2.2199999999999998,1.58,ACTIVE,false,,0.000028674063156608144,4.965263034641853
2026,5,2026-10-08T04:01:14.172151+0000,c536dff,offense,00-0038728,4430681,Jared Wayne,WR,HOU,TEN,2026-10-11T17:00:00.000000+0000,4.950309151061361,2.9,1.48,ACTIVE,false,,0.06197367651314929,12.887076163033601
2026,5,2026-10-08T04:01:14.172151+0000,c536dff,offense,00-0038738,4383396,Hunter Luepke,RB,DAL,TB,2026-10-09T00:15:00.000000+0000,1.8750763947051035,2.0,0.99,ACTIVE,false,,-0.0020669162658253424,4.415774965465894
2026,5,2026-10-08T04:01:14.172151+0000,c536dff,offense,00-0038783,4383440,Nate Adkins,TE,DEN,LAC,2026-10-11T20:05:00.000000+0000,3.9799176480165808,4.12,1.66,ACTIVE,false,,0.053385070768846105,8.531568808041262
2026,5,2026-10-08T04:01:14.172151+0000,c536dff,offense,00-0038794,4722893,Jaleel McLaughlin,RB,CLE,NYJ,2026-10-11T17:00:00.000000+0000,2.651726147447877,3.9800000000000004,1.0,ACTIVE,false,,-0.007701370778957893,7.821136806602172
2026,5,2026-10-08T04:01:14.172151+0000,c536dff,offense,00-0038797,4887558,Emanuel Wilson,RB,SEA,SF,2026-10-11T20:25:00.000000+0000,10.934868083670468,8.74,13.58,ACTIVE,false,,3.229322066443043,20.887128741792186
2026,5,2026-10-08T04:01:14.172151+0000,c536dff,offense,00-0038824,4369466,Ryan Miller,WR,MIA,CIN,2026-10-11T17:00:00.000000+0000,2.2247348663579074,3.6399999999999997,2.13,ACTIVE,false,,-0.00886820695637105,6.023909507358437
2026,5,2026-10-08T04:01:14.172151+0000,c536dff,offense,00-0038839,4690070,Mitchell Tinsley,WR,CIN,MIA,2026-10-11T17:00:00.000000+0000,5.079796215723793,2.0999999999999996,0.0,ACTIVE,false,,1.1536379610920284,11.129120344722795
2026,5,2026-10-08T04:01:14.172151+0000,c536dff,offense,00-0038896,4383429,Jacob Saylors,RB,DET,ARI,2026-10-11T20:25:00.000000+0000,0.86191738627867,0.0,0.04,ACTIVE,false,,-1.0616306186838592e-11,1.6213971160705665
2026,5,2026-10-08T04:01:14.172151+0000,c536dff,offense,00-0038933,4385690,Dalton Kincaid,TE,BUF,LA,2026-10-13T00:15:00.000000+0000,10.215517797548786,10.760000000000002,8.84,ACTIVE,false,,1.340325574149094,18.878560123654733
2026,5,2026-10-08T04:01:14.172151+0000,c536dff,offense,00-0038935,4430539,Brenton Strange,TE,JAX,PHI,2026-10-11T13:30:00.000000+0000,9.736667704440858,10.78,9.71,ACTIVE,false,,1.2973349113906838,18.382504972199765
2026,5,2026-10-08T04:01:14.172151+0000,c536dff,offense,00-0038951,4430871,Sean Tucker,RB,TB,DAL,2026-10-09T00:15:00.000000+0000,2.9240183208106743,2.7399999999999998,1.69,ACTIVE,false,,-0.01659373406192308,9.172205822430044
2026,5,2026-10-08T04:01:14.172151+0000,c536dff,offense,00-0038976,4686472,Marvin Mims Jr.,WR,DEN,LAC,2026-10-11T20:05:00.000000+0000,2.62670572001724,2.979999999999999,4.46,ACTIVE,false,,-0.0006797722528922518,9.352198488212249
2026,5,2026-10-08T04:01:14.172151+0000,c536dff,offense,00-0038994,4429205,Jordan Addison,WR,MIN,NO,2026-10-11T17:00:00.000000+0000,10.404590439098296,7.0,11.33,QUESTIONABLE,false,,1.6277512535692877,20.506684800688618
2026,5,2026-10-08T04:01:14.172151+0000,c536dff,offense,00-0038996,4572680,Tucker Kraft,TE,GB,CHI,2026-10-11T17:00:00.000000+0000,11.17361270833148,8.02,10.44,ACTIVE,false,,1.7810502125935628,19.64116002058933
2026,5,2026-10-08T04:01:14.172151+0000,c536dff,offense,00-0038997,4688813,Josh Downs,WR,IND,PIT,2026-10-11T17:00:00.000000+0000,10.811103644397933,9.36,12.04,ACTIVE,false,,2.690398492749706,20.53231436506286
2026,5,2026-10-08T04:01:14.172151+0000,c536dff,offense,00-0039021,4426386,Roschon Johnson,RB,CHI,GB,2026-10-11T17:00:00.000000+0000,1.842089691064353,0.8800000000000001,0.0,ACTIVE,false,,-0.0062881913851061,5.467917130708095
2026,5,2026-10-08T04:01:14.172151+0000,c536dff,offense,00-0039032,4428557,Tyjae Spears,RB,TEN,HOU,2026-10-11T17:00:00.000000+0000,4.71219602567834,5.04,6.45,ACTIVE,false,,-0.017760986031403008,11.286473855249579
2026,5,2026-10-08T04:01:14.172151+0000,c536dff,offense,00-0039041,4426844,Elijah Higgins,TE,ARI,DET,2026-10-11T20:25:00.000000+0000,3.076860231346099,4.140000000000001,3.14,ACTIVE,false,,-0.0017999649413951877,8.498564014522428
2026,5,2026-10-08T04:01:14.172151+0000,c536dff,offense,00-0039050,4372505,Payne Durham,TE,TB,DAL,2026-10-09T00:15:00.000000+0000,1.0467792916080927,0.0,0.44,ACTIVE,false,,-0.0015726923929660008,1.4502559340289491
2026,5,2026-10-08T04:01:14.172151+0000,c536dff,offense,00-0039062,4426485,Jonathan Mingo,WR,DAL,TB,2026-10-09T00:15:00.000000+0000,1.229926413038283,0.4,0.97,QUESTIONABLE,false,,-1.471752658856717e-6,4.220815726579741
2026,5,2026-10-08T04:01:14.172151+0000,c536dff,offense,00-0039064,4429615,Zay Flowers,WR,BAL,ATL,2026-10-12T00:20:00.000000+0000,13.474298756361012,22.0,13.96,QUESTIONABLE,false,,3.517920905251369,24.385070525920465
2026,5,2026-10-08T04:01:14.172151+0000,c536dff,offense,00-0039065,4430027,Sam LaPorta,TE,DET,ARI,2026-10-11T20:25:00.000000+0000,14.690325428612603,13.419999999999998,13.09,ACTIVE,false,,4.121830576181622,25.064483675720606
2026,5,2026-10-08T04:01:14.172151+0000,c536dff,offense,00-0039066,4429086,Michael Mayer,TE,LV,NE,2026-10-11T17:00:00.000000+0000,10.963636500906814,10.12,8.15,ACTIVE,false,,1.8193447386398165,18.391116409478
2026,5,2026-10-08T04:01:14.172151+0000,c536dff,offense,00-0039074,4426553,Davis Allen,TE,LA,BUF,2026-10-13T00:15:00.000000+0000,2.888124398002891,1.58,2.33,ACTIVE,false,,-0.0010605568022177083,7.691651095828935
2026,5,2026-10-08T04:01:14.172151+0000,c536dff,offense,00-0039075,4426515,Puka Nacua,WR,LA,BUF,2026-10-13T00:15:00.000000+0000,21.818163625221622,25.660000000000004,21.66,ACTIVE,false,,4.749411533792927,34.765630898051754
2026,5,2026-10-08T04:01:14.172151+0000,c536dff,offense,00-0039107,4259553,Stetson Bennett,QB,LA,BUF,2026-10-13T00:15:00.000000+0000,2.9580274987174873,1.42,0.0,ACTIVE,false,,-0.2808366741224856,13.060389944270216
2026,5,2026-10-08T04:01:14.172151+0000,c536dff,offense,00-0039139,4429795,Jahmyr Gibbs,RB,DET,ARI,2026-10-11T20:25:00.000000+0000,23.203784863252046,27.26,27.0,ACTIVE,false,,4.860974574379654,35.47200524459465
2026,5,2026-10-08T04:01:14.172151+0000,c536dff,offense,00-0039163,4432577,C.J. Stroud,QB,HOU,TEN,2026-10-11T17:00:00.000000+0000,15.467111125477047,17.1,15.36,ACTIVE,false,,4.628862508713346,26.22828307105222
2026,5,2026-10-08T04:01:14.172151+0000,c536dff,offense,00-0039164,4429084,Anthony Richardson,QB,IND,PIT,2026-10-11T17:00:00.000000+0000,5.998001410350037,11.588,0.0,ACTIVE,false,,0.17761496919025982,17.319969457390812
2026,5,2026-10-08T04:01:14.172151+0000,c536dff,offense,00-0039299,4429835,George Holani,RB,SEA,SF,2026-10-11T20:25:00.000000+0000,6.059670233026735,3.9599999999999995,7.51,QUESTIONABLE,false,,0.585667997258369,14.160984467068097
2026,5,2026-10-08T04:01:14.172151+0000,c536dff,offense,00-0039337,4595348,Malik Nabers,WR,NYG,WAS,2026-10-11T17:00:00.000000+0000,11.422988122087782,9.76,13.54,QUESTIONABLE,false,,1.906731626005701,21.111758169858664
2026,5,2026-10-08T04:01:14.172151+0000,c536dff,offense,00-0039338,4432665,Brock Bowers,TE,LV,NE,2026-10-11T17:00:00.000000+0000,14.852097593728846,17.18,16.28,QUESTIONABLE,false,,4.3984205179088205,24.89563432349317
2026,5,2026-10-08T04:01:14.172151+0000,c536dff,offense,00-0039355,4426948,Luke McCaffrey,WR,WAS,NYG,2026-10-11T17:00:00.000000+0000,1.5847646498190144,3.14,0.02,ACTIVE,false,,-0.003248834124334354,5.187892565283727
2026,5,2026-10-08T04:01:14.172151+0000,c536dff,offense,00-0039359,4426496,Cade Stover,TE,HOU,TEN,2026-10-11T17:00:00.000000+0000,1.3224288842419958,1.1400000000000001,0.49,ACTIVE,false,,-7.801470078363247e-7,3.788973453844923
2026,5,2026-10-08T04:01:14.172151+0000,c536dff,offense,00-0039361,4596448,Bucky Irving,RB,TB,DAL,2026-10-09T00:15:00.000000+0000,12.336627557347015,11.600000000000001,15.22,ACTIVE,false,,2.894767639704397,23.096197132562246
2026,5,2026-10-08T04:01:14.172151+0000,c536dff,offense,00-0039364,4912274,Sione Vaki,RB,DET,ARI,2026-10-11T20:25:00.000000+0000,3.2314404220118123,2.6399999999999997,4.31,ACTIVE,false,,-0.023692060513111873,8.252992305485234
2026,5,2026-10-08T04:01:14.172151+0000,c536dff,offense,00-0039365,4575665,Jacob Cowing,WR,SF,SEA,2026-10-11T20:25:00.000000+0000,2.3566861648882123,1.1800000000000002,2.33,ACTIVE,false,,0.000041945076416017495,6.90700870856804
2026,5,2026-10-08T04:01:14.172151+0000,c536dff,offense,00-0039376,4426339,Spencer Rattler,QB,NO,MIN,2026-10-11T17:00:00.000000+0000,6.553480062311267,8.068000000000001,0.0,ACTIVE,false,,-0.03339845453124962,18.81441839280128
2026,5,2026-10-08T04:01:14.172151+0000,c536dff,offense,00-0039384,4360516,Tyrone Tracy Jr.,RB,NYG,WAS,2026-10-11T17:00:00.000000+0000,2.5481014824314534,5.5,1.81,ACTIVE,false,,-0.047569806405501534,7.305017249615492
2026,5,2026-10-08T04:01:14.172151+0000,c536dff,offense,00-0039391,4430968,Kimani Vidal,RB,LAC,DEN,2026-10-11T20:05:00.000000+0000,3.7559361605628383,3.3200000000000003,4.62,ACTIVE,false,,0.00009483113117634823,10.123485045743585
2026,5,2026-10-08T04:01:14.172151+0000,c536dff,offense,00-0039407,4366963,Dylan Laube,RB,LV,NE,2026-10-11T17:00:00.000000+0000,0.9087472642294168,0.0,0.03,ACTIVE,false,,-9.748216262926816e-12,2.862686385191222
2026,5,2026-10-08T04:01:14.172151+0000,c536dff,offense,00-0039410,5083754,Ryan Flournoy,WR,DAL,TB,2026-10-09T00:15:00.000000+0000,8.873325486753812,7.040000000000001,8.42,ACTIVE,false,,1.6641322453118534,18.788606392907884
2026,5,2026-10-08T04:01:14.172151+0000,c536dff,offense,00-0039424,4569559,Devaughn Vele,WR,NO,MIN,2026-10-11T17:00:00.000000+0000,13.063293647887773,13.5,10.19,ACTIVE,false,,3.987386835572612,22.919951110327602
2026,5,2026-10-08T04:01:14.172151+0000,c536dff,offense,00-0039451,4569371,Isaiah Williams,WR,NYJ,CLE,2026-10-11T17:00:00.000000+0000,8.073558346154046,7.660000000000001,7.63,ACTIVE,false,,0.3155450125166048,16.356106249939636
2026,5,2026-10-08T04:01:14.172151+0000,c536dff,offense,00-0039489,4428396,Hayden Rucci,TE,LAC,DEN,2026-10-11T20:05:00.000000+0000,1.1412151832732913,0.0,0.0,ACTIVE,false,,-1.6825880623370809e-12,2.9080394680568578
2026,5,2026-10-08T04:01:14.172151+0000,c536dff,offense,00-0039518,4430684,Treyton Welch,TE,NO,MIN,2026-10-11T17:00:00.000000+0000,0.9037206928931718,0.0,0.0,ACTIVE,false,,-0.007088617404573968,1.0955800191834042
2026,5,2026-10-08T04:01:14.172151+0000,c536dff,offense,00-0039530,4360967,Brevyn Spann-Ford,TE,DAL,TB,2026-10-09T00:15:00.000000+0000,1.8845960281177345,2.2600000000000002,1.66,ACTIVE,false,,0.000011004697514937456,5.951835966262494
2026,5,2026-10-08T04:01:14.172151+0000,c536dff,offense,00-0039589,5097554,Kameron Johnson,WR,TB,DAL,2026-10-09T00:15:00.000000+0000,0.9553610392888302,0.26,0.82,ACTIVE,false,,-7.288255144646071e-7,2.8027795436256353
2026,5,2026-10-08T04:01:14.172151+0000,c536dff,offense,00-0039648,4360978,David Martin-Robinson,TE,TEN,HOU,2026-10-11T17:00:00.000000+0000,0.959164598513046,0.8600000000000001,0.0,ACTIVE,false,,-4.622736287166983e-7,1.0023792583788915
2026,5,2026-10-08T04:01:14.172151+0000,c536dff,offense,00-0039686,4361088,Colson Yankoff,TE,WAS,NYG,2026-10-11T17:00:00.000000+0000,1.4505621959666288,0.7200000000000001,0.5,ACTIVE,false,,-2.3333582116880932e-6,4.016032901637956
2026,5,2026-10-08T04:01:14.172151+0000,c536dff,offense,00-0039732,4426338,Bo Nix,QB,DEN,LAC,2026-10-11T20:05:00.000000+0000,16.174297652462954,13.559999999999999,16.2,ACTIVE,false,,4.630067454853898,28.200994248301154
2026,5,2026-10-08T04:01:14.172151+0000,c536dff,offense,00-0039738,4429096,Blake Corum,RB,LA,BUF,2026-10-13T00:15:00.000000+0000,6.6213293541178055,6.02,8.37,ACTIVE,false,,0.5941590290843303,15.405894591862012
2026,5,2026-10-08T04:01:14.172151+0000,c536dff,offense,00-0039739,4431492,Roman Wilson,WR,PIT,IND,2026-10-11T17:00:00.000000+0000,8.248103521410126,8.959999999999999,9.2,ACTIVE,false,,1.5201875291115745,16.471066211215625
2026,5,2026-10-08T04:01:14.172151+0000,c536dff,offense,00-0039746,4431545,Will Shipley,RB,PHI,JAX,2026-10-11T13:30:00.000000+0000,4.312842686737056,2.9600000000000004,10.23,ACTIVE,true,BE,-0.0018936554633811457,10.800065504611165
2026,5,2026-10-08T04:01:14.172151+0000,c536dff,offense,00-0039751,4569382,Jordan Whittington,WR,LA,BUF,2026-10-13T00:15:00.000000+0000,1.7195268450753536,0.64,1.75,ACTIVE,false,,-4.136562299211501e-6,7.16040804581546
2026,5,2026-10-08T04:01:14.172151+0000,c536dff,offense,00-0039792,4696882,Devontez Walker,WR,BAL,ATL,2026-10-12T00:20:00.000000+0000,3.1082299808905955,4.24,2.15,ACTIVE,false,,-0.004138056850363775,8.94522268988995
2026,5,2026-10-08T04:01:14.172151+0000,c536dff,offense,00-0039793,4576297,AJ Barner,TE,SEA,SF,2026-10-11T20:25:00.000000+0000,8.053992948142474,5.74,8.07,ACTIVE,false,,0.6253853543368341,15.864812392092217
2026,5,2026-10-08T04:01:14.172151+0000,c536dff,offense,00-0039794,4685247,Braelon Allen,RB,NYJ,CLE,2026-10-11T17:00:00.000000+0000,7.1606925178748675,5.3,14.13,ACTIVE,false,,0.3574361743807268,15.662182862783506
2026,5,2026-10-08T04:01:14.172151+0000,c536dff,offense,00-0039796,4690013,Rasheen Ali,RB,BAL,ATL,2026-10-12T00:20:00.000000+0000,0.7932894766494083,0.5599999999999999,0.0,ACTIVE,false,,-0.002895399223979915,2.043755894062487
2026,5,2026-10-08T04:01:14.172151+0000,c536dff,offense,00-0039798,4695404,Isaiah Davis,RB,NYJ,CLE,2026-10-11T17:00:00.000000+0000,1.513812604866518,2.6,7.77,ACTIVE,false,,-0.002787029313720789,4.310919392640585
2026,5,2026-10-08T04:01:14.172151+0000,c536dff,offense,00-0039811,4429023,MarShawn Lloyd,RB,GB,CHI,2026-10-11T17:00:00.000000+0000,8.389152938859612,5.76,9.77,ACTIVE,false,,1.0982519726022604,16.579182771177248
2026,5,2026-10-08T04:01:14.172151+0000,c536dff,offense,00-0039814,4427834,Erick All,TE,CIN,MIA,2026-10-11T17:00:00.000000+0000,1.6564355854347557,1.3800000000000001,1.25,ACTIVE,false,,-1.513665913459285e-6,5.562780144010675
2026,5,2026-10-08T04:01:14.172151+0000,c536dff,offense,00-0039816,4429684,Anthony Gould,WR,IND,PIT,2026-10-11T17:00:00.000000+0000,0.876049979528155,0.26,,,false,,-6.954650844206548e-7,1.9902859171202398
2026,5,2026-10-08T04:01:14.172151+0000,c536dff,offense,00-0039847,4429148,Theo Johnson,TE,NYG,WAS,2026-10-11T17:00:00.000000+0000,3.3460975549380056,2.0,2.46,ACTIVE,false,,-0.001035100537919262,8.659437391497189
2026,5,2026-10-08T04:01:14.172151+0000,c536dff,offense,00-0039849,4432708,Marvin Harrison Jr.,WR,ARI,DET,2026-10-11T20:25:00.000000+0000,7.018407195130876,3.9,6.69,ACTIVE,false,,0.15374349861885123,15.334363855592427
2026,5,2026-10-08T04:01:14.172151+0000,c536dff,offense,00-0039851,4431452,Drake Maye,QB,NE,LV,2026-10-11T17:00:00.000000+0000,16.543805383069216,12.7,18.46,ACTIVE,false,,4.0678720629302445,28.44596936928969
2026,5,2026-10-08T04:01:14.172151+0000,c536dff,offense,00-0039868,4431280,Troy Franklin,WR,DEN,LAC,2026-10-11T20:05:00.000000+0000,2.9410935162261413,1.4600000000000002,6.69,ACTIVE,false,,0.027190303995212356,9.07295773322227
2026,5,2026-10-08T04:01:14.172151+0000,c536dff,offense,00-0039874,4682745,Jaylen Wright,RB,MIA,CIN,2026-10-11T17:00:00.000000+0000,2.6499795475692673,2.2600000000000002,7.66,ACTIVE,false,,-0.00018751566965772838,8.554819522366229
2026,5,2026-10-08T04:01:14.172151+0000,c536dff,offense,00-0039875,4429501,Ray Davis,RB,BUF,LA,2026-10-13T00:15:00.000000+0000,2.3314121376189227,5.48,1.07,ACTIVE,false,,-0.014846554874446222,5.727493088427013
2026,5,2026-10-08T04:01:14.172151+0000,c536dff,offense,00-0039880,4569603,Malik Washington,WR,MIA,CIN,2026-10-11T17:00:00.000000+0000,10.876419456675487,9.98,11.09,ACTIVE,true,WR,2.5652283324483247,21.261337796018033
2026,5,2026-10-08T04:01:14.172151+0000,c536dff,offense,00-0039890,4597500,Adonai Mitchell,WR,NYJ,CLE,2026-10-11T17:00:00.000000+0000,9.042589133057444,6.76,0.0,DOUBTFUL,false,,1.840342295135213,19.81905219475174
2026,5,2026-10-08T04:01:14.172151+0000,c536dff,offense,00-0039893,4432773,Brian Thomas Jr.,WR,JAX,PHI,2026-10-11T13:30:00.000000+0000,6.6555356289657155,6.68,7.56,ACTIVE,false,,0.7027171163141114,15.510184416921392
2026,5,2026-10-08T04:01:14.172151+0000,c536dff,offense,00-0039901,4635008,Keon Coleman,WR,BUF,LA,2026-10-13T00:15:00.000000+0000,9.898369084184955,10.120000000000001,7.71,ACTIVE,true,BE,1.4628442886832171,20.57464588330325
2026,5,2026-10-08T04:01:14.172151+0000,c536dff,offense,00-0039910,4426348,Jayden Daniels,QB,WAS,NYG,2026-10-11T17:00:00.000000+0000,15.275640803154722,13.616,20.48,ACTIVE,false,,4.604850594606899,28.58897076759125
2026,5,2026-10-08T04:01:14.172151+0000,c536dff,offense,00-0039912,4690923,Ben Sinnott,TE,WAS,NYG,2026-10-11T17:00:00.000000+0000,1.5342418359516174,0.78,0.51,QUESTIONABLE,false,,-1.7809544323324956e-6,3.9142702275886405
2026,5,2026-10-08T04:01:14.172151+0000,c536dff,offense,00-0039915,4612826,Ladd McConkey,WR,LAC,DEN,2026-10-11T20:05:00.000000+0000,7.594170189717401,8.080000000000002,10.5,QUESTIONABLE,false,,1.2635246133814002,15.359252819800904
2026,5,2026-10-08T04:01:14.172151+0000,c536dff,offense,00-0039917,4360423,Michael Penix Jr.,QB,ATL,BAL,2026-10-12T00:20:00.000000+0000,13.62447226268174,13.676000000000002,14.56,ACTIVE,false,,2.5187988260926972,23.97205869917086
2026,5,2026-10-08T04:01:14.172151+0000,c536dff,offense,00-0039918,4431611,Caleb Williams,QB,CHI,GB,2026-10-11T17:00:00.000000+0000,16.8350812811738,21.112000000000002,0.0,OUT,false,,4.604850599175996,30.031874011636738
2026,5,2026-10-08T04:01:14.172151+0000,c536dff,offense,00-0039919,4431299,Rome Odunze,WR,CHI,GB,2026-10-11T17:00:00.000000+0000,11.498428037070248,8.020000000000001,10.91,ACTIVE,false,,1.5767247069433619,20.860373922497214
2026,5,2026-10-08T04:01:14.172151+0000,c536dff,offense,00-0039920,4613104,Malachi Corley,WR,CLE,NYJ,2026-10-11T17:00:00.000000+0000,1.1122165219196893,1.1600000000000001,0.03,ACTIVE,false,,-0.0028549957121581527,3.9630869275790293
2026,5,2026-10-08T04:01:14.172151+0000,c536dff,offense,00-0039923,4433970,J.J. McCarthy,QB,NYG,WAS,2026-10-11T17:00:00.000000+0000,8.763319469133343,12.139999999999999,0.0,ACTIVE,false,,1.884793282855317,23.17542262812312
2026,5,2026-10-08T04:01:14.172151+0000,c536dff,offense,00-0040014,4433971,Kyle McCord,QB,MIA,CIN,2026-10-11T17:00:00.000000+0000,3.480961624574878,13.201125343092396,0.0,ACTIVE,false,,-0.1560076826437808,14.117285495359774
2026,5,2026-10-08T04:01:14.172151+0000,c536dff,offense,00-0040024,4715355,Darius Cooper,WR,PHI,JAX,2026-10-11T13:30:00.000000+0000,6.032821994307097,7.040000000000001,9.2,ACTIVE,false,,0.6649545500084871,14.28063280556755
2026,5,2026-10-08T04:01:14.172151+0000,c536dff,offense,00-0040058,4569547,Nick Kallerup,TE,SEA,SF,2026-10-11T20:25:00.000000+0000,0.8038774890733015,0.0,0.0,ACTIVE,false,,-1.6825880623370809e-12,1.0964919129429251
2026,5,2026-10-08T04:01:14.172151+0000,c536dff,offense,00-0040075,4690143,LaJohntay Wester,WR,BAL,ATL,2026-10-12T00:20:00.000000+0000,1.5268967114319263,1.1800000000000002,0.89,ACTIVE,false,,-0.007091036695486599,5.95371386415373
2026,5,2026-10-08T04:01:14.172151+0000,c536dff,offense,00-0040122,4890973,Ashton Jeanty,RB,LV,NE,2026-10-11T17:00:00.000000+0000,16.17407268025414,17.259999999999998,17.83,ACTIVE,false,,4.860974574379654,27.84525227553288
2026,5,2026-10-08T04:01:14.172151+0000,c536dff,offense,00-0040126,4723086,Colston Loveland,TE,CHI,GB,2026-10-11T17:00:00.000000+0000,10.349813716362128,9.040000000000001,9.65,ACTIVE,false,,1.9085334208049518,19.19838478551812
2026,5,2026-10-08T04:01:14.172151+0000,c536dff,offense,00-0040128,4431459,Tyler Warren,TE,IND,PIT,2026-10-11T17:00:00.000000+0000,12.878042260298066,11.22,11.84,ACTIVE,true,TE,2.6743812006861853,21.254734026306373
2026,5,2026-10-08T04:01:14.172151+0000,c536dff,offense,00-0040129,4567750,Emeka Egbuka,WR,TB,DAL,2026-10-09T00:15:00.000000+0000,11.828941078265323,7.580000000000001,9.76,ACTIVE,false,,2.124959895631976,21.24779363679593
2026,5,2026-10-08T04:01:14.172151+0000,c536dff,offense,00-0040131,4613202,Kyle Williams,WR,NE,LV,2026-10-11T17:00:00.000000+0000,2.846281371261836,1.3800000000000001,6.45,ACTIVE,false,,-0.004831765959166309,8.984857841192014
2026,5,2026-10-08T04:01:14.172151+0000,c536dff,offense,00-0040134,4600981,Pat Bryant,WR,DEN,LAC,2026-10-11T20:05:00.000000+0000,6.627790187627955,7.8,0.0,DOUBTFUL,false,,0.4316171134498885,13.641465379612882
2026,5,2026-10-08T04:01:14.172151+0000,c536dff,offense,00-0040138,4586312,Jaylin Noel,WR,HOU,TEN,2026-10-11T17:00:00.000000+0000,6.137350814016366,6.279999999999999,5.34,ACTIVE,false,,0.4000759117280074,14.326602284951644
2026,5,2026-10-08T04:01:14.172151+0000,c536dff,offense,00-0040142,4819231,Kaleb Johnson,RB,GB,CHI,2026-10-11T17:00:00.000000+0000,3.9142918701240457,1.6800000000000002,7.36,ACTIVE,false,,-0.016678383887809387,10.675388823967701
2026,5,2026-10-08T04:01:14.172151+0000,c536dff,offense,00-0040154,4565185,Tai Felton,WR,MIN,NO,2026-10-11T17:00:00.000000+0000,1.5543212624894247,0.8,1.43,ACTIVE,false,,-2.5629070140234546e-6,5.984654213751229
2026,5,2026-10-08T04:01:14.172151+0000,c536dff,offense,00-0040170,4883647,Elic Ayomanor,WR,TEN,HOU,2026-10-11T17:00:00.000000+0000,6.30778202731321,6.0600000000000005,4.13,ACTIVE,false,,0.5950854616710642,12.916982529069793
2026,5,2026-10-08T04:01:14.172151+0000,c536dff,offense,00-0040172,4431466,Jordan Watkins,WR,SF,SEA,2026-10-11T20:25:00.000000+0000,1.966966511782707,2.1800000000000006,2.7,ACTIVE,false,,0.00006572744938563306,6.590357956070278
2026,5,2026-10-08T04:01:14.172151+0000,c536dff,offense,00-0040177,4685397,Jordan James,RB,SF,SEA,2026-10-11T20:25:00.000000+0000,1.7864406091449234,0.75,0.0,ACTIVE,false,,-0.018044083152570636,5.679943002690999
2026,5,2026-10-08T04:01:14.172151+0000,c536dff,offense,00-0040179,4874509,DJ Giddens,RB,IND,PIT,2026-10-11T17:00:00.000000+0000,1.334761848228757,1.04,0.0,ACTIVE,false,,-0.005297645246152986,5.026092698389103
2026,5,2026-10-08T04:01:14.172151+0000,c536dff,offense,00-0040189,4595342,Oronde Gadsden II,TE,LAC,DEN,2026-10-11T20:05:00.000000+0000,5.853393144493035,5.62,5.78,ACTIVE,false,,0.30720369213676396,13.15420994975493
2026,5,2026-10-08T04:01:14.172151+0000,c536dff,offense,00-0040194,4573699,Jackson Hawes,TE,BUF,LA,2026-10-13T00:15:00.000000+0000,1.2783289332048455,0.2,0.48,ACTIVE,false,,-0.001572536877341571,3.249939297496737
2026,5,2026-10-08T04:01:14.172151+0000,c536dff,offense,00-0040198,4711533,Ollie Gordon II,RB,MIA,CIN,2026-10-11T17:00:00.000000+0000,7.278692495317444,7.06,10.9,ACTIVE,false,,0.9561062254601614,15.98782096756282
2026,5,2026-10-08T04:01:14.172151+0000,c536dff,offense,00-0040203,4429955,Will Howard,QB,PIT,IND,2026-10-11T17:00:00.000000+0000,3.3829766361336393,13.201125343092396,0.0,ACTIVE,false,,-0.1560076826437808,14.476029405417574
2026,5,2026-10-08T04:01:14.172151+0000,c536dff,offense,00-0040206,4683423,Riley Leonard,QB,IND,PIT,2026-10-11T17:00:00.000000+0000,4.421993519405325,6.2,0.0,ACTIVE,false,,-0.09940209272285885,17.147690848181224
2026,5,2026-10-08T04:01:14.172151+0000,c536dff,offense,00-0040208,4429299,Tahj Brooks,RB,CIN,MIA,2026-10-11T17:00:00.000000+0000,1.1170307594684892,0.7200000000000001,0.01,ACTIVE,false,,-0.0004630247734246661,3.0703911432308617
2026,5,2026-10-08T04:01:14.172151+0000,c536dff,offense,00-0040215,4708049,Gavin Bartholomew,TE,MIN,NO,2026-10-11T17:00:00.000000+0000,1.265205528704688,0.7,1.02,ACTIVE,false,,-1.1010877630837873e-6,2.965086672285007
2026,5,2026-10-08T04:01:14.172151+0000,c536dff,offense,00-0040225,4590292,Thomas Fidone II,TE,NYG,WAS,2026-10-11T17:00:00.000000+0000,0.8595543255043936,0.0,0.0,ACTIVE,false,,-0.005423877384227056,1.8508966828891635
2026,5,2026-10-08T04:01:14.172151+0000,c536dff,offense,00-0040234,4889929,Quinn Ewers,QB,JAX,PHI,2026-10-11T13:30:00.000000+0000,4.384862393485704,6.636,0.0,ACTIVE,false,,-0.12831200917375776,17.006052395909812
2026,5,2026-10-08T04:01:14.172151+0000,c536dff,offense,00-0040236,4608686,Kyle Monangai,RB,CHI,GB,2026-10-11T17:00:00.000000+0000,11.757908223809427,13.040000000000001,10.59,QUESTIONABLE,false,,3.701755196086406,21.39469477158999
2026,5,2026-10-08T04:01:14.172151+0000,c536dff,offense,00-0040237,4608810,Tez Johnson,WR,TB,DAL,2026-10-09T00:15:00.000000+0000,4.338216488149482,3.04,3.98,ACTIVE,false,,-0.011583252358197429,11.59775043069109
2026,5,2026-10-08T04:01:14.172151+0000,c536dff,offense,00-0040238,4911851,LeQuint Allen Jr.,RB,JAX,PHI,2026-10-11T13:30:00.000000+0000,1.5009581100289215,0.58,1.07,ACTIVE,false,,2.7007061642066927e-6,5.420667662616298
2026,5,2026-10-08T04:01:14.172151+0000,c536dff,offense,00-0040242,4575131,Jacory Croskey-Merritt,RB,WAS,NYG,2026-10-11T17:00:00.000000+0000,8.741620884871502,6.720000000000001,8.95,QUESTIONABLE,false,,1.7336798445948478,17.642716417586904
2026,5,2026-10-08T04:01:14.172151+0000,c536dff,offense,00-0040277,5160110,Jahdae Walker,WR,CHI,GB,2026-10-11T17:00:00.000000+0000,1.7627505389575864,3.7399999999999993,0.0,ACTIVE,false,,-2.943856783471777e-6,5.664219417644741
2026,5,2026-10-08T04:01:14.172151+0000,c536dff,offense,00-0040363,4688552,Keleki Latu,TE,BUF,LA,2026-10-13T00:15:00.000000+0000,0.8805277889222511,1.22,0.0,ACTIVE,false,,-1.4833530001162811e-6,0.9016823469220118
2026,5,2026-10-08T04:01:14.172151+0000,c536dff,offense,00-0040390,4602788,Jackson Meeks,TE,DET,ARI,2026-10-11T20:25:00.000000+0000,0.9623716374669933,0.45,0.0,ACTIVE,false,,-0.0070896390228924544,2.7309974254951865
2026,5,2026-10-08T04:01:14.172151+0000,c536dff,offense,00-0040398,4429435,Brady Cook,QB,MIA,CIN,2026-10-11T17:00:00.000000+0000,5.8796703219982955,5.692,0.0,ACTIVE,false,,-0.19132483710091042,17.186795955842893
2026,5,2026-10-08T04:01:14.172151+0000,c536dff,offense,00-0040405,4892576,Jamaal Pritchett,WR,NYJ,CLE,2026-10-11T17:00:00.000000+0000,0.9767559926597831,0.0,,,false,,-4.991772429745917e-17,3.119695716300147
2026,5,2026-10-08T04:01:14.172151+0000,c536dff,offense,00-0040464,4429020,DJ Uiagalelei,QB,LAC,DEN,2026-10-11T20:05:00.000000+0000,3.578776813999787,13.201125343092396,,,false,,-0.1560076826437808,14.517270969753703
2026,5,2026-10-08T04:01:14.172151+0000,c536dff,offense,00-0040466,4601080,Raheim Sanders,RB,CLE,NYJ,2026-10-11T17:00:00.000000+0000,5.291902182209697,4.94,5.12,ACTIVE,false,,0.04674898634342376,12.334499478061336
2026,5,2026-10-08T04:01:14.172151+0000,c536dff,offense,00-0040494,4573398,Max Brosmer,QB,MIN,NO,2026-10-11T17:00:00.000000+0000,3.3782376866915236,0.6320000000000001,0.0,ACTIVE,false,,-0.50086767841293,13.720860832739291
2026,5,2026-10-08T04:01:14.172151+0000,c536dff,offense,00-0040506,4430656,Myles Price,WR,MIN,NO,2026-10-11T17:00:00.000000+0000,1.8891863148834773,1.7600000000000002,0.77,ACTIVE,false,,-0.007059982822904646,5.998479245237765
2026,5,2026-10-08T04:01:14.172151+0000,c536dff,offense,00-0040556,4431431,Corey Kiner,RB,NE,LV,2026-10-11T17:00:00.000000+0000,2.3156829852667657,1.9200000000000004,0.01,ACTIVE,false,,0.000029524395187106398,7.17799128590863
2026,5,2026-10-08T04:01:14.172151+0000,c536dff,offense,00-0040563,4695193,Efton Chism III,WR,NE,LV,2026-10-11T17:00:00.000000+0000,5.010806413493648,6.247999999999999,6.83,ACTIVE,false,,0.1429775622629858,11.5694330060037
2026,5,2026-10-08T04:01:14.172151+0000,c536dff,offense,00-0040583,4429059,Woody Marks,RB,HOU,TEN,2026-10-11T17:00:00.000000+0000,8.075346629866262,7.5200000000000005,7.64,ACTIVE,false,,1.0961213291982903,16.8456627916526
2026,5,2026-10-08T04:01:14.172151+0000,c536dff,offense,00-0040584,4686728,Gunnar Helm,TE,TEN,HOU,2026-10-11T17:00:00.000000+0000,5.137519692801099,3.62,5.85,ACTIVE,false,,0.0032216964400964133,9.596775597054668
2026,5,2026-10-08T04:01:14.172151+0000,c536dff,offense,00-0040589,4430431,Kurtis Rourke,QB,SF,SEA,2026-10-11T20:25:00.000000+0000,3.2551638066024804,13.201125343092396,0.0,ACTIVE,false,,-0.1560076826603063,13.508025124354951
2026,5,2026-10-08T04:01:14.172151+0000,c536dff,offense,00-0040590,4710855,Konata Mumpfield,WR,LA,BUF,2026-10-13T00:15:00.000000+0000,5.876421272487034,4.64,1.69,QUESTIONABLE,false,,0.18325647486673738,13.935788111209527
2026,5,2026-10-08T04:01:14.172151+0000,c536dff,offense,00-0040598,,Mark Redman,TE,GB,CHI,2026-10-11T17:00:00.000000+0000,3.1631407300779295,4.9,,,false,,-0.017203083922851532,5.782185980017127
2026,5,2026-10-08T04:01:14.172151+0000,c536dff,offense,00-0040621,4600597,Montorie Foster Jr,WR,SEA,SF,2026-10-11T20:25:00.000000+0000,0.9658346268572858,0.0,0.0,ACTIVE,false,,-4.991772429745917e-17,2.8166749201066685
2026,5,2026-10-08T04:01:14.172151+0000,c536dff,offense,00-0040648,4597703,Tory Horton,WR,SEA,SF,2026-10-11T20:25:00.000000+0000,4.323600699737876,7.24,2.73,ACTIVE,false,,0.06865403840245067,11.223215770778399
2026,5,2026-10-08T04:01:14.172151+0000,c536dff,offense,00-0040663,5083076,Harold Fannin Jr.,TE,CLE,NYJ,2026-10-11T17:00:00.000000+0000,10.625914066767367,12.26,11.97,ACTIVE,false,,1.79975162974703,19.86236459588963
2026,5,2026-10-08T04:01:14.172151+0000,c536dff,offense,00-0040666,4685382,Omarion Hampton,RB,LAC,DEN,2026-10-11T20:05:00.000000+0000,12.18031384256798,12.940000000000001,11.56,ACTIVE,false,,3.5021914855764744,22.299736839644517
2026,5,2026-10-08T04:01:14.172151+0000,c536dff,offense,00-0040667,4701936,Matthew Golden,WR,GB,CHI,2026-10-11T17:00:00.000000+0000,12.72170762091873,11.959999999999999,12.72,ACTIVE,false,,4.259389533553984,23.829375229836607
2026,5,2026-10-08T04:01:14.172151+0000,c536dff,offense,00-0040668,4432762,Shedeur Sanders,QB,CLE,NYJ,2026-10-11T17:00:00.000000+0000,6.435911330636521,5.828000000000001,0.0,ACTIVE,false,,-0.26993045972756424,17.77416043640396
2026,5,2026-10-08T04:01:14.172151+0000,c536dff,offense,00-0040669,5123663,Isaac TeSlaa,WR,DET,ARI,2026-10-11T20:25:00.000000+0000,7.628402348364286,6.1,7.59,ACTIVE,false,,1.0287318764863032,17.715070110323403
2026,5,2026-10-08T04:01:14.172151+0000,c536dff,offense,00-0040673,4432734,Jalen Milroe,QB,SEA,SF,2026-10-11T20:25:00.000000+0000,1.6201498230882667,-0.5333333333333333,0.0,ACTIVE,false,,-0.21619561765650985,6.924842197365303
2026,5,2026-10-08T04:01:14.172151+0000,c536dff,offense,00-0040676,4688380,Cam Ward,QB,TEN,HOU,2026-10-11T17:00:00.000000+0000,13.00613649966718,13.184000000000001,13.16,ACTIVE,false,,4.012984766370215,24.637444953867288
2026,5,2026-10-08T04:01:14.172151+0000,c536dff,offense,00-0040705,4431268,Chimere Dike,WR,TEN,HOU,2026-10-11T17:00:00.000000+0000,1.816377992660432,2.2399999999999998,1.64,ACTIVE,false,,-4.814307379717199e-6,5.7657895337349325
2026,5,2026-10-08T04:01:14.172151+0000,c536dff,offense,00-0040715,4696981,Cam Skattebo,RB,NYG,WAS,2026-10-11T17:00:00.000000+0000,12.109400328330828,10.84,13.2,QUESTIONABLE,true,RB,2.6635481884584866,23.487564654428112
2026,5,2026-10-08T04:01:14.172151+0000,c536dff,offense,00-0040718,4685415,Travis Hunter,WR,JAX,PHI,2026-10-11T13:30:00.000000+0000,1.8042367191465958,0.0,0.06,ACTIVE,false,,-0.09529638818810982,5.751674505018046
2026,5,2026-10-08T04:01:14.172151+0000,c536dff,offense,00-0040719,4882093,Bhayshul Tuten,RB,JAX,PHI,2026-10-11T13:30:00.000000+0000,11.74773672292989,12.08,13.93,ACTIVE,false,,3.0458108715703944,21.31430481142863
2026,5,2026-10-08T04:01:14.172151+0000,c536dff,offense,00-0040727,4686612,Tre Harris,WR,LAC,DEN,2026-10-11T20:05:00.000000+0000,9.778419201142666,7.74,6.83,ACTIVE,false,,1.2973349113906838,18.76637938828065
2026,5,2026-10-08T04:01:14.172151+0000,c536dff,offense,00-0040730,4568490,RJ Harvey,RB,DEN,LAC,2026-10-11T20:05:00.000000+0000,12.73279054170966,12.2,11.26,ACTIVE,false,,2.917403587282283,23.12980958894015
2026,5,2026-10-08T04:01:14.172151+0000,c536dff,offense,00-0040734,4432710,TreVeyon Henderson,RB,NE,LV,2026-10-11T17:00:00.000000+0000,8.662119907308098,9.44,10.54,ACTIVE,false,,0.8636995669078733,18.628553075007282
2026,5,2026-10-08T04:01:14.172151+0000,c536dff,offense,00-0040735,4685278,Luther Burden III,WR,CHI,GB,2026-10-11T17:00:00.000000+0000,11.095817914336909,10.879999999999999,12.27,ACTIVE,false,,3.2119422985740496,21.52898156004925
2026,5,2026-10-08T04:01:14.172151+0000,c536dff,offense,00-0040736,4808766,Mason Taylor,TE,NYJ,CLE,2026-10-11T17:00:00.000000+0000,3.6544315333765445,4.220000000000001,4.28,ACTIVE,false,,-0.031189487840148796,11.051133857543775
2026,5,2026-10-08T04:01:14.172151+0000,c536dff,offense,00-0040739,4678006,Elijah Arroyo,TE,SEA,SF,2026-10-11T20:25:00.000000+0000,1.29971660395784,0.54,0.51,ACTIVE,false,,-1.0589179169482457e-6,3.617830683444115
2026,5,2026-10-08T04:01:14.172151+0000,c536dff,offense,00-0040743,4360689,Tyler Shough,QB,NO,MIN,2026-10-11T17:00:00.000000+0000,16.206091083107943,21.416,16.49,QUESTIONABLE,false,,4.6833761707946175,26.922479346243982
2026,5,2026-10-08T04:01:14.172151+0000,c536dff,offense,00-0040782,4808839,Isaiah Bond,WR,CLE,NYJ,2026-10-11T17:00:00.000000+0000,1.3810895522218047,1.1800000000000002,0.51,ACTIVE,false,,-4.840651669341832e-6,4.66884240395441
2026,5,2026-10-08T04:01:14.172151+0000,c536dff,offense,00-0040784,4685702,Quinshon Judkins,RB,CLE,NYJ,2026-10-11T17:00:00.000000+0000,12.781575057604783,11.68,14.62,ACTIVE,false,,3.554312876626956,24.00587478281839
2026,5,2026-10-08T04:01:14.172151+0000,c536dff,offense,00-0040785,4384852,Dohnte Meyers,WR,CIN,MIA,2026-10-11T17:00:00.000000+0000,6.498525280602203,6.2250000000000005,6.73,ACTIVE,false,,0.6335933778007891,15.642808613516014
2026,5,2026-10-08T04:01:14.172151+0000,c536dff,offense,00-0040867,4870795,Makai Lemon,WR,PHI,JAX,2026-10-11T13:30:00.000000+0000,6.249686273627518,4.0,10.07,ACTIVE,false,,0.12130118346200604,14.308331979023972
2026,5,2026-10-08T04:01:14.172151+0000,c536dff,offense,00-0040876,5088338,Elijah Sarratt,WR,BAL,ATL,2026-10-12T00:20:00.000000+0000,2.9435350133059375,2.3,0.0,ACTIVE,false,,-0.004138150688562258,9.390726648716864
2026,5,2026-10-08T04:01:14.172151+0000,c536dff,offense,00-0040878,4686658,Mike Washington Jr.,RB,LV,NE,2026-10-11T17:00:00.000000+0000,4.480882100367544,4.7250000000000005,4.88,ACTIVE,false,,0.041216488509047924,11.085535780675636
2026,5,2026-10-08T04:01:14.172151+0000,c536dff,offense,00-0040879,4432260,Matthew Hibner,TE,BAL,ATL,2026-10-12T00:20:00.000000+0000,3.4673599645673243,4.5,3.26,ACTIVE,false,,-0.001836860034616383,8.437186598153177
2026,5,2026-10-08T04:01:14.172151+0000,c536dff,offense,00-0040886,4685555,Nicholas Singleton,RB,TEN,HOU,2026-10-11T17:00:00.000000+0000,2.1536256884410805,0.6,1.62,ACTIVE,false,,-0.0009250117954311632,6.636019340607563
2026,5,2026-10-08T04:01:14.172151+0000,c536dff,offense,00-0040887,4876132,Josh Cuevas,TE,BAL,ATL,2026-10-12T00:20:00.000000+0000,1.2702713734277606,0.6000000000000001,0.89,ACTIVE,false,,-1.1092852645296578e-6,2.7929354233304293
2026,5,2026-10-08T04:01:14.172151+0000,c536dff,offense,00-0040891,4879250,Cole Payton,QB,PHI,JAX,2026-10-11T13:30:00.000000+0000,3.449397114430426,13.201125343092396,0.0,ACTIVE,false,,-0.1560076826603063,14.117285495359774
2026,5,2026-10-08T04:01:14.172151+0000,c536dff,offense,00-0040894,5150247,Malik Benson,WR,LV,NE,2026-10-11T17:00:00.000000+0000,1.827360321951189,0.2,0.62,ACTIVE,false,,0.00005390802749022285,5.379121650963774
2026,5,2026-10-08T04:01:14.172151+0000,c536dff,offense,00-0040930,4808759,Camden Brown,WR,DAL,TB,2026-10-09T00:15:00.000000+0000,2.5407166550332843,6.382926774983303,0.0,ACTIVE,false,,-5.231756156429977e-7,9.300904596224326
2026,5,2026-10-08T04:01:14.172151+0000,c536dff,offense,00-0040948,4635009,J. Michael Sturdivant,WR,GB,CHI,2026-10-11T17:00:00.000000+0000,1.9793054747127343,1.7333333333333334,0.0,ACTIVE,false,,-0.002307708934891341,6.460685773936835
2026,5,2026-10-08T04:01:14.172151+0000,c536dff,offense,00-0040981,4429582,Joe Fagnano,QB,BAL,ATL,2026-10-12T00:20:00.000000+0000,3.371788502398951,13.201125343092396,0.0,ACTIVE,false,,-0.1560076826437808,14.414749243579493
2026,5,2026-10-08T04:01:14.172151+0000,c536dff,offense,00-0041027,4870808,Jeremiyah Love,RB,ARI,DET,2026-10-11T20:25:00.000000+0000,12.08526830171427,12.225,15.02,QUESTIONABLE,false,,2.93132200470922,22.3109551501024
2026,5,2026-10-08T04:01:14.172151+0000,c536dff,offense,00-0041032,5083315,Kenyon Sadiq,TE,NYJ,CLE,2026-10-11T17:00:00.000000+0000,7.99916993745123,9.65,9.5,ACTIVE,false,,0.9495159151658491,16.55823042019812
2026,5,2026-10-08T04:01:14.172151+0000,c536dff,offense,00-0041037,4832800,Denzel Boston,WR,CLE,NYJ,2026-10-11T17:00:00.000000+0000,12.182977377379029,13.85,11.91,ACTIVE,false,,2.574455520866991,22.823839078382168
2026,5,2026-10-08T04:01:14.172151+0000,c536dff,offense,00-0041040,5081432,Antonio Williams,WR,WAS,NYG,2026-10-11T17:00:00.000000+0000,8.03555302380794,7.6,6.01,ACTIVE,false,,1.0873063141629076,16.58184434355527
2026,5,2026-10-08T04:01:14.172151+0000,c536dff,offense,00-0041041,4702559,Oscar Delp,TE,NO,MIN,2026-10-11T17:00:00.000000+0000,1.337388538897178,0.6,0.0,ACTIVE,false,,-1.09930489408233e-6,2.903527214635491
2026,5,2026-10-08T04:01:14.172151+0000,c536dff,offense,00-0041042,4682648,Malachi Fields,WR,NYG,WAS,2026-10-11T17:00:00.000000+0000,7.166850942178738,6.65,7.75,ACTIVE,false,,0.7251072797623749,16.99818146645252
2026,5,2026-10-08T04:01:14.172151+0000,c536dff,offense,00-0041044,4870612,Zachariah Branch,WR,ATL,BAL,2026-10-12T00:20:00.000000+0000,2.6721145902580457,2.0250000000000004,3.06,ACTIVE,false,,-0.0010190256206071213,8.351771396502034
2026,5,2026-10-08T04:01:14.172151+0000,c536dff,offense,00-0041048,5220680,Ted Hurst III,WR,TB,DAL,2026-10-09T00:15:00.000000+0000,7.303347062615135,6.7,5.88,ACTIVE,false,,0.7251072797623749,16.7511339380035
2026,5,2026-10-08T04:01:14.172151+0000,c536dff,offense,00-0041051,4869748,Zavion Thomas,WR,CHI,GB,2026-10-11T17:00:00.000000+0000,1.2066417911212526,0.3666666666666667,0.57,ACTIVE,false,,-1.0911894551134448e-6,4.002682290519885
2026,5,2026-10-08T04:01:14.172151+0000,c536dff,offense,00-0041052,4696044,Kaelon Black,RB,SF,SEA,2026-10-11T20:25:00.000000+0000,4.454416844343239,3.375,5.19,QUESTIONABLE,false,,-0.012981997354091723,11.057878740892903
2026,5,2026-10-08T04:01:14.172151+0000,c536dff,offense,00-0041056,4685413,Cade Klubnik,QB,NYJ,CLE,2026-10-11T17:00:00.000000+0000,3.471968661978214,13.201125343092396,0.0,ACTIVE,false,,-0.1560076826437808,14.265993146738353
2026,5,2026-10-08T04:01:14.172151+0000,c536dff,offense,00-0041067,4879276,Bryce Lance,WR,NO,MIN,2026-10-11T17:00:00.000000+0000,5.810036004512674,2.6750000000000003,4.35,ACTIVE,false,,0.06693306864057215,12.735842901242965
2026,5,2026-10-08T04:01:14.172151+0000,c536dff,offense,00-0041069,5092508,Colbie Young,WR,CIN,MIA,2026-10-11T17:00:00.000000+0000,1.3024226400330148,0.9666666666666668,1.28,QUESTIONABLE,false,,-1.4532333224112392e-6,5.604403207442907
2026,5,2026-10-08T04:01:14.172151+0000,c536dff,offense,00-0041070,4869132,Reggie Virgil,WR,ARI,DET,2026-10-11T20:25:00.000000+0000,2.8798230397725453,6.382926774983303,0.0,ACTIVE,false,,-5.231756156429977e-7,9.76591925604182
2026,5,2026-10-08T04:01:14.172151+0000,c536dff,offense,00-0041077,4912052,Justin Joly,TE,MIA,CIN,2026-10-11T17:00:00.000000+0000,2.5199384578475685,4.0989866369710475,0.0,ACTIVE,false,,-5.231756156429977e-7,7.418161097816148
2026,5,2026-10-08T04:01:14.172151+0000,c536dff,offense,00-0041081,4878695,Max Bredeson,RB,MIN,NO,2026-10-11T17:00:00.000000+0000,0.9410110112976146,0.0,0.0,ACTIVE,false,,-4.991772429745917e-17,3.3156096229745824
2026,5,2026-10-08T04:01:14.172151+0000,c536dff,offense,00-0041084,4917427,Tanner Koziol,TE,JAX,PHI,2026-10-11T13:30:00.000000+0000,1.1365862078944586,0.0,0.0,ACTIVE,false,,-4.991772429745917e-17,1.6827678869532208
2026,5,2026-10-08T04:01:14.172151+0000,c536dff,offense,00-0041092,4431325,Taylen Green,QB,CLE,NYJ,2026-10-11T17:00:00.000000+0000,3.5803517999312384,13.201125343092396,0.0,ACTIVE,false,,-0.1560076826603063,14.103857925928349
2026,5,2026-10-08T04:01:14.172151+0000,c536dff,offense,00-0041094,4890373,Bauer Sharp,TE,TB,DAL,2026-10-09T00:15:00.000000+0000,1.0489804229445538,0.0,0.0,ACTIVE,false,,-4.991772429745917e-17,1.2197542637200245
2026,5,2026-10-08T04:01:14.172151+0000,c536dff,offense,00-0041096,4685246,Kaytron Allen,RB,WAS,NYG,2026-10-11T17:00:00.000000+0000,2.9102979661967043,1.366666666666667,0.0,ACTIVE,false,,-0.016536567740274673,9.193765516344675
2026,5,2026-10-08T04:01:14.172151+0000,c536dff,offense,00-0041099,4698597,Barion Brown,WR,NO,MIN,2026-10-11T17:00:00.000000+0000,1.3709956432040251,-0.06666666666666665,0.29,QUESTIONABLE,false,,-0.016540421454525493,3.6315320763233956
2026,5,2026-10-08T04:01:14.172151+0000,c536dff,offense,00-0041100,4879194,Josh Cameron,WR,JAX,PHI,2026-10-11T13:30:00.000000+0000,3.4106013256470815,6.1,5.5,ACTIVE,false,,-0.00781944827176053,9.553271861175267
2026,5,2026-10-08T04:01:14.172151+0000,c536dff,offense,00-0041104,4832846,Demond Claiborne,RB,MIN,NO,2026-10-11T17:00:00.000000+0000,2.1947338375085104,0.8333333333333334,2.48,ACTIVE,false,,-0.0007388203888495885,6.820157169596748
2026,5,2026-10-08T04:01:14.172151+0000,c536dff,offense,00-0041106,5085024,C.J. Williams,WR,JAX,PHI,2026-10-11T13:30:00.000000+0000,1.0110360824435667,0.0,,,false,,-4.991772429745917e-17,4.346334258972297
2026,5,2026-10-08T04:01:14.172151+0000,c536dff,offense,00-0041116,5085189,Jack Endries,TE,CIN,MIA,2026-10-11T17:00:00.000000+0000,0.8907336534502956,0.0,0.0,ACTIVE,false,,-4.991772429745917e-17,1.314782596294068
2026,5,2026-10-08T04:01:14.172151+0000,c536dff,offense,00-0041117,4432722,Athan Kaliakmanis,QB,WAS,NYG,2026-10-11T17:00:00.000000+0000,13.311654152680168,11.040000000000001,0.0,ACTIVE,false,,2.4299392921607796,24.38732016022102
2026,5,2026-10-08T04:01:14.172151+0000,c536dff,offense,00-0041123,4431465,Behren Morton,QB,NE,LV,2026-10-11T17:00:00.000000+0000,3.2867283167469328,13.201125343092396,0.0,ACTIVE,false,,-0.1560076826437808,13.52351052587392
2026,5,2026-10-08T04:01:14.172151+0000,c536dff,offense,00-0041125,4686468,Seth McGowan,RB,IND,PIT,2026-10-11T17:00:00.000000+0000,3.073042370538046,1.8000000000000003,3.34,ACTIVE,false,,-0.0025348223121846405,8.962717154671383
2026,5,2026-10-08T04:01:14.172151+0000,c536dff,offense,00-0041131,4685540,Carsen Ryan,TE,CLE,NYJ,2026-10-11T17:00:00.000000+0000,1.033130833966019,0.0,0.0,ACTIVE,false,,-4.991772429745917e-17,1.0495708928373948
2026,5,2026-10-08T04:01:14.172151+0000,c536dff,offense,00-0041132,4683151,Deion Burks,WR,IND,PIT,2026-10-11T17:00:00.000000+0000,2.05032055434743,1.0,,,false,,0.0007457607850615637,6.449983048776898
2026,5,2026-10-08T04:01:14.172151+0000,c536dff,offense,00-0041133,5159802,Dallen Bentley,TE,DEN,LAC,2026-10-11T20:05:00.000000+0000,2.49847677629881,4.0989866369710475,0.0,ACTIVE,false,,-5.231921411371814e-7,7.3982165820235615
2026,5,2026-10-08T04:01:14.172151+0000,c536dff,offense,00-0041178,5151317,Robert Henry Jr.,RB,SEA,SF,2026-10-11T20:25:00.000000+0000,2.583341610710139,7.43013821296476,,,false,,-5.231756156429977e-7,9.598631096527377
2026,5,2026-10-08T04:01:14.172151+0000,c536dff,offense,00-0041194,5344782,Jack Strand,QB,ATL,BAL,2026-10-12T00:20:00.000000+0000,3.949637350003407,-0.040000000000000036,0.0,ACTIVE,false,,-0.4279239034911935,17.279182001111106
2026,5,2026-10-08T04:01:14.172151+0000,c536dff,offense,00-0041251,4596472,Jalon Daniels,QB,TB,DAL,2026-10-09T00:15:00.000000+0000,9.465358248353468,5.16,12.93,ACTIVE,false,,0.4985347119444739,22.06240213489179
2026,5,2026-10-08T04:01:14.172151+0000,c536dff,offense,00-0041267,,Malik McClain,WR,NYJ,CLE,2026-10-11T17:00:00.000000+0000,0.9767559926597831,0.0,,,false,,-4.991772429745917e-17,3.119695716300147
2026,5,2026-10-08T04:01:14.172151+0000,c536dff,offense,00-0041314,4683308,Tanner Arkin,TE,NE,LV,2026-10-11T17:00:00.000000+0000,1.051312283015893,0.0,0.0,ACTIVE,false,,-4.991772429745917e-17,2.9902081175017052
2026,5,2026-10-08T04:01:14.172151+0000,c536dff,offense,00-0041326,5081999,CJ Donaldson,RB,NO,MIN,2026-10-11T17:00:00.000000+0000,2.6065203478012227,1.5500000000000003,2.26,ACTIVE,false,,-0.0006847756268358764,7.949490047431485
2026,5,2026-10-08T04:01:14.172151+0000,c536dff,offense,00-0041395,4831959,Eli Raridon,TE,NE,LV,2026-10-11T17:00:00.000000+0000,4.1176729036303374,4.466666666666667,3.31,ACTIVE,false,,0.05481913901683214,9.26585974517507
2026,5,2026-10-08T04:01:14.172151+0000,c536dff,offense,00-0041397,5081338,Kaden Wetjen,WR,PIT,IND,2026-10-11T17:00:00.000000+0000,1.1259848932494037,0.0,0.17,ACTIVE,false,,-4.991772429745917e-17,2.8506963906957252
2026,5,2026-10-08T04:01:14.172151+0000,c536dff,offense,00-0041398,4693370,Riley Nowakowski,RB,PIT,IND,2026-10-11T17:00:00.000000+0000,2.583341610710139,7.43013821296476,0.0,ACTIVE,false,,-5.231756156429977e-7,9.474147117348663
2026,5,2026-10-08T04:01:14.172151+0000,c536dff,offense,00-0041399,4605951,CJ Daniels,WR,LA,BUF,2026-10-13T00:15:00.000000+0000,2.7966767869325935,6.382926774983303,0.0,ACTIVE,false,,-5.231756156429977e-7,9.689660070745482
2026,5,2026-10-08T04:01:14.172151+0000,c536dff,offense,00-0041415,5082269,Dean Connors,RB,LA,BUF,2026-10-13T00:15:00.000000+0000,1.13096685131794,0.0,,,false,,-4.991772429745917e-17,3.051012090783188
2026,5,2026-10-08T04:01:14.172151+0000,c536dff,offense,00-0041436,4685116,DJ Herman,RB,MIA,CIN,2026-10-11T17:00:00.000000+0000,2.0771233344524958,1.4,,,false,,-0.004772193272828396,6.291031123542922
2026,5,2026-10-08T04:01:14.172151+0000,c536dff,offense,00-0041438,4871023,Carnell Tate,WR,TEN,HOU,2026-10-11T17:00:00.000000+0000,11.77080756183901,11.7,13.51,ACTIVE,false,,2.7290819332700496,22.00443325327627
2026,5,2026-10-08T04:01:14.172151+0000,c536dff,offense,00-0041443,4683153,Skyler Bell,WR,BUF,LA,2026-10-13T00:15:00.000000+0000,2.6431191042309763,6.382926774983303,0.0,ACTIVE,false,,-5.231756156429977e-7,9.682488101420773
2026,5,2026-10-08T04:01:14.172151+0000,c536dff,offense,00-0041472,4695705,Marlin Klein,TE,HOU,TEN,2026-10-11T17:00:00.000000+0000,1.072305726012501,0.8666666666666667,0.0,ACTIVE,false,,-1.7059226758183995e-6,2.6508989684980633
2026,5,2026-10-08T04:01:14.172151+0000,c536dff,offense,00-0041489,4685261,Germie Bernard,WR,PIT,IND,2026-10-11T17:00:00.000000+0000,4.0654475740022615,3.25,1.67,ACTIVE,false,,-0.004138150688562258,11.741416212647755
2026,5,2026-10-08T04:01:14.172151+0000,c536dff,offense,00-0041490,5081508,Eli Heidenreich,RB,PIT,IND,2026-10-11T17:00:00.000000+0000,0.9658346268572858,0.0,0.0,ACTIVE,false,,-4.991772429745917e-17,2.764425875820076
2026,5,2026-10-08T04:01:14.172151+0000,c536dff,offense,00-0041503,4686248,Nate Boerkircher,TE,JAX,PHI,2026-10-11T13:30:00.000000+0000,2.0382268194462494,1.1,2.77,ACTIVE,false,,7.737030949258351e-6,5.863960886801896
2026,5,2026-10-08T04:01:14.172151+0000,c536dff,offense,00-0041510,4833029,Max Klare,TE,LA,BUF,2026-10-13T00:15:00.000000+0000,1.0776665270510628,0.0,0.0,ACTIVE,false,,-4.991772429745917e-17,1.0994573734926276
2026,5,2026-10-08T04:01:14.172151+0000,c536dff,offense,00-0041523,4869645,Caleb Douglas,WR,MIA,CIN,2026-10-11T17:00:00.000000+0000,8.205801181060533,9.15,0.0,QUESTIONABLE,false,,1.1425184778557622,18.895789673414363
2026,5,2026-10-08T04:01:14.172151+0000,c536dff,offense,00-0041524,4880236,Will Kacmarek,TE,MIA,CIN,2026-10-11T17:00:00.000000+0000,2.0942985506187886,0.975,1.74,ACTIVE,false,,-2.873633273419522e-6,6.410638955705294
2026,5,2026-10-08T04:01:14.172151+0000,c536dff,offense,00-0041525,4869961,Chris Bell,WR,MIA,CIN,2026-10-11T17:00:00.000000+0000,5.607476877098221,3.55,9.03,QUESTIONABLE,false,,0.06701020986755868,14.370256585417312
2026,5,2026-10-08T04:01:14.172151+0000,c536dff,offense,00-0041529,4685307,Kevin Coleman Jr.,WR,MIA,CIN,2026-10-11T17:00:00.000000+0000,3.6339338492633377,0.65,6.62,ACTIVE,false,,-0.0025474766463259558,10.94692523766219
2026,5,2026-10-08T04:01:14.172151+0000,c536dff,offense,00-0041547,4870653,KC Concepcion,WR,CLE,NYJ,2026-10-11T17:00:00.000000+0000,10.35615694834177,7.575,10.51,ACTIVE,false,,2.0429098968896477,20.72389219638932
2026,5,2026-10-08T04:01:14.172151+0000,c536dff,offense,00-0041550,4685553,Brenen Thompson,WR,LAC,DEN,2026-10-11T20:05:00.000000+0000,2.072780028705241,1.15,1.33,QUESTIONABLE,false,,-0.014863306016418769,7.11838438637354
2026,5,2026-10-08T04:01:14.172151+0000,c536dff,offense,00-0041558,4685504,Sam Roush,TE,CHI,GB,2026-10-11T17:00:00.000000+0000,2.444251805845929,1.575,1.56,ACTIVE,false,,-0.0025064187130929283,6.663783672522976
2026,5,2026-10-08T04:01:14.172151+0000,c536dff,offense,00-0041561,4430841,Carson Beck,QB,ARI,DET,2026-10-11T20:25:00.000000+0000,3.4685969111800636,13.201125343092396,0.0,ACTIVE,false,,-0.1560076826437808,15.200004951068024
2026,5,2026-10-08T04:01:14.172151+0000,c536dff,offense,00-0041562,4837248,Fernando Mendoza,QB,LV,NE,2026-10-11T17:00:00.000000+0000,3.2551638066024804,13.201125343092396,0.0,ACTIVE,false,,-0.1560076826603063,13.676223461130316
2026,5,2026-10-08T04:01:14.172151+0000,c536dff,offense,00-0041565,4714771,Drew Allar,QB,PIT,IND,2026-10-11T17:00:00.000000+0000,3.3829766361336393,13.201125343092396,0.0,ACTIVE,false,,-0.1560076826437808,14.476029405417574
2026,5,2026-10-08T04:01:14.172151+0000,c536dff,offense,00-0041568,4685522,Ty Simpson,QB,LA,BUF,2026-10-13T00:15:00.000000+0000,3.4685969111800636,13.201125343092396,0.0,ACTIVE,false,,-0.1560076826437808,14.434127944059163
2026,5,2026-10-08T04:01:14.172151+0000,c536dff,offense,00-0041579,4714379,Seydou Traore,TE,MIA,CIN,2026-10-11T17:00:00.000000+0000,2.5199384578475685,4.0989866369710475,0.0,ACTIVE,false,,-5.231756156429977e-7,7.418161097816148
2026,5,2026-10-08T04:01:14.172151+0000,c536dff,k,00-0025565,10621,Nick Folk,K,ATL,BAL,2026-10-12T00:20:00.000000+0000,10.099419972875932,6.8,8.83,ACTIVE,false,,2.442594807672482,18.233140616534197
2026,5,2026-10-08T04:01:14.172151+0000,c536dff,k,00-0031136,17372,Chris Boswell,K,PIT,IND,2026-10-11T17:00:00.000000+0000,8.796029100488251,7.6,8.47,ACTIVE,false,,2.3892505714643453,16.04846462971148
2026,5,2026-10-08T04:01:14.172151+0000,c536dff,k,00-0031203,17427,Cairo Santos,K,CHI,GB,2026-10-11T17:00:00.000000+0000,9.116893656000405,7.4,8.47,ACTIVE,false,,3.390121835037006,16.242785793763677
2026,5,2026-10-08T04:01:14.172151+0000,c536dff,k,00-0031492,2473037,Jason Myers,K,SEA,SF,2026-10-11T20:25:00.000000+0000,10.380858578826935,7.0,8.8,ACTIVE,false,,3.487365837177823,17.775669774073922
2026,5,2026-10-08T04:01:14.172151+0000,c536dff,k,00-0032569,2985659,Wil Lutz,K,DEN,LAC,2026-10-11T20:05:00.000000+0000,9.319579432568053,7.2,7.41,ACTIVE,false,,1.9350370553903127,16.531666408541
2026,5,2026-10-08T04:01:14.172151+0000,c536dff,k,00-0032726,2971573,Ka'imi Fairbairn,K,HOU,TEN,2026-10-11T17:00:00.000000+0000,10.200251846571767,12.4,8.99,ACTIVE,false,,3.324651105416518,19.222881423375746
2026,5,2026-10-08T04:01:14.172151+0000,c536dff,k,00-0033787,3050478,Jake Elliott,K,PHI,JAX,2026-10-11T13:30:00.000000+0000,9.59424088187199,6.0,7.45,ACTIVE,false,,2.9463808986987865,16.30983331898131
2026,5,2026-10-08T04:01:14.172151+0000,c536dff,k,00-0034161,3051909,Daniel Carlson,K,NO,MIN,2026-10-11T17:00:00.000000+0000,8.402986098014422,8.6,8.01,ACTIVE,false,,1.715665308743675,16.39961387506694
2026,5,2026-10-08T04:01:14.172151+0000,c536dff,k,00-0034173,4034949,Eddy Pineiro,K,SF,SEA,2026-10-11T20:25:00.000000+0000,10.484266313989773,6.4,8.56,ACTIVE,false,,3.296433773702328,17.669510872150084
2026,5,2026-10-08T04:01:14.172151+0000,c536dff,k,00-0034794,3124679,Jason Sanders,K,NYJ,CLE,2026-10-11T17:00:00.000000+0000,9.120330362297858,7.6,8.18,ACTIVE,false,,2.2076784449769296,17.07488362427825
2026,5,2026-10-08T04:01:14.172151+0000,c536dff,k,00-0035192,3124084,Joey Slye,K,TEN,HOU,2026-10-11T17:00:00.000000+0000,7.989516197881852,3.4,7.38,ACTIVE,false,,1.836330985532427,15.939988683384879
2026,5,2026-10-08T04:01:14.172151+0000,c536dff,k,00-0035269,4249087,Matt Gay,K,LV,NE,2026-10-11T17:00:00.000000+0000,8.201031129089282,10.8,7.96,ACTIVE,false,,1.94076071349056,16.04726131107405
2026,5,2026-10-08T04:01:14.172151+0000,c536dff,k,00-0035358,3150744,Chase McLaughlin,K,TB,DAL,2026-10-09T00:15:00.000000+0000,8.453486561358368,10.2,8.0,ACTIVE,false,,1.3941712485462134,15.446453100465146
2026,5,2026-10-08T04:01:14.172151+0000,c536dff,k,00-0036162,3917232,Tyler Bass,K,BUF,LA,2026-10-13T00:15:00.000000+0000,9.125838342237776,7.4,7.92,ACTIVE,false,,3.476212004559804,15.980659910172587
2026,5,2026-10-08T04:01:14.172151+0000,c536dff,k,00-0036816,4243371,Riley Patterson,K,MIA,CIN,2026-10-11T17:00:00.000000+0000,9.061787026608437,5.4,7.25,ACTIVE,false,,2.0724889467898504,15.757381303829323
2026,5,2026-10-08T04:01:14.172151+0000,c536dff,k,00-0036854,4360234,Evan McPherson,K,CIN,MIA,2026-10-11T17:00:00.000000+0000,10.504543006427784,9.4,8.69,ACTIVE,false,,3.3244180484813515,18.952053036167886
2026,5,2026-10-08T04:01:14.172151+0000,c536dff,k,00-0037224,4362081,Cameron Dicker,K,LAC,DEN,2026-10-11T20:05:00.000000+0000,8.810973912040282,5.4,8.85,ACTIVE,false,,1.8690689040943456,16.50867169559941
2026,5,2026-10-08T04:01:14.172151+0000,c536dff,k,00-0037692,3953687,Brandon Aubrey,K,DAL,TB,2026-10-09T00:15:00.000000+0000,11.064292066153474,8.6,10.8,ACTIVE,true,K,3.711549704583025,18.948186142565234
2026,5,2026-10-08T04:01:14.172151+0000,c536dff,k,00-0038428,4258620,Andre Szmyt,K,CLE,NYJ,2026-10-11T17:00:00.000000+0000,9.036436244805527,9.4,7.91,ACTIVE,false,,2.3068349827608876,16.7710540771432
2026,5,2026-10-08T04:01:14.172151+0000,c536dff,k,00-0038567,4363538,Chad Ryland,K,ARI,DET,2026-10-11T20:25:00.000000+0000,8.936490781951294,10.0,8.96,ACTIVE,false,,2.4925173436791175,16.017527291809113
2026,5,2026-10-08T04:01:14.172151+0000,c536dff,k,00-0039172,4689936,Jake Bates,K,DET,ARI,2026-10-11T20:25:00.000000+0000,10.048719421598765,10.4,9.12,ACTIVE,false,,3.652082502884738,17.48028648870188
2026,5,2026-10-08T04:01:14.172151+0000,c536dff,k,00-0039404,4567104,Will Reichard,K,MIN,NO,2026-10-11T17:00:00.000000+0000,8.253191878862769,12.6,9.53,ACTIVE,false,,1.6119093737937753,15.426383550454585
2026,5,2026-10-08T04:01:14.172151+0000,c536dff,k,00-0039409,4686361,Cam Little,K,JAX,PHI,2026-10-11T13:30:00.000000+0000,10.504143281842634,10.6,9.72,ACTIVE,false,,3.7578877425474864,18.53163371795955
2026,5,2026-10-08T04:01:14.172151+0000,c536dff,k,00-0039498,4574716,Harrison Mevis,K,LA,BUF,2026-10-13T00:15:00.000000+0000,9.217772107671895,8.2,9.43,ACTIVE,false,,2.3695771960898258,15.404155720884443
2026,5,2026-10-08T04:01:14.172151+0000,c536dff,k,00-0039576,4571557,Spencer Shrader,K,IND,PIT,2026-10-11T17:00:00.000000+0000,9.827068075593383,11.2,8.87,ACTIVE,false,,1.6657628926537442,16.279709380250313
2026,5,2026-10-08T04:01:14.172151+0000,c536dff,k,00-0040074,4697745,Tyler Loop,K,BAL,ATL,2026-10-12T00:20:00.000000+0000,9.66854260240901,9.0,7.95,ACTIVE,false,,2.085983546766079,16.331041066092528
2026,5,2026-10-08T04:01:14.172151+0000,c536dff,k,00-0040200,4569923,Andy Borregales,K,NE,LV,2026-10-11T17:00:00.000000+0000,9.81719610239191,6.4,7.57,ACTIVE,false,,3.0593590296159237,17.35241888900742
2026,5,2026-10-08T04:01:14.172151+0000,c536dff,k,00-0040899,4869461,Trey Smack,K,GB,CHI,2026-10-11T17:00:00.000000+0000,8.182510110643486,7.25,8.39,ACTIVE,false,,1.0500870792933665,16.331298041237147
2026,5,2026-10-08T04:01:14.172151+0000,c536dff,k,00-0041145,5082424,Dominic Zvada,K,NYG,WAS,2026-10-11T17:00:00.000000+0000,8.466585860800862,9.5,8.14,ACTIVE,false,,1.405917694582087,15.420830899959867
2026,5,2026-10-08T04:01:14.172151+0000,c536dff,k,00-0041182,5081335,Drew Stevens,K,WAS,NYG,2026-10-11T17:00:00.000000+0000,9.95580329143067,7.75,8.44,ACTIVE,false,,2.349015747807718,17.574873344577
2026,5,2026-10-08T04:01:14.172151+0000,c536dff,dst,ARI,-16022,ARI D/ST,D/ST,ARI,DET,2026-10-11T20:25:00.000000+0000,1.9869409269607388,3.0,2.37,,false,,-4.867617325064144,12.081243925319006
2026,5,2026-10-08T04:01:14.172151+0000,c536dff,dst,ATL,-16001,ATL D/ST,D/ST,ATL,BAL,2026-10-12T00:20:00.000000+0000,6.9260974888419,5.8,6.93,,false,,-1.3138890171908109,14.244463846313334
2026,5,2026-10-08T04:01:14.172151+0000,c536dff,dst,BAL,-16033,BAL D/ST,D/ST,BAL,ATL,2026-10-12T00:20:00.000000+0000,4.23332605274274,4.8,2.66,NORMAL,false,,-2.737102441917809,12.457114318025281
2026,5,2026-10-08T04:01:14.172151+0000,c536dff,dst,BUF,-16002,BUF D/ST,D/ST,BUF,LA,2026-10-13T00:15:00.000000+0000,1.3372155035125224,4.0,3.3,,false,,-5.766796424866462,10.60674760397816
2026,5,2026-10-08T04:01:14.172151+0000,c536dff,dst,CHI,-16003,CHI D/ST,D/ST,CHI,GB,2026-10-11T17:00:00.000000+0000,6.516042768932828,6.8,5.46,,false,,-0.26607809522741155,14.815378545979895
2026,5,2026-10-08T04:01:14.172151+0000,c536dff,dst,CIN,-16004,CIN D/ST,D/ST,CIN,MIA,2026-10-11T17:00:00.000000+0000,7.110784881369793,8.8,6.8,,false,,-1.5208428967405905,16.068809343290926
2026,5,2026-10-08T04:01:14.172151+0000,c536dff,dst,CLE,-16005,CLE D/ST,D/ST,CLE,NYJ,2026-10-11T17:00:00.000000+0000,7.310283577587764,7.0,5.71,,false,,-0.834431683924402,15.829763782935048
2026,5,2026-10-08T04:01:14.172151+0000,c536dff,dst,DAL,-16006,DAL D/ST,D/ST,DAL,TB,2026-10-09T00:15:00.000000+0000,7.724578421698145,1.0,7.42,NORMAL,true,D/ST,-0.5143581945373864,16.055238969104384
2026,5,2026-10-08T04:01:14.172151+0000,c536dff,dst,DEN,-16007,DEN D/ST,D/ST,DEN,LAC,2026-10-11T20:05:00.000000+0000,7.820727129834489,8.2,6.15,NORMAL,false,,-0.1885729132215076,15.912852843249567
2026,5,2026-10-08T04:01:14.172151+0000,c536dff,dst,DET,-16008,DET D/ST,D/ST,DET,ARI,2026-10-11T20:25:00.000000+0000,3.458219287990949,2.6,5.11,,false,,-3.3754930404755203,11.696864125568787
2026,5,2026-10-08T04:01:14.172151+0000,c536dff,dst,GB,-16009,GB D/ST,D/ST,GB,CHI,2026-10-11T17:00:00.000000+0000,2.320642467462641,3.8,3.81,,false,,-4.800043202959095,11.584424517534597
2026,5,2026-10-08T04:01:14.172151+0000,c536dff,dst,HOU,-16034,HOU D/ST,D/ST,HOU,TEN,2026-10-11T17:00:00.000000+0000,8.107128560066503,5.4,6.69,NORMAL,false,,1.2092189419553108,16.105424149888776
2026,5,2026-10-08T04:01:14.172151+0000,c536dff,dst,IND,-16011,IND D/ST,D/ST,IND,PIT,2026-10-11T17:00:00.000000+0000,3.9660189548715574,0.4,5.13,,false,,-2.8351973802931574,11.744885008019967
2026,5,2026-10-08T04:01:14.172151+0000,c536dff,dst,JAX,-16030,JAX D/ST,D/ST,JAX,PHI,2026-10-11T13:30:00.000000+0000,9.37794976413486,9.2,7.21,NORMAL,false,,0.32511038259181246,15.861004060257853
2026,5,2026-10-08T04:01:14.172151+0000,c536dff,dst,LA,-16014,LA D/ST,D/ST,LA,BUF,2026-10-13T00:15:00.000000+0000,3.502120055649091,6.8,4.44,NORMAL,false,,-3.0470965527906335,10.940749342040005
2026,5,2026-10-08T04:01:14.172151+0000,c536dff,dst,LAC,-16024,LAC D/ST,D/ST,LAC,DEN,2026-10-11T20:05:00.000000+0000,4.570330856608272,6.4,4.78,NORMAL,false,,-2.922044260885543,14.142293952839667
2026,5,2026-10-08T04:01:14.172151+0000,c536dff,dst,LV,-16013,LV D/ST,D/ST,LV,NE,2026-10-11T17:00:00.000000+0000,2.1957006709400693,11.4,4.85,,false,,-3.4141747087476473,11.585891873153589
2026,5,2026-10-08T04:01:14.172151+0000,c536dff,dst,MIA,-16015,MIA D/ST,D/ST,MIA,CIN,2026-10-11T17:00:00.000000+0000,4.18208570957299,0.6,3.37,,false,,-3.024071814248905,12.507312642123372
2026,5,2026-10-08T04:01:14.172151+0000,c536dff,dst,MIN,-16016,MIN D/ST,D/ST,MIN,NO,2026-10-11T17:00:00.000000+0000,7.521467303838625,12.2,6.75,NORMAL,false,,-1.6652101475699443,16.74703940737608
2026,5,2026-10-08T04:01:14.172151+0000,c536dff,dst,NE,-16017,NE D/ST,D/ST,NE,LV,2026-10-11T17:00:00.000000+0000,5.640710748140004,9.2,5.98,,false,,-1.0278107233123508,13.875061721514745
2026,5,2026-10-08T04:01:14.172151+0000,c536dff,dst,NO,-16018,NO D/ST,D/ST,NO,MIN,2026-10-11T17:00:00.000000+0000,7.5548177901088245,2.8,3.85,,false,,-1.286286859138287,14.688478498104649
2026,5,2026-10-08T04:01:14.172151+0000,c536dff,dst,NYG,-16019,NYG D/ST,D/ST,NYG,WAS,2026-10-11T17:00:00.000000+0000,3.730820475349936,7.0,3.76,,false,,-2.282887798932844,12.757129881105449
2026,5,2026-10-08T04:01:14.172151+0000,c536dff,dst,NYJ,-16020,NYJ D/ST,D/ST,NYJ,CLE,2026-10-11T17:00:00.000000+0000,6.739454581494156,2.2,7.51,,false,,-1.4111842067583642,14.058438915113433
2026,5,2026-10-08T04:01:14.172151+0000,c536dff,dst,PHI,-16021,PHI D/ST,D/ST,PHI,JAX,2026-10-11T13:30:00.000000+0000,3.6427914927180094,3.2,3.84,,false,,-4.156442063876987,11.53531980676904
2026,5,2026-10-08T04:01:14.172151+0000,c536dff,dst,PIT,-16023,PIT D/ST,D/ST,PIT,IND,2026-10-11T17:00:00.000000+0000,7.3871824649160445,8.0,6.76,NORMAL,false,,-0.34907977304263127,15.857084998488348
2026,5,2026-10-08T04:01:14.172151+0000,c536dff,dst,SEA,-16026,SEA D/ST,D/ST,SEA,SF,2026-10-11T20:25:00.000000+0000,4.377437181615237,10.4,3.86,NORMAL,false,,-1.406232921751564,13.343048018730494
2026,5,2026-10-08T04:01:14.172151+0000,c536dff,dst,SF,-16025,SF D/ST,D/ST,SF,SEA,2026-10-11T20:25:00.000000+0000,3.8326872771208893,5.4,5.0,NORMAL,false,,-2.964125647174095,12.036100131246343
2026,5,2026-10-08T04:01:14.172151+0000,c536dff,dst,TB,-16027,TB D/ST,D/ST,TB,DAL,2026-10-09T00:15:00.000000+0000,2.1451360359737928,7.0,3.19,,false,,-3.6009029125951324,11.374649535425961
2026,5,2026-10-08T04:01:14.172151+0000,c536dff,dst,TEN,-16010,TEN D/ST,D/ST,TEN,HOU,2026-10-11T17:00:00.000000+0000,6.141335743010737,2.8,4.68,,false,,-1.7384527218170538,13.874296355157925
2026,5,2026-10-08T04:01:14.172151+0000,c536dff,dst,WAS,-16028,WAS D/ST,D/ST,WAS,NYG,2026-10-11T17:00:00.000000+0000,9.360494167450613,4.6,7.3,,false,,-0.2126772000642695,16.548940072590444
